Workbook
Name _2010: [1]Ingresos!$A$63
Name _2011: [1]Ingresos!$A$75
Name _2012: [1]Ingresos!$A$87
Name _2013: [1]Ingresos!$A$99
Name _2014: [1]Ingresos!$A$111
Name _2015: [1]Ingresos!$A$123
Name _2016: [1]Ingresos!$A$135
Name _3.1_Total_variaciones_anuales_de_salarios_por_región: Índice!$B$15
Name _3.1_Total_variaciones_de_salarios_por_región: '3.1 V.A Salarios'!$A$10
Name _3.2_Total_variaciones_año_corrido_salarios_año_corrido: Índice!$B$16
Name _3.3_Total_variaciones_salarios_12_meses: '3.3 V.12Meses Salarios'!$A$10
Name _4.2_VAR_Trienales: Índice!#REF!
Name _fechaActualiza: #REF!
Name _fechaActualiza: #REF!
Name _fechaActualiza: #REF!
Name _fechaActualiza: #REF!
Name _fechaActualiza: #REF!
Name _fechaActualiza: #REF!
Name _fechaActualiza: #REF!
Name _fechaActualiza: #REF!
Name _fechaActualiza: #REF!
Name _fechaActualiza: #REF!
Name _fechaActualiza: #REF!
Name _fechaActualiza: #REF!
Name _fechaActualiza: #REF!
Name _fechaActualiza: #REF!
Name _fechaActualiza: #REF!
Name _fechaActualiza: #REF!
Name _fechaActualiza: #REF!
Name _fechaActualiza: #REF!
Name _FileSalida: #REF!
Name _FileSalida: #REF!
Name _FileSalida: #REF!
Name _FileSalida: #REF!
Name _FileSalida: #REF!
Name _FileSalida: #REF!
Name _FileSalida: #REF!
Name _FileSalida: #REF!
Name _FileSalida: #REF!
Name _FileSalida: #REF!
Name _FileSalida: #REF!
Name _FileSalida: #REF!
Name _FileSalida: #REF!
Name _FileSalida: #REF!
Name _FileSalida: #REF!
Name _FileSalida: #REF!
Name _FileSalida: #REF!
Name _FileSalida: #REF!
Name _um: #REF!
Name _um: #REF!
Name _um: #REF!
Name _um: #REF!
Name _um: #REF!
Name _um: #REF!
Name _um: #REF!
Name _um: #REF!
Name _um: #REF!
Name _um: #REF!
Name _um: #REF!
Name _um: #REF!

Sheet Índice
A4: ENCUESTA MENSUAL DE ALOJAMIENTO - EMA
A6: Temática de Servicios
A9: 1.1 | B9: Variaciones anuales de los ingresos reales
A10: 1.2 | B10: Variaciones año corrido de los ingresos reales
A11: 1.3 | B11: Variaciones 12 meses de los ingresos reales
A12: 2.1 | B12: Variaciones anuales del personal total y por categoría
A13: 2.2 | B13: Variaciones año corrido del personal total y por categoría
A14: 2.3 | B14: Variaciones 12 meses del personal total y por categoría
A15: 3.1 | B15: Total variaciones anuales de los salarios reales
A16: 3.2 | B16: Variaciones año corrido de los salarios reales
A17: 3.3 | B17: Variaciones 12 meses de los salarios reales
A18: 4.1 | B18: Variaciones cuatrienales de ingresos reales, personal ocupado y salarios
A19: 5.1 | B19: Porcentaje de ocupación por escala de habitación
A20: 5.2 | B20: Porcentaje de ocupación mensual
... A33: 10.2 | B33: Coeficientes de variación estimado porcentual Total regional

Sheet 1.1 V.A Ing.real
L4: Inicio
A7: ENCUESTA MENSUAL DE ALOJAMIENTO - EMA
A10: 1.1 Variaciones anuales de los ingresos reales
A11: Total nacional y 12 regiones
A12: Enero 2020 - junio 2023
A14: Año | B14: Meses | C14: Total nacional | D14: Bogotá D.C. | E14: Cartagena | F14: Central | G14: Caribe | H14: Eje Cafetero | I14: Antioquia | J14: San Andrés y Providencia | K14: Pacífico | L14: Santanderes | M14: Llanos Orinoquía | N14: Golfo de Morrosquillo y Sabana | O14: Amazonía
A15: 2020(p) | B15: Enero | C15: 8.1967281 | D15: 4.1467414 | E15: 10.435994 | F15: 3.8406836 | G15: 11.93649 | H15: 17.27755 | I15: 10.44138 | J15: 1.9028388 | K15: 8.3234261 | L15: 12.26889 | M15: -0.3067347 | N15: 11.291285 | O15: 13.939763
B16: Febrero | C16: 10.428449 | D16: 6.9182123 | E16: 9.6226209 | F16: 6.242826 | G16: 29.292856 | H16: 6.4132263 | I16: 14.181483 | J16: 10.424263 | K16: 6.8799719 | L16: 4.7508299 | M16: -3.969739 | N16: 5.3559698 | O16: 5.5832821
B17: Marzo | C17: -45.140552 | D17: -42.855218 | E17: -49.800372 | F17: -52.639079 | G17: -51.355605 | H17: -51.794764 | I17: -42.789891 | J17: -32.146477 | K17: -42.32482 | L17: -39.8188 | M17: -42.092035 | N17: -46.712462 | O17: -50.177607
B18: Abril | C18: -94.939363 | D18: -88.300777 | E18: -98.939745 | F18: -97.342983 | G18: -96.449881 | H18: -97.656197 | I18: -94.58228 | J18: -100 | K18: -95.281421 | L18: -92.163663 | M18: -94.868589 | N18: -98.51029 | O18: -95.548391
B19: Mayo | C19: -94.637033 | D19: -91.060351 | E19: -98.544875 | F19: -93.063484 | G19: -95.615601 | H19: -96.062376 | I19: -93.910449 | J19: -100 | K19: -93.616459 | L19: -91.703707 | M19: -92.198219 | N19: -98.099171 | O19: -95.162313
B20: Junio | C20: -92.892186 | D20: -86.687489 | E20: -98.219717 | F20: -96.310758 | G20: -94.029161 | H20: -97.040292 | I20: -90.953062 | J20: -100 | K20: -91.489448 | L20: -87.703051 | M20: -81.408533 | N20: -93.591938 | O20: -92.523643
B21: Julio | C21: -91.830439 | D21: -88.641558 | E21: -98.408892 | F21: -93.584297 | G21: -92.241414 | H21: -92.460284 | I21: -86.547205 | J21: -100 | K21: -87.689559 | L21: -82.81047 | M21: -72.821643 | N21: -88.474503 | O21: -90.87433
B22: Agosto | C22: -91.456809 | D22: -88.178083 | E22: -98.648906 | F22: -90.494722 | G22: -92.752885 | H22: -86.079945 | I22: -88.523784 | J22: -99.992703 | K22: -86.52842 | L22: -81.322453 | M22: -71.799247 | N22: -87.071053 | O22: -89.128444
B23: Septiembre | C23: -83.139775 | D23: -85.282075 | E23: -93.014037 | F23: -74.829423 | G23: -80.456933 | H23: -60.724504 | I23: -76.296098 | J23: -99.997765 | K23: -73.298505 | L23: -65.541355 | M23: -49.37887 | N23: -70.463779 | O23: -86.350197
B24: Octubre | C24: -64.552273 | D24: -78.027833 | E24: -66.696476 | F24: -43.845798 | G24: -47.134245 | H24: -31.532461 | I24: -59.322915 | J24: -87.167353 | K24: -59.251428 | L24: -48.427059 | M24: -13.732378 | N24: -51.905076 | O24: -85.226288
B25: Noviembre | C25: -58.453198 | D25: -69.240934 | E25: -65.467793 | F25: -41.420224 | G25: -44.096798 | H25: -30.674106 | I25: -54.081162 | J25: -76.086326 | K25: -47.487897 | L25: -38.571621 | M25: -17.70592 | N25: -33.314342 | O25: -81.633676
B26: Diciembre | C26: -49.127685 | D26: -61.322012 | E26: -57.681545 | F26: -32.291266 | G26: -33.562348 | H26: -23.823126 | I26: -43.974507 | J26: -59.813017 | K26: -44.692207 | L26: -35.637555 | M26: -20.17707 | N26: -23.168521 | O26: -78.97504
A27: 2021(p) | B27: Enero | C27: -45.582952 | D27: -67.218558 | E27: -50.636988 | F27: -33.560881 | G27: -20.055619 | H27: -31.47137 | I27: -46.669525 | J27: -49.356753 | K27: -49.089427 | L27: -26.353904 | M27: -18.376102 | N27: -19.714587 | O27: -70.822272
B28: Febrero | C28: -52.149651 | D28: -70.585246 | E28: -60.934753 | F28: -26.319473 | G28: -35.656609 | H28: -27.982265 | I28: -46.792713 | J28: -44.469016 | K28: -48.15367 | L28: -28.55244 | M28: -18.971101 | N28: -10.498681 | O28: -77.819966
B29: Marzo | C29: 14.872578 | D29: -35.041239 | E29: 18.17462 | F29: 114.5106 | G29: 58.70925 | H29: 84.601143 | I29: 20.406651 | J29: 4.6172003 | K29: 24.613944 | L29: 45.825006 | M29: 64.543621 | N29: 72.418151 | O29: -49.773298
B30: Abril | C30: 990.54654 | D30: 184.60632 | E30: 5543.4374 | F30: 2522.8841 | G30: 1437.3168 | H30: 3109.9877 | I30: 864.74315 | J30: - | K30: 1308.8679 | L30: 900.57506 | M30: 1351.3464 | N30: 4701.6777 | O30: 429.48575
B31: Mayo | C31: 809.78247 | D31: 227.92822 | E31: 3451.1201 | F31: 839.11498 | G31: 1488.3289 | H31: 1024.8611 | I31: 744.81774 | J31: - | K31: 501.82585 | L31: 728.78536 | M31: 789.25025 | N31: 3593.0647 | O31: 314.51001
B32: Junio | C32: 868.56572 | D32: 206.01719 | E32: 4451.7254 | F32: 2028.7108 | G32: 1519.878 | H32: 2375.299 | I32: 619.27595 | J32: - | K32: 538.84632 | L32: 507.2108 | M32: 536.6438 | N32: 1275.9844 | O32: 252.0486
B33: Julio | C33: 883.07794 | D33: 288.70776 | E33: 5653.9293 | F33: 1469.5041 | G33: 1321.402 | H33: 1222.1014 | I33: 502.81597 | J33: - | K33: 481.22767 | L33: 429.86195 | M33: 380.80453 | N33: 880.72621 | O33: 318.75249
B34: Agosto | C34: 821.49491 | D34: 315.08055 | E34: 6244.3616 | F34: 907.00211 | G34: 1274.7956 | H34: 536.15505 | I34: 584.1992 | J34: * | K34: 479.66067 | L34: 398.15826 | M34: 367.35013 | N34: 735.62637 | O34: 432.59979
B35: Septiembre | C35: 391.66597 | D35: 257.24632 | E35: 1248.9913 | F35: 313.01927 | G35: 443.4124 | H35: 166.08364 | I35: 263.82718 | J35: * | K35: 218.6663 | L35: 180.18945 | M35: 145.24363 | N35: 264.75208 | O35: 314.89337
B36: Octubre | C36: 173.44285 | D36: 177.82043 | E36: 235.05333 | F36: 117.18083 | G36: 170.33792 | H36: 68.715645 | I36: 145.89339 | J36: 663.03274 | K36: 115.76168 | L36: 115.04546 | M36: 54.854992 | N36: 139.6269 | O36: 354.68799
B37: Noviembre | C37: 131.86844 | D37: 127.33921 | E37: 202.89389 | F37: 72.117379 | G37: 112.6664 | H37: 55.456656 | I37: 120.43713 | J37: 323.49544 | K37: 108.77033 | L37: 72.854724 | M37: 52.176907 | N37: 95.903 | O37: 301.3334
B38: Diciembre | C38: 102.23313 | D38: 94.907325 | E38: 163.64361 | F38: 62.010846 | G38: 80.095196 | H38: 55.130596 | I38: 91.240445 | J38: 148.44625 | K38: 93.157088 | L38: 76.101571 | M38: 43.212633 | N38: 77.970756 | O38: 284.55256
A39: 2022(p) | B39: Enero | C39: 79.298886 | D39: 98.011705 | E39: 109.95449 | F39: 62.142505 | G39: 47.236301 | H39: 45.15592 | I39: 87.535721 | J39: 101.83948 | K39: 67.497578 | L39: 50.229834 | M39: 39.784176 | N39: 51.0056 | O39: 149.88497
B40: Febrero | C40: 84.890988 | D40: 121.32241 | E40: 147.25259 | F40: 38.911692 | G40: 51.631157 | H40: 41.463746 | I40: 77.925631 | J40: 75.07962 | K40: 60.683362 | L40: 41.886047 | M40: 24.492859 | N40: 28.2593 | O40: 284.58735
B41: Marzo | C41: 68.755549 | D41: 140.44915 | E41: 93.237628 | F41: 6.9803765 | G41: 56.736938 | H41: 23.854488 | I41: 67.55545 | J41: 45.512348 | K41: 39.204717 | L41: 33.155992 | M41: 8.8624599 | N41: 23.124363 | O41: 329.53363
B42: Abril | C42: 109.23225 | D42: 152.99557 | E42: 125.82107 | F42: 75.633429 | G42: 161.08926 | H42: 75.795252 | I42: 149.5382 | J42: 42.864647 | K42: 55.777782 | L42: 50.941206 | M42: 52.08901 | N42: 91.984988 | O42: 360.91977
B43: Mayo | C43: 112.9045 | D43: 172.51442 | E43: 143.83941 | F43: 71.622935 | G43: 88.66456 | H43: 160.02987 | I43: 120.21668 | J43: 29.064093 | K43: 138.78527 | L43: 69.293298 | M43: 50.677351 | N43: 47.779394 | O43: 416.53424
B44: Junio | C44: 57.294006 | D44: 115.71515 | E44: 73.698122 | F44: 26.120936 | G44: 29.999695 | H44: 47.205097 | I44: 74.384564 | J44: 6.544122 | K44: 60.562927 | L44: 44.812889 | M44: 22.21404 | N44: 34.361996 | O44: 286.02218
B45: Julio | C45: 46.039571 | D45: 94.968159 | E45: 58.075341 | F45: 24.385293 | G45: 27.516278 | H45: 39.719083 | I45: 48.88472 | J45: 1.8888607 | K45: 58.441134 | L45: 33.983623 | M45: 20.954013 | N45: 27.239464 | O45: 120.10133
B46: Agosto | C46: 36.236215 | D46: 72.10284 | E46: 52.188319 | F46: 8.4542738 | G46: 17.190714 | H46: 32.146544 | I46: 46.208249 | J46: -3.3278011 | K46: 34.31596 | L46: 14.776263 | M46: 14.343184 | N46: 24.92593 | O46: 52.141243
B47: Septiembre | C47: 31.055838 | D47: 70.664333 | E47: 48.396262 | F47: 4.3339381 | G47: 10.433064 | H47: 19.864555 | I47: 31.875386 | J47: -1.9734745 | K47: 14.414356 | L47: 7.3577425 | M47: 5.4707696 | N47: 17.053226 | O47: 45.282006
B48: Octubre | C48: 15.432735 | D48: 59.754011 | E48: 15.6438 | F48: -6.7186816 | G48: -8.5280088 | H48: 5.3076362 | I48: 26.890761 | J48: -12.701241 | K48: 15.237225 | L48: -1.3933859 | M48: 1.3526237 | N48: 4.7009062 | O48: 34.494415
B49: Noviembre | C49: 9.1267732 | D49: 34.526547 | E49: 7.7739077 | F49: -5.0579616 | G49: -1.361702 | H49: 8.8044626 | I49: 26.317108 | J49: -15.722621 | K49: -14.914462 | L49: 2.0512647 | M49: -2.3196699 | N49: -9.1554518 | O49: 31.046789
B50: Diciembre | C50: 5.27806 | D50: 17.178329 | E50: 8.0238029 | F50: 0.16384198 | G50: -0.25104434 | H50: 5.1072898 | I50: 16.750638 | J50: -13.201815 | K50: -4.3963601 | L50: -0.55666655 | M50: 0.020832215 | N50: -7.7063449 | O50: 5.8906126
A51: 2023(p) | B51: Enero | C51: 9.0899434 | D51: 44.291657 | E51: 14.919355 | F51: -6.5001998 | G51: -0.75844591 | H51: -1.5649703 | I51: 16.370812 | J51: -14.108473 | K51: 12.552719 | L51: -7.1194766 | M51: -6.3396651 | N51: -4.6326396 | O51: 25.996936
B52: Febrero | C52: 15.513411 | D52: 39.166417 | E52: 21.932267 | F52: 1.1002955 | G52: 22.762161 | H52: 8.9088036 | I52: 14.348518 | J52: -21.365008 | K52: -1.1900104 | L52: -3.1676847 | M52: 3.7989477 | N52: -8.5162409 | O52: 18.489901
B53: Marzo | C53: 2.6617713 | D53: 20.589569 | E53: 8.8136247 | F53: -0.71843614 | G53: -8.0974463 | H53: 1.9230039 | I53: 5.4837693 | J53: -32.64288 | K53: -2.1670806 | L53: -11.350853 | M53: -5.271973 | N53: -6.8880167 | O53: -9.0633795
B54: Abril | C54: -9.0641525 | D54: 7.2794286 | E54: -5.4108207 | F54: -7.979121 | G54: -15.93425 | H54: -15.894518 | I54: -3.3598228 | J54: -42.929148 | K54: -10.954693 | L54: -17.979455 | M54: -14.519291 | N54: -17.562858 | O54: -3.0045425
B55: Mayo | C55: -1.9424435 | D55: 3.48426 | E55: 0.77300531 | F55: 4.4737652 | G55: -7.8686928 | H55: -10.206272 | I55: 9.2641437 | J55: -32.06603 | K55: -3.1349885 | L55: -7.1143686 | M55: 14.383 | N55: -1.8032799 | O55: -10.811095
B56: Junio | C56: -3.0567747 | D56: 11.71364 | E56: 0.99710508 | F56: -5.9723045 | G56: -12.468551 | H56: -5.2366552 | I56: -1.4563824 | J56: -30.990039 | K56: -2.1008783 | L56: -13.385658 | M56: -1.3299277 | N56: -7.8945265 | O56: -8.6808278
B58: Fuente: DANE, EMA
B59: (p): Cifra provisional
B60: Nota metodológica: Variación anual = ((Valor mes año actual-valor mes año anterior)/(valor mes año anterior))*100 Regiones: Bogotá DC, Cartagena, Región Central (Boyacá, Cundinamarca, Huila y Tolima), Región Costa Caribe (Atlántico, Cesar, La Guajira y Magdalena), Región Eje Cafetero (Caldas, Quindío y Risaralda), Antioquia, San Andrés y Providencia, Región Pacífico (Valle del Cauca, Cauca, Nariño y Chocó), Región Santanderes (Santander y Norte de Santander), Llanos Orinoquía (Meta, Casanare, Arauca y Vichada), Región Golfo Morrosquillo y Sabana (Bolívar, Córdoba y Sucre), Región Amazonía (Amazonas, Caquetá, Guainía, Putumayo, Guaviare y Vaupés). Nota: San Andrés y Providencia no presenta variación anual en ingresos reales, dado que para los meses de abril hasta agosto 2020 no se presentó oferta de alojamiento en los establecimientos de la muestra.
B62: - No se puede calcular la variación debido a que en el periodo de comparación No hubo ingresos por este concepto.
B63: * Variación anual superior a 10.000%
B64: Nota: como parte del proceso de producción estadística algunas fuentes de información presentaron actualización en la información; como consecuencia de este proceso se presentan cambios en la serie histórica.
B65: Actualizado el 14 de agosto de 2023

Sheet 1.2 V.A.C Ing.real
L4: Inicio
A7: ENCUESTA MENSUAL DE ALOJAMIENTO - EMA
A10: 1.2 Variaciones año corrido de los ingresos reales
A11: Total nacional y 12 regiones
A12: ='1.1 V.A Ing.real'!A12 -> Enero 2020 - junio 2023
A14: Año | B14: Meses | C14: Total nacional | D14: Bogotá D.C. | E14: Cartagena | F14: Central | G14: Caribe | H14: Eje Cafetero | I14: Antioquia | J14: San Andrés y Providencia | K14: Pacífico | L14: Santanderes | M14: Llanos Orinoquía | N14: Golfo de Morrosquillo y Sabana | O14: Amazonía
A15: 2020(p) | B15: Enero | C15: 8.1967281 | D15: 4.1467414 | E15: 10.435994 | F15: 3.8406836 | G15: 11.93649 | H15: 17.27755 | I15: 10.44138 | J15: 1.9028388 | K15: 8.3234261 | L15: 12.26889 | M15: -0.3067347 | N15: 11.291285 | O15: 13.939763
B16: Febrero | C16: 9.2605822 | D16: 5.7300651 | E16: 10.066308 | F16: 4.7756755 | G16: 19.245235 | H16: 12.989525 | I16: 12.259593 | J16: 5.6606593 | K16: 7.5735079 | L16: 8.4743823 | M16: -1.9526487 | N16: 8.690317 | O16: 10.362136
B17: Marzo | C17: -9.4446107 | D17: -12.74966 | E17: -9.5754974 | F17: -12.424643 | G17: -5.6663488 | H17: -7.088111 | I17: -6.7175831 | J17: -6.481617 | K17: -10.139092 | L17: -8.4768696 | M17: -15.377398 | N17: -10.006618 | O17: -7.5140031
B18: Abril | C18: -30.041091 | D18: -32.009127 | E18: -29.289866 | F18: -33.565704 | G18: -27.316829 | H18: -29.07164 | I18: -27.686503 | J18: -28.489853 | K18: -31.751214 | L18: -30.705728 | M18: -36.350361 | N18: -31.833117 | O18: -28.50381
B19: Mayo | C19: -42.925688 | D19: -46.130599 | E19: -41.134554 | F19: -43.949025 | G19: -39.211435 | H19: -41.273516 | I19: -41.466179 | J19: -41.999533 | K19: -45.688422 | L19: -43.295989 | M19: -46.405368 | N19: -44.577626 | O19: -41.861682
B20: Junio | C20: -51.296517 | D20: -53.03612 | E20: -49.096472 | F20: -54.570061 | G20: -48.578168 | H20: -51.393791 | I20: -50.181428 | J20: -52.004643 | K20: -53.977327 | L20: -51.64811 | M20: -51.03736 | N20: -53.305818 | O20: -51.259263
B21: Julio | C21: -57.450862 | D21: -58.541533 | E21: -55.949296 | F21: -60.79207 | G21: -55.243764 | H21: -57.636265 | I21: -56.177634 | J21: -59.202911 | K21: -59.336426 | L21: -56.4397 | M21: -53.691377 | N21: -58.563148 | O21: -59.043413
B22: Agosto | C22: -62.16799 | D22: -62.682691 | E22: -61.622599 | F22: -64.767303 | G22: -60.597208 | H22: -61.60218 | I22: -61.052643 | J22: -64.537535 | K22: -63.38581 | L22: -60.020224 | M22: -55.641004 | N22: -62.341241 | O22: -63.586467
B23: Septiembre | C23: -64.603368 | D23: -65.614411 | E23: -64.845807 | F23: -65.833438 | G23: -62.82528 | H23: -61.513338 | I23: -62.878897 | J23: -68.558498 | K23: -64.632275 | L23: -60.714688 | M23: -54.968191 | N23: -63.244031 | O23: -66.466745
B24: Octubre | C24: -64.597999 | D24: -67.03903 | E24: -65.019474 | F24: -63.40135 | G24: -61.297305 | H24: -58.379154 | I24: -62.516591 | J24: -70.475225 | K24: -64.030672 | L24: -59.320083 | M24: -50.672499 | N24: -61.9803 | O24: -68.701688
B25: Noviembre | C25: -63.979885 | D25: -67.27286 | E25: -65.063551 | F25: -61.088045 | G25: -59.583807 | H25: -55.754107 | I25: -61.691002 | J25: -70.997136 | K25: -62.353457 | L25: -57.173403 | M25: -47.398117 | N25: -59.264318 | O25: -70.0371
B26: Diciembre | C26: -62.570144 | D26: -66.787626 | E26: -64.290387 | F26: -58.047372 | G26: -56.88446 | H26: -52.591416 | I26: -60.079621 | J26: -69.948535 | K26: -60.698795 | L26: -55.058852 | M26: -44.460748 | N26: -55.914316 | O26: -70.926643
A27: 2021(p) | B27: Enero | C27: -45.582952 | D27: -67.218558 | E27: -50.636988 | F27: -33.560881 | G27: -20.055619 | H27: -31.47137 | I27: -46.669525 | J27: -49.356753 | K27: -49.089427 | L27: -26.353904 | M27: -18.376102 | N27: -19.714587 | O27: -70.822272
B28: Febrero | C28: -48.746735 | D28: -69.163539 | E28: -55.298557 | F28: -30.702822 | G28: -27.17873 | H28: -30.174411 | I28: -46.730436 | J28: -47.104159 | K28: -48.606407 | L28: -27.425456 | M28: -18.637955 | N28: -15.799895 | O28: -73.68844
B29: Marzo | C29: -35.494768 | D29: -60.663156 | E29: -41.915991 | F29: -7.176287 | G29: -11.551211 | H29: -11.719362 | I29: -32.536142 | J29: -35.051811 | K29: -31.924477 | L29: -10.518855 | M29: 0.39974627 | N29: 1.8284433 | O29: -69.884316
B30: Abril | C30: -17.614229 | D30: -49.904617 | E30: -23.440393 | F30: 18.015449 | G30: 5.3259088 | H30: 13.319552 | I30: -16.493108 | J30: -11.714152 | K30: -8.3940533 | L30: 16.848898 | M30: 29.135319 | N30: 27.158442 | O30: -62.470996
B31: Mayo | C31: -2.1066584 | D31: -38.878745 | E31: -8.7507158 | F31: 35.748745 | G31: 23.953957 | H31: 25.673218 | I31: -0.0128374 | J31: 11.799798 | K31: 5.1159575 | L31: 38.348521 | M31: 49.057073 | N31: 50.679663 | O31: -56.184966
B32: Junio | C32: 19.180631 | D32: -27.058964 | E32: 13.007179 | F32: 68.576937 | G32: 53.634001 | H32: 51.637277 | I32: 19.793002 | J32: 42.660245 | K32: 22.977944 | L32: 60.775664 | M32: 73.556797 | N32: 80.623636 | O32: -47.414717
B33: Julio | C33: 44.365131 | D33: -13.682374 | E33: 41.321772 | F33: 105.13586 | G33: 87.183942 | H33: 83.302893 | I33: 44.2424 | J33: 77.717812 | K33: 45.03129 | L33: 83.170627 | M33: 95.525804 | N33: 113.89172 | O33: -31.383323
B34: Agosto | C34: 68.708299 | D34: 0.87069515 | E34: 70.337051 | F34: 134.0885 | G34: 118.35913 | H34: 106.19303 | I34: 68.221482 | J34: 112.33764 | K34: 68.845497 | L34: 104.34552 | M34: 114.13174 | N34: 142.18019 | O34: -10.464923
B35: Septiembre | C35: 86.572265 | D35: 15.106197 | E35: 94.386916 | F35: 148.05539 | G35: 137.53061 | H35: 112.37963 | I35: 83.185851 | J35: 145.46451 | K35: 83.068418 | L35: 112.7133 | M35: 117.88935 | N35: 153.12764 | O35: 6.2923595
B36: Octubre | C36: 95.711282 | D36: 27.554371 | E36: 106.95423 | F36: 142.81554 | G36: 141.89444 | H36: 104.87072 | I36: 90.119268 | J36: 168.63513 | K36: 87.209343 | L36: 113.04887 | M36: 106.40531 | N36: 151.22424 | O36: 25.884665
B37: Noviembre | C37: 99.906439 | D37: 37.513727 | E37: 116.2776 | F37: 131.61457 | G37: 137.86706 | H37: 97.534852 | I37: 93.675953 | J37: 180.51178 | K37: 90.258526 | L37: 107.08402 | M37: 97.978762 | N37: 142.6438 | O37: 43.319963
B38: Diciembre | C38: 100.2066 | D38: 42.96377 | E38: 122.15668 | F38: 119.75296 | G38: 128.63233 | H38: 90.786152 | I38: 93.365067 | J38: 176.49141 | K38: 90.640691 | L38: 102.72729 | M38: 89.485132 | N38: 132.18328 | O38: 60.682179
A39: 2022(p) | B39: Enero | C39: 79.298886 | D39: 98.011705 | E39: 109.95449 | F39: 62.142505 | G39: 47.236301 | H39: 45.15592 | I39: 87.535721 | J39: 101.83948 | K39: 67.497578 | L39: 50.229834 | M39: 39.784176 | N39: 51.0056 | O39: 149.88497
B40: Febrero | C40: 81.814235 | D40: 110.85773 | E40: 124.70968 | F40: 52.393735 | G40: 49.009297 | H40: 43.74039 | I40: 82.789448 | J40: 88.892375 | K40: 63.949225 | L40: 46.226275 | M40: 33.082168 | N40: 40.735206 | O40: 196.39403
B41: Marzo | C41: 76.970144 | D41: 123.03091 | E41: 113.04687 | F41: 35.39077 | G41: 51.532284 | H41: 37.05418 | I41: 77.04108 | J41: 72.609631 | K41: 53.62948 | L41: 41.310054 | M41: 23.997591 | N41: 34.776555 | O41: 231.71486
B42: Abril | C42: 84.41233 | D42: 130.49825 | E42: 116.16164 | F42: 44.296184 | G42: 70.159061 | H42: 45.856426 | I42: 92.016154 | J42: 64.746782 | K42: 54.209323 | L42: 43.787358 | M42: 30.713138 | N42: 46.419399 | O42: 258.77665
B43: Mayo | C43: 89.375281 | D43: 139.44432 | E43: 120.71549 | F43: 48.379045 | G43: 73.13762 | H43: 58.336967 | I43: 97.174118 | J43: 57.241929 | K43: 67.031074 | L43: 48.40158 | M43: 33.834699 | N43: 46.639266 | O43: 283.66288
B44: Junio | C44: 83.000862 | D44: 134.63942 | E44: 111.47779 | F44: 43.749326 | G44: 64.113409 | H44: 56.328967 | I44: 92.79789 | J44: 46.274915 | K44: 65.906581 | L44: 47.753268 | M44: 31.69282 | N44: 44.353635 | O44: 284.1123
B45: Julio | C45: 75.663431 | D45: 127.07146 | E45: 100.56397 | F45: 39.883035 | G45: 56.759007 | H45: 53.087871 | I45: 83.508504 | J45: 37.519084 | K45: 64.466746 | L45: 45.336405 | M45: 29.804645 | N45: 41.090825 | O45: 240.29028
B46: Agosto | C46: 68.917589 | D46: 117.0587 | E46: 92.135905 | F46: 35.001416 | G46: 50.219445 | H46: 49.822105 | I46: 76.771195 | J46: 30.85843 | K46: 58.795219 | L46: 40.328163 | M46: 27.494841 | N46: 38.553063 | O46: 189.83157
B47: Septiembre | C47: 63.398645 | D47: 109.06348 | E47: 85.942299 | F47: 31.015627 | G47: 44.851037 | H47: 45.945021 | I47: 69.949601 | J47: 26.427345 | K47: 51.461316 | L47: 35.536668 | M47: 24.500896 | N47: 35.786024 | O47: 160.77175
B48: Octubre | C48: 56.348304 | D48: 100.84712 | E48: 75.774246 | F48: 25.287676 | G48: 36.915986 | H48: 40.189891 | I48: 63.792014 | J48: 21.451753 | K48: 46.173414 | L48: 30.173076 | M48: 21.336868 | N48: 31.605809 | O48: 135.12225
B49: Noviembre | C49: 49.993403 | D49: 89.90395 | E49: 66.519492 | F49: 21.714926 | G49: 32.200417 | H49: 36.52303 | I49: 58.788253 | J49: 17.147528 | K49: 36.693719 | L49: 26.689582 | M49: 18.511312 | N49: 26.501494 | O49: 116.67483
B50: Diciembre | C50: 44.166439 | D50: 80.488825 | E50: 57.903132 | F50: 19.007293 | G50: 28.114343 | H50: 32.45758 | I50: 53.481228 | J50: 13.728299 | K50: 31.20463 | L50: 23.361437 | M50: 16.343929 | N50: 22.260445 | O50: 97.592344
A51: 2023(p) | B51: Enero | C51: 9.0899434 | D51: 44.291657 | E51: 14.919355 | F51: -6.5001998 | G51: -0.75844591 | H51: -1.5649703 | I51: 16.370812 | J51: -14.108473 | K51: 12.552719 | L51: -7.1194766 | M51: -6.3396651 | N51: -4.6326396 | O51: 25.996936
B52: Febrero | C52: 12.028138 | D52: 41.327076 | E52: 17.971995 | F52: -3.5928386 | G52: 8.897322 | H52: 2.3869344 | I52: 15.398609 | J52: -17.362636 | K52: 5.5390468 | L52: -5.2795887 | M52: -2.1828267 | N52: -6.2307143 | O52: 22.633708
B53: Marzo | C53: 8.7149811 | D53: 32.129928 | E53: 14.893681 | F53: -2.742477 | G53: 3.1581477 | H53: 2.2459708 | I53: 11.857814 | J53: -22.197708 | K53: 2.6269506 | L53: -7.4314447 | M53: -3.2001036 | N53: -6.4338858 | O53: 11.745027
B54: Abril | C54: 4.0617243 | D54: 25.332619 | E54: 9.7215437 | F54: -4.1529761 | G54: -1.8225718 | H54: -2.7216957 | I54: 7.7727887 | J54: -26.950004 | K54: -1.0761204 | L54: -10.279568 | M54: -6.348588 | N54: -9.4036553 | O54: 7.7762382
B55: Mayo | C55: 2.8859369 | D55: 20.038184 | E55: 8.0949786 | F55: -2.6621529 | G55: -2.8829995 | H55: -4.0653156 | I55: 8.0774395 | J55: -27.833195 | K55: -1.5223304 | L55: -9.6263477 | M55: -2.6991033 | N55: -8.1653696 | O55: 3.8286187
B56: Junio | C56: 1.8710148 | D56: 18.488504 | E56: 6.9495598 | F56: -3.2662347 | G56: -4.4714195 | H56: -4.2642738 | I56: 6.4215288 | J56: -28.330602 | K56: -1.6196719 | L56: -10.291967 | M56: -2.4649058 | N56: -8.1184374 | O56: 1.4338558
B58: Fuente: DANE, EMA
B59: (p): Cifra provisional
B60: Nota metodológica: Variación año corrido=((valor de los meses transcurridos del año de referencia-valor de los mismos meses transcurridos del año anterior)/(valor de los meses transcurridos del año anterior))*100 Regiones: Bogotá DC, Cartagena, Región Central (Boyacá, Cundinamarca, Huila y Tolima), Región Costa Caribe (Atlántico, Cesar, La Guajira y Magdalena), Región Eje Cafetero (Caldas, Quindío y Risaralda), Antioquia, San Andrés y Providencia, Región Pacífico (Valle del Cauca, Cauca, Nariño y Chocó), Región Santanderes (Santander y Norte de Santander), Llanos Orinoquía (Meta, Casanare, Arauca y Vichada), Región Golfo Morrosquillo y Sabana (Bolívar, Córdoba y Sucre), Región Amazonía (Amazonas, Caquetá, Guainía, Putumayo, Guaviare y Vaupés)
B63: Nota: como parte del proceso de producción estadística algunas fuentes de información presentaron actualización en la información; como consecuencia de este proceso se presentan cambios en la serie histórica.
B64: ='1.1 V.A Ing.real'!B65 -> Actualizado el 14 de agosto de 2023

Sheet 1.3 V.12Meses Ing.real
L4: Inicio
A7: ENCUESTA MENSUAL DE ALOJAMIENTO - EMA
A10: 1.3 Variaciones 12 meses de los ingresos reales
A11: Total nacional y 12 regiones
A12: Diciembre 2020 - junio 2023
A14: Año | B14: Meses | C14: Total nacional | D14: Bogotá D.C. | E14: Cartagena | F14: Central | G14: Caribe | H14: Eje Cafetero | I14: Antioquia | J14: San Andrés y Providencia | K14: Pacífico | L14: Santanderes | M14: Llanos Orinoquía | N14: Golfo de Morrosquillo y Sabana | O14: Amazonía
A15: 2020(p) | B15: Diciembre | C15: -62.570144 | D15: -66.787626 | E15: -64.290387 | F15: -58.047372 | G15: -56.88446 | H15: -52.591416 | I15: -60.079621 | J15: -69.948535 | K15: -60.698795 | L15: -55.058852 | M15: -44.460748 | N15: -55.914316 | O15: -70.926643
A16: 2021(p) | B16: Enero | C16: -66.822105 | D16: -70.880355 | E16: -70.185789 | F16: -61.605278 | G16: -59.389359 | H16: -57.087329 | I16: -64.330024 | J16: -74.724735 | K16: -64.427368 | L16: -57.462022 | M16: -46.215104 | N16: -58.288298 | O16: -78.022633
B17: Febrero | C17: -71.301175 | D17: -76.769249 | E17: -75.877902 | F17: -63.485933 | G17: -63.14611 | H17: -59.192954 | I17: -68.508762 | J17: -78.527687 | K17: -68.259345 | L17: -59.682375 | M17: -47.48762 | N17: -59.199561 | O17: -83.231752
B18: Marzo | C18: -69.533954 | D18: -77.621287 | E18: -73.93776 | F18: -58.30005 | G18: -58.984259 | H18: -54.451549 | I18: -66.497697 | J18: -77.715739 | K18: -66.110627 | L18: -56.331651 | M18: -42.020753 | N18: -54.429115 | O18: -84.265096
B19: Abril | C19: -62.943336 | D19: -74.246273 | E19: -66.672209 | F19: -49.200528 | G19: -51.366094 | H19: -44.376554 | I19: -60.365628 | J19: -69.882532 | K19: -58.56555 | L19: -46.872398 | M19: -28.51111 | N19: -44.411658 | O19: -81.825395
B20: Mayo | C20: -55.573299 | D20: -69.391872 | E20: -59.423834 | F20: -41.085071 | G20: -42.419233 | H20: -36.38549 | I20: -52.643644 | J20: -60.599672 | K20: -51.443769 | L20: -36.98941 | M20: -15.935748 | N20: -33.144696 | O20: -79.19653
B21: Junio | C21: -44.874688 | D21: -63.802754 | E21: -48.702929 | F21: -24.536036 | G21: -27.350673 | H21: -21.159673 | I21: -42.212338 | J21: -46.662963 | K21: -41.656049 | L21: -23.870164 | M21: -0.8551185 | N21: -16.633005 | O21: -75.370637
B22: Julio | C22: -29.703461 | D22: -55.794018 | E22: -32.404227 | F22: -2.7362036 | G22: -6.6685777 | H22: -0.14725314 | I22: -26.748093 | J22: -27.567861 | K22: -27.777633 | L22: -7.6710718 | M22: 16.872684 | N22: 5.3531534 | O22: -67.623185
B23: Agosto | C23: -9.6747215 | D23: -44.633048 | E23: -10.283764 | F23: 22.505396 | G23: 20.491247 | H23: 24.527236 | I23: -5.42054 | J23: -2.9753611 | K23: -7.7975653 | L23: 13.926356 | M23: 37.058608 | N23: 32.3162 | O23: -55.854052
B24: Septiembre | C24: 12.88025 | D24: -29.302154 | E24: 14.106917 | F24: 46.695384 | G24: 48.153708 | H24: 43.433073 | I24: 16.717748 | J24: 28.956024 | K24: 13.721263 | L24: 35.755023 | M24: 55.127329 | N24: 58.136017 | O24: -42.009794
B25: Octubre | C25: 37.114517 | D25: -9.5580196 | E25: 38.721106 | F25: 70.077782 | G25: 73.015876 | H25: 58.451265 | I25: 38.7649 | J25: 68.696411 | K25: 35.519193 | L25: 57.809974 | M25: 64.81613 | N25: 85.95511 | O25: -20.009283
B26: Noviembre | C26: 66.299824 | D26: 16.423558 | E26: 72.638262 | F26: 93.461864 | G26: 99.703122 | H26: 73.382422 | I26: 65.170009 | J26: 117.32406 | K26: 61.18552 | L26: 78.154651 | M26: 75.888102 | N26: 109.36055 | O26: 10.365076
B27: Diciembre | C27: 100.2066 | D27: 42.96377 | E27: 122.15668 | F27: 119.75296 | G27: 128.63233 | H27: 90.786152 | I27: 93.365067 | J27: 176.49141 | K27: 90.640691 | L27: 102.72729 | M27: 89.485132 | N27: 132.18328 | O27: 60.682179
A28: 2022(p) | B28: Enero | C28: 135.78344 | D28: 69.257917 | E28: 183.21189 | F28: 150.11296 | G28: 149.55258 | H28: 115.5749 | I28: 125.70995 | J28: 247.67588 | K28: 116.37689 | L28: 119.06557 | M28: 101.54198 | N28: 152.58984 | O28: 129.06611
B29: Febrero | C29: 181.9647 | D29: 123.53158 | E29: 268.64873 | F29: 167.14554 | G29: 177.32267 | H29: 130.79794 | I29: 163.81111 | J29: 321.87641 | K29: 148.84367 | L29: 135.77314 | M29: 109.94586 | N29: 161.75987 | O29: 224.00636
B30: Marzo | C30: 187.5481 | D30: 160.17181 | E30: 276.28356 | F30: 143.81686 | G30: 169.75877 | H30: 118.54261 | I30: 167.56708 | J30: 328.80759 | K30: 147.20311 | L30: 129.45552 | M30: 98.84517 | N30: 147.27537 | O30: 289.26454
B31: Abril | C31: 168.68159 | D31: 158.50886 | E31: 238.67618 | F31: 125.38759 | G31: 161.15914 | H31: 102.75966 | I31: 158.26989 | J31: 252.42937 | K31: 124.82255 | L31: 109.85595 | M31: 83.7857 | N31: 130.43621 | O31: 293.44943
B32: Mayo | C32: 155.6642 | D32: 157.74893 | E32: 218.08349 | F32: 114.3486 | G32: 146.04988 | H32: 101.29408 | I32: 147.35104 | J32: 198.67103 | K32: 120.9495 | L32: 98.472891 | M32: 74.632248 | N32: 113.44446 | O32: 302.64714
B33: Junio | C33: 133.35694 | D33: 151.01009 | E33: 184.3282 | F33: 91.030939 | G33: 118.23943 | H33: 85.653649 | I33: 130.92508 | J33: 146.34876 | K33: 108.24027 | L33: 85.240104 | M33: 61.254349 | N33: 93.65361 | O33: 302.40538
B34: Julio | C34: 110.26143 | D34: 139.73329 | E34: 149.54195 | F34: 69.889223 | G34: 92.960376 | H34: 68.89 | I34: 110.01061 | J34: 105.01852 | K34: 94.04629 | L34: 71.668463 | M34: 49.209825 | N34: 73.913659 | O34: 269.32351
B35: Agosto | C35: 90.632483 | D35: 125.47553 | E35: 122.47876 | F35: 53.525189 | G35: 72.663174 | H35: 56.849602 | I35: 92.1408 | J35: 75.20813 | K35: 77.238465 | L35: 57.218675 | M35: 38.553526 | N35: 58.810634 | O35: 218.91005
B36: Septiembre | C36: 76.45454 | D36: 113.18691 | E36: 103.88205 | F36: 42.259493 | G36: 58.573763 | H36: 49.217621 | I36: 79.091539 | J36: 53.871805 | K36: 63.536051 | L36: 46.576474 | M36: 30.710565 | N36: 48.732673 | O36: 186.10911
B37: Octubre | C37: 64.150251 | D37: 102.34082 | E37: 87.545303 | F37: 31.503417 | G37: 44.644047 | H37: 42.636403 | I37: 69.28261 | J37: 36.771721 | K37: 54.585327 | L37: 36.68621 | M37: 25.566718 | N37: 39.263299 | O37: 151.87191
B38: Noviembre | C38: 53.596945 | D38: 90.258643 | E38: 72.491918 | F38: 24.997703 | G38: 35.747615 | H38: 38.150077 | I38: 61.067841 | J38: 23.531224 | K38: 40.867616 | L38: 30.307986 | M38: 20.607184 | N38: 30.292908 | O38: 125.29286
B39: Diciembre | C39: 44.166439 | D39: 80.488825 | E39: 57.903132 | F39: 19.007293 | G39: 28.114343 | H39: 32.45758 | I39: 53.481228 | J39: 13.728299 | K39: 31.20463 | L39: 23.361437 | M39: 16.343929 | N39: 22.260445 | O39: 97.592344
A40: 2023(p) | B40: Enero | C40: 38.178412 | D40: 76.946335 | E40: 48.823 | F40: 13.083872 | G40: 23.174469 | H40: 27.080756 | I40: 47.696093 | J40: 5.7715797 | K40: 28.008429 | L40: 18.947589 | M40: 12.34222 | N40: 17.073277 | O40: 84.808484
B41: Febrero | C41: 33.932743 | D41: 71.054875 | E41: 42.334037 | F41: 10.972394 | G41: 21.641139 | H41: 24.969152 | I41: 43.016594 | J41: -0.040719786 | K41: 24.039601 | L41: 15.973756 | M41: 11.06973 | N41: 14.410124 | O41: 72.56212
B42: Marzo | C42: 28.658732 | D42: 60.764222 | E42: 35.910889 | F42: 10.371697 | G42: 16.644288 | H42: 23.091484 | I42: 37.64436 | J42: -5.6299823 | K42: 20.593968 | L42: 12.370834 | M42: 9.8860172 | N42: 12.052901 | O42: 56.906517
B43: Abril | C43: 21.287787 | D43: 51.477352 | E43: 27.565537 | F43: 5.3545545 | G43: 8.3507263 | H43: 16.149149 | I43: 29.104178 | J43: -11.345362 | K43: 15.766005 | L43: 7.3054416 | M43: 5.0011543 | N43: 5.3951784 | O43: 43.246124
B44: Mayo | C44: 15.598062 | D44: 41.112705 | E44: 21.220644 | F44: 2.6645431 | G44: 3.9862001 | H44: 9.8890386 | I44: 23.567769 | J44: -15.083203 | K44: 9.7111107 | L44: 3.0055263 | M44: 3.5308868 | N44: 3.0025838 | O44: 30.61485
B45: Junio | C45: 11.64932 | D45: 34.702693 | E45: 16.839604 | F45: 0.31115953 | G45: 0.9787368 | H45: 6.4500186 | I45: 18.719443 | J45: -17.88781 | K45: 6.323955 | L45: -0.86488022 | M45: 1.8964726 | N45: 0.12848711 | O45: 19.756322
B47: Fuente: DANE, EMA
B48: (p): Cifra provisional
B49: Nota metodológica: Variación acumulado doce meses: variación porcentual calculada entre los últimos 12 meses hasta el mes de referencia y el mismo período del año anterior Regiones: Bogotá DC, Cartagena, Región Central (Boyacá, Cundinamarca, Huila y Tolima), Región Costa Caribe (Atlántico, Cesar, La Guajira y Magdalena), Región Eje Cafetero (Caldas, Quindío y Risaralda), Antioquia, San Andrés y Providencia, Región Pacífico (Valle del Cauca, Cauca, Nariño y Chocó), Región Santanderes (Santander y Norte de Santander), Llanos Orinoquía (Meta, Casanare, Arauca y Vichada), Región Golfo Morrosquillo y Sabana (Bolívar, Córdoba y Sucre), Región Amazonía (Amazonas, Caquetá, Guainía, Putumayo, Guaviare y Vaupés).
B52: Nota: como parte del proceso de producción estadística algunas fuentes de información presentaron actualización en la información; como consecuencia de este proceso se presentan cambios en la serie histórica.
B53: ='1.1 V.A Ing.real'!B65 -> Actualizado el 14 de agosto de 2023

Sheet 2.1 V.A Per.categ
L4: Inicio
A6: ENCUESTA MENSUAL DE ALOJAMIENTO - EMA
A9: 2.1 Variaciones anuales del personal total y por categoría
A10: Total nacional y 12 regiones
A11: ='1.1 V.A Ing.real'!A12 -> Enero 2020 - junio 2023
A13: Año | B13: Meses | C13: Total nacional | F13: Bogotá D.C. | I13: Cartagena | L13: Central | O13: Caribe | R13: Eje Cafetero | U13: Antioquia | X13: San Andrés y Providencia | AA13: Pacífico | AD13: Santanderes | AG13: Llanos Orinoquía | AJ13: Golfo de Morrosquillo y Sabana | AM13: Amazonía
C14: Total del personal | D14: Personal permanente | E14: Resto de personal | F14: Total del personal | G14: Personal permanente | H14: Resto de personal | I14: Total del personal | J14: Personal permanente | K14: Resto de personal | L14: Total del personal | M14: Personal permanente | N14: Resto de personal | O14: Total del personal | P14: Personal permanente | Q14: Resto de personal | R14: Total del personal | S14: Personal permanente | T14: Resto de personal | U14: Total del personal | V14: Personal permanente | W14: Resto de personal | X14: Total del personal | Y14: Personal permanente | Z14: Resto de personal | AA14: Total del personal | AB14: Personal permanente | AC14: Resto de personal | AD14: Total del personal | AE14: Personal permanente | AF14: Resto de personal | AG14: Total del personal | AH14: Personal permanente | AI14: Resto de personal | AJ14: Total del personal | AK14: Personal permanente | AL14: Resto de personal | AM14: Total del personal | AN14: Personal permanente | AO14: Resto de personal
A15: 2020(p) | B15: Enero | C15: 2.1820408 | D15: 1.0538161 | E15: 3.6666675 | F15: 1.3476145 | G15: 2.2650545 | H15: -0.44416244 | I15: 3.9930471 | J15: 2.2090602 | K15: 6.4614258 | L15: 1.6286857 | M15: 4.0744566 | N15: -0.70868107 | O15: 4.7674563 | P15: -0.94763238 | Q15: 12.224642 | R15: 4.1703674 | S15: 8.2823025 | T15: 2.362939 | U15: 4.0186164 | V15: 0.90153469 | W15: 8.8948853 | X15: -6.8581622 | Y15: -0.92100287 | Z15: -15.238006 | AA15: 1.9071407 | AB15: -0.087296466 | AC15: 5.0933786 | AD15: 2.4784314 | AE15: -1.0030316 | AF15: 5.5127871 | AG15: -8.2130078 | AH15: -14.400871 | AI15: -2.4307818 | AJ15: 8.3571272 | AK15: -3.5000699 | AL15: 21.408797 | AM15: 0.96618357 | AN15: 11.260054 | AO15: -11.146162
B16: Febrero | C16: 2.4231681 | D16: 0.29471945 | E16: 5.3644895 | F16: 2.044 | G16: 1.4240517 | H16: 3.2363325 | I16: 4.1387457 | J16: 2.3209316 | K16: 6.8077568 | L16: 2.1870988 | M16: 4.3693347 | N16: -0.018698692 | O16: 2.7718323 | P16: -3.333541 | Q16: 11.226286 | R16: 6.6262601 | S16: 4.8020127 | T16: 7.4917485 | U16: 3.968371 | V16: -2.8959359 | W16: 16.511697 | X16: -4.2476602 | Y16: -0.15185351 | Z16: -10.315622 | AA16: 2.0039274 | AB16: 1.3415793 | AC16: 3.0406943 | AD16: 3.7696747 | AE16: 0.65145339 | AF16: 6.5233481 | AG16: -8.1596492 | AH16: -12.222374 | AI16: -4.2927546 | AJ16: 3.7019494 | AK16: -3.5271754 | AL16: 11.456839 | AM16: 2.6666667 | AN16: 13.388735 | AO16: -9.6602972
B17: Marzo | C17: -6.6815922 | D17: -2.9128872 | E17: -11.757737 | F17: -6.257584 | G17: -1.7847118 | H17: -14.59523 | I17: -6.159635 | J17: 1.9250636 | K17: -17.562463 | L17: -5.7614015 | M17: -0.10178239 | N17: -11.371311 | O17: -6.7471244 | P17: -6.3018544 | Q17: -7.3527447 | R17: -6.7589385 | S17: 1.4760228 | T17: -10.728591 | U17: -6.2121916 | V17: -5.9789435 | W17: -6.6101476 | X17: -11.966506 | Y17: -6.7209412 | Z17: -19.388013 | AA17: -6.2135719 | AB17: -1.6038045 | AC17: -13.251808 | AD17: -4.2542596 | AE17: -8.7323837 | AF17: -0.2916527 | AG17: -12.079414 | AH17: -16.314396 | AI17: -8.0627396 | AJ17: -5.0819136 | AK17: -4.3101016 | AL17: -5.9012956 | AM17: -5.0756467 | AN17: 3.240324 | AO17: -14.925373
B18: Abril | C18: -24.498344 | D18: -10.885298 | E18: -42.838984 | F18: -24.642457 | G18: -12.962374 | H18: -47.007496 | I18: -24.957286 | J18: -6.6133298 | K18: -51.530412 | L18: -21.722348 | M18: -6.9380673 | N18: -36.284894 | O18: -24.666247 | P18: -8.3551536 | Q18: -46.104866 | R18: -29.465395 | S18: -20.548965 | T18: -33.673923 | U18: -26.755048 | V18: -13.651547 | W18: -48.660175 | X18: -20.078478 | Y18: -11.368726 | Z18: -32.511059 | AA18: -21.174448 | AB18: -8.3531042 | AC18: -41.412265 | AD18: -24.846092 | AE18: -14.538003 | AF18: -33.869284 | AG18: -32.84946 | AH18: -27.004082 | AI18: -38.059208 | AJ18: -16.614008 | AK18: -10.142776 | AL18: -23.143856 | AM18: -22.516226 | AN18: -5.1959891 | AO18: -43.487859
B19: Mayo | C19: -30.876675 | D19: -18.678428 | E19: -47.667875 | F19: -33.495014 | G19: -22.085224 | H19: -54.881618 | I19: -31.804577 | J19: -15.443074 | K19: -55.658881 | L19: -24.653736 | M19: -11.978461 | N19: -37.549053 | O19: -30.05295 | P19: -17.204483 | Q19: -47.991938 | R19: -36.76747 | S19: -26.031963 | T19: -41.821507 | U19: -35.371422 | V19: -25.69167 | W19: -52.590741 | X19: -21.289199 | Y19: -11.805865 | Z19: -35.597095 | AA19: -25.807904 | AB19: -10.615484 | AC19: -49.07099 | AD19: -33.275908 | AE19: -22.302944 | AF19: -42.890597 | AG19: -31.832637 | AH19: -29.670382 | AI19: -34.017176 | AJ19: -24.953202 | AK19: -23.194131 | AL19: -26.717125 | AM19: -31.065089 | AN19: -13.26624 | AO19: -51.871658
B20: Junio | C20: -37.834913 | D20: -25.232823 | E20: -55.05713 | F20: -41.753682 | G20: -31.430353 | H20: -61.228103 | I20: -38.637938 | J20: -23.925704 | K20: -60.916844 | L20: -32.248954 | M20: -15.330585 | N20: -48.353468 | O20: -38.590749 | P20: -25.743467 | Q20: -56.776192 | R20: -45.810029 | S20: -34.783576 | T20: -50.770371 | U20: -41.667557 | V20: -31.376664 | W20: -58.76255 | X20: -26.612369 | Y20: -12.697849 | Z20: -48.326751 | AA20: -30.150436 | AB20: -15.901234 | AC20: -52.23885 | AD20: -41.075047 | AE20: -23.557343 | AF20: -55.771146 | AG20: -30.687704 | AH20: -26.421975 | AI20: -35.02262 | AJ20: -28.069136 | AK20: -24.201301 | AL20: -31.830366 | AM20: -32.070831 | AN20: -13.394495 | AO20: -53.658537
B21: Julio | C21: -42.754981 | D21: -29.355282 | E21: -60.391608 | F21: -48.665213 | G21: -35.029565 | H21: -71.190214 | I21: -41.239708 | J21: -26.221034 | K21: -63.076385 | L21: -33.639287 | M21: -15.583307 | N21: -50.512088 | O21: -42.722827 | P21: -30.015612 | Q21: -60.202171 | R21: -48.863135 | S21: -40.037034 | T21: -53.095656 | U21: -47.477632 | V21: -37.315057 | W21: -63.770329 | X21: -37.363299 | Y21: -17.332057 | Z21: -69.321492 | AA21: -36.325532 | AB21: -22.495676 | AC21: -57.441314 | AD21: -43.608563 | AE21: -28.58884 | AF21: -56.341621 | AG21: -33.633769 | AH21: -34.217172 | AI21: -33.060272 | AJ21: -36.08776 | AK21: -33.249016 | AL21: -38.886195 | AM21: -36.194213 | AN21: -25.760286 | AO21: -48.859935
B22: Agosto | C22: -45.063806 | D22: -32.431459 | E22: -61.756438 | F22: -50.089873 | G22: -39.197064 | H22: -68.779625 | I22: -42.91999 | J22: -28.499882 | K22: -64.286882 | L22: -34.97265 | M22: -17.18137 | N22: -51.731077 | O22: -47.041655 | P22: -34.854973 | Q22: -63.540013 | R22: -50.802085 | S22: -41.366143 | T22: -55.240157 | U22: -49.17185 | V22: -39.645508 | W22: -64.402856 | X22: -37.58111 | Y22: -16.515451 | Z22: -71.011084 | AA22: -42.646807 | AB22: -30.237008 | AC22: -61.525824 | AD22: -46.191578 | AE22: -30.627545 | AF22: -59.125265 | AG22: -35.925346 | AH22: -30.710792 | AI22: -40.843066 | AJ22: -38.52479 | AK22: -35.637848 | AL22: -41.353383 | AM22: -41.863834 | AN22: -25.670841 | AO22: -60.860441
B23: Septiembre | C23: -44.663654 | D23: -34.006728 | E23: -58.813629 | F23: -52.580842 | G23: -41.837274 | H23: -70.786491 | I23: -42.870429 | J23: -28.855149 | K23: -63.915933 | L23: -34.609272 | M23: -20.368195 | N23: -48.464974 | O23: -44.637627 | P23: -37.182295 | Q23: -54.676603 | R23: -42.859961 | S23: -40.721257 | T23: -43.930263 | U23: -47.307908 | V23: -39.51743 | W23: -59.513607 | X23: -37.544089 | Y23: -16.214632 | Z23: -71.748798 | AA23: -44.484218 | AB23: -36.014013 | AC23: -57.329291 | AD23: -44.674939 | AE23: -29.215746 | AF23: -57.539921 | AG23: -34.669051 | AH23: -33.626889 | AI23: -35.64395 | AJ23: -40.335752 | AK23: -34.937179 | AL23: -45.542169 | AM23: -40.970221 | AN23: -22.232223 | AO23: -62.409887
B24: Octubre | C24: -41.562527 | D24: -34.904023 | E24: -50.246476 | F24: -53.375589 | G24: -44.484784 | H24: -68.681104 | I24: -40.592699 | J24: -29.59231 | K24: -56.515146 | L24: -28.976223 | M24: -18.855004 | N24: -38.499804 | O24: -38.207338 | P24: -36.231427 | Q24: -40.717883 | R24: -35.738279 | S24: -41.056162 | T24: -33.064449 | U24: -44.75881 | V24: -39.360374 | W24: -53.084694 | X24: -30.59494 | Y24: -16.640488 | Z24: -53.024128 | AA24: -43.242034 | AB24: -37.290357 | AC24: -52.324638 | AD24: -45.047476 | AE24: -34.685405 | AF24: -53.470588 | AG24: -26.520706 | AH24: -32.321619 | AI24: -21.276596 | AJ24: -34.420577 | AK24: -36.907449 | AL24: -32.042895 | AM24: -36.131211 | AN24: -29.133155 | AO24: -44.339623
B25: Noviembre | C25: -40.26556 | D25: -35.457133 | E25: -46.526781 | F25: -54.095795 | G25: -46.483855 | H25: -66.942863 | I25: -40.158499 | J25: -30.203131 | K25: -54.45278 | L25: -27.221642 | M25: -19.630652 | N25: -34.639449 | O25: -36.049743 | P25: -39.536936 | Q25: -31.497808 | R25: -32.411778 | S25: -35.797462 | T25: -30.775681 | U25: -41.898783 | V25: -37.146354 | W25: -49.195324 | X25: -28.906131 | Y25: -15.735175 | Z25: -50.293164 | AA25: -40.872975 | AB25: -37.099118 | AC25: -46.668986 | AD25: -41.976376 | AE25: -32.554428 | AF25: -49.562531 | AG25: -27.634752 | AH25: -32.659933 | AI25: -23.302644 | AJ25: -32.289223 | AK25: -38.856368 | AL25: -26.148198 | AM25: -34.608121 | AN25: -33.611343 | AO25: -35.908596
B26: Diciembre | C26: -38.007281 | D26: -34.232455 | E26: -42.699972 | F26: -53.062108 | G26: -47.414005 | H26: -62.894731 | I26: -37.76886 | J26: -29.592864 | K26: -48.925625 | L26: -28.44845 | M26: -20.822387 | N26: -35.495798 | O26: -30.30976 | P26: -36.798341 | Q26: -22.6247 | R26: -31.703556 | S26: -36.16794 | T26: -29.620578 | U26: -38.657227 | V26: -33.003385 | W26: -46.362849 | X26: -25.50444 | Y26: -13.44255 | Z26: -45.507949 | AA26: -40.291662 | AB26: -35.872259 | AC26: -46.716745 | AD26: -39.277494 | AE26: -29.113113 | AF26: -47.344961 | AG26: -28.75547 | AH26: -25.943421 | AI26: -30.878032 | AJ26: -31.858407 | AK26: -39.350384 | AL26: -24.856785 | AM26: -28.943489 | AN26: -30.099502 | AO26: -27.261761
A27: 2021(p) | B27: Enero | C27: -37.594248 | D27: -35.106671 | E27: -40.785138 | F27: -53.149096 | G27: -49.467861 | H27: -60.534264 | I27: -37.228732 | J27: -29.685621 | K27: -47.248734 | L27: -28.588169 | M27: -21.994938 | N27: -35.192704 | O27: -29.052773 | P27: -33.705219 | Q27: -23.694682 | R27: -32.815785 | S27: -36.33334 | T27: -31.180211 | U27: -40.114058 | V27: -37.803486 | W27: -43.463321 | X27: -22.357826 | Y27: -11.201922 | Z27: -40.763104 | AA27: -41.436458 | AB27: -38.578863 | AC27: -45.776598 | AD27: -38.144803 | AE27: -31.635855 | AF27: -43.467508 | AG27: -29.650523 | AH27: -32.115042 | AI27: -27.630096 | AJ27: -28.232154 | AK27: -36.885543 | AL27: -20.661262 | AM27: -27.416268 | AN27: -24.899598 | AO27: -31.12426
B28: Febrero | C28: -38.017089 | D28: -35.026285 | E28: -41.95124 | F28: -54.564039 | G28: -48.927418 | H28: -65.214519 | I28: -40.471871 | J28: -32.272727 | K28: -52.004573 | L28: -25.427779 | M28: -19.686791 | N28: -31.485436 | O28: -29.257911 | P28: -32.759215 | Q28: -25.044134 | R28: -32.518205 | S28: -41.388164 | T28: -28.415279 | U28: -39.812668 | V28: -38.025126 | W28: -42.534994 | X28: -22.634364 | Y28: -11.404097 | Z28: -41.157592 | AA28: -39.531243 | AB28: -37.694412 | AC28: -42.359005 | AD28: -36.237798 | AE28: -29.87888 | AF28: -41.543758 | AG28: -27.063789 | AH28: -28.552209 | AI28: -25.764488 | AJ28: -20.009838 | AK28: -18.017952 | AL28: -21.859331 | AM28: -31.216931 | AN28: -35.423453 | AO28: -25.146886
B29: Marzo | C29: -30.595417 | D29: -32.595959 | E29: -27.630761 | F29: -50.936187 | G29: -47.386843 | H29: -58.544739 | I29: -31.632872 | J29: -32.042793 | K29: -30.918038 | L29: -19.318775 | M29: -17.239127 | N29: -21.642271 | O29: -19.813529 | P29: -30.258262 | Q29: -5.4463089 | R29: -21.067767 | S29: -39.734086 | T29: -10.839532 | U29: -32.891462 | V29: -35.185136 | W29: -28.951661 | X29: -12.9099 | Y29: -2.5631804 | Z29: -29.848871 | AA29: -32.890493 | AB29: -34.913709 | AC29: -29.386649 | AD29: -26.910503 | AE29: -22.825952 | AF29: -30.218875 | AG29: -18.016049 | AH29: -22.3869 | AI29: -14.242584 | AJ29: -10.332951 | AK29: -16.373019 | AL29: -3.8121767 | AM29: -24.37018 | AN29: -29.642546 | AO29: -16.79198
B30: Abril | C30: -15.303482 | D30: -27.547733 | E30: 10.414734 | F30: -40.587979 | G30: -42.884886 | H30: -33.364278 | I30: -13.330706 | J30: -26.066021 | K30: 22.213998 | L30: -5.0529388 | M30: -13.926411 | N30: 7.7132221 | O30: -4.166298 | P30: -28.894473 | Q30: 51.100498 | R30: 4.2259968 | S30: -23.866329 | T30: 20.109347 | U30: -15.689174 | V30: -30.251566 | W30: 25.25492 | X30: -2.4165765 | Y30: 4.6372151 | Z30: -15.639652 | AA30: -20.621444 | AB30: -31.503956 | AC30: 6.2487216 | AD30: -6.8934398 | AE30: -18.314587 | AF30: 6.0265325 | AG30: 3.3793463 | AH30: -10.956466 | AI30: 18.436686 | AJ30: -1.0770999 | AK30: -8.6289625 | AL30: 7.8322197 | AM30: -8.7628866 | AN30: -24.326923 | AO30: 22.851562
B31: Mayo | C31: -9.8272296 | D31: -21.192143 | E31: 14.482928 | F31: -34.703733 | G31: -36.251752 | H31: -29.692937 | I31: -7.3930935 | J31: -19.74913 | K31: 26.959955 | L31: -2.1640544 | M31: -9.2215965 | N31: 7.9558878 | O31: 2.5898444 | P31: -21.271933 | Q31: 55.62765 | R31: 4.8428369 | S31: -13.438181 | T31: 15.784867 | U31: -6.0182262 | V31: -20.442709 | W31: 34.200316 | X31: -0.20601355 | Y31: 2.2967305 | Z31: -5.3769054 | AA31: -21.252897 | AB31: -30.121665 | AC31: 2.5813113 | AD31: 6.059648 | AE31: -10.459765 | AF31: 25.752238 | AG31: 2.5345542 | AH31: -6.3116901 | AI31: 12.060738 | AJ31: 7.5913027 | AK31: 5.9331374 | AL31: 9.3339768 | AM31: -0.35765379 | AN31: -17.510549 | AO31: 35.777778
B32: Junio | C32: 3.4247937 | D32: -14.450886 | E32: 44.06531 | F32: -22.166135 | G32: -27.315127 | H32: -4.9877671 | I32: 7.7341733 | J32: -11.28943 | K32: 63.807501 | L32: 7.8385343 | M32: -6.0779561 | N32: 29.555756 | O32: 19.693678 | P32: -14.674475 | Q32: 103.26946 | R32: 27.199633 | S32: 1.6720696 | T32: 42.412657 | U32: 8.0168026 | V32: -13.551827 | W32: 67.64044 | X32: 10.895415 | Y32: 4.9609683 | Z32: 26.541968 | AA32: -15.30785 | AB32: -26.693773 | AC32: 15.770434 | AD32: 22.042038 | AE32: -6.5771678 | AF32: 63.53864 | AG32: 7.321693 | AH32: -11.70829 | AI32: 29.220058 | AJ32: 10.551303 | AK32: 6.5087654 | AL32: 14.922363 | AM32: 2.7516293 | AN32: -18.855932 | AO32: 49.427918
B33: Julio | C33: 16.90318 | D33: -7.4167233 | E33: 73.995125 | F33: -11.801465 | G33: -20.95605 | H33: 22.302385 | I33: 19.556941 | J33: -6.1484662 | K33: 94.23754 | L33: 13.023565 | M33: -2.9487887 | N33: 38.483909 | O33: 33.148415 | P33: -6.9900048 | Q33: 130.23893 | R33: 44.719944 | S33: 0.73474603 | T33: 71.685344 | U33: 25.970834 | V33: -4.3475465 | W33: 110.07047 | X33: 34.197933 | Y33: 12.311795 | Z33: 128.28856 | AA33: 0.027051886 | AB33: -16.990339 | AC33: 47.344379 | AD33: 34.366284 | AE33: 2.0641101 | AF33: 79.158346 | AG33: 22.170665 | AH33: 5.3205374 | AI33: 38.448417 | AJ33: 27.28265 | AK33: 18.778947 | AL33: 36.438853 | AM33: 15.603382 | AN33: -5.6626506 | AO33: 53.078556
B34: Agosto | C34: 25.46588 | D34: -0.71916447 | E34: 86.599524 | F34: -3.8197223 | G34: -13.207803 | H34: 27.551175 | I34: 26.901841 | J34: -1.7876771 | K34: 112.01076 | L34: 17.866104 | M34: 1.3986979 | N34: 44.480195 | O34: 46.964752 | P34: 0.54609613 | Q34: 159.24737 | R34: 51.785493 | S34: 8.0463097 | T34: 78.734313 | U34: 33.59084 | V34: 3.3338349 | W34: 115.6114 | X34: 39.017392 | Y34: 14.811427 | Z34: 149.64347 | AA34: 14.422387 | AB34: -4.5895229 | AC34: 66.866432 | AD34: 42.819542 | AE34: 6.0014263 | AF34: 94.746615 | AG34: 28.595641 | AH34: 8.0579754 | AI34: 51.281626 | AJ34: 33.767853 | AK34: 25.246117 | AL34: 42.931075 | AM34: 27.740864 | AN34: 8.543923 | AO34: 70.509383
B35: Septiembre | C35: 28.326417 | D35: 3.8142023 | E35: 80.476192 | F35: 6.3174577 | G35: -6.6242369 | H35: 49.980081 | I35: 29.349019 | J35: -0.40643458 | K35: 117.44419 | L35: 22.406015 | M35: 7.3055043 | N35: 45.107874 | O35: 45.682728 | P35: 8.1531693 | Q35: 115.72423 | R35: 39.038376 | S35: 10.602659 | T35: 54.083307 | U35: 27.945309 | V35: 4.0497345 | W35: 83.874325 | X35: 44.431598 | Y35: 15.580012 | Z35: 181.64832 | AA35: 20.623308 | AB35: 5.5909307 | AC35: 54.807497 | AD35: 42.892348 | AE35: 6.350314 | AF35: 93.588025 | AG35: 29.746713 | AH35: 21.975347 | AI35: 37.244357 | AJ35: 42.663299 | AK35: 27.166996 | AL35: 60.518331 | AM35: 25.874695 | AN35: 8.2175926 | AO35: 67.671233
B36: Octubre | C36: 26.168766 | D36: 8.6940604 | E36: 55.986918 | F36: 16.438076 | G36: 4.774444 | H36: 52.029576 | I36: 27.43226 | J36: 0.81080565 | K36: 89.822349 | L36: 15.806972 | M36: 8.3211375 | N36: 25.100763 | O36: 32.224143 | P36: 11.225248 | Q36: 60.924021 | R36: 25.57365 | S36: 13.865281 | T36: 30.757748 | U36: 27.70682 | V36: 6.8606775 | W36: 69.262471 | X36: 34.19432 | Y36: 17.294751 | Z36: 82.395393 | AA36: 22.56995 | AB36: 8.7957354 | AC36: 50.218872 | AD36: 51.665734 | AE36: 20.700916 | AF36: 86.99847 | AG36: 21.387283 | AH36: 31.290323 | AI36: 13.69084 | AJ36: 35.757098 | AK36: 37.701252 | AL36: 34.031362 | AM36: 19.637462 | AN36: 18.537201 | AO36: 21.280603
B37: Noviembre | C37: 26.545561 | D37: 10.7883 | E37: 51.311145 | F37: 20.263214 | G37: 7.4168113 | H37: 55.36343 | I37: 29.980875 | J37: 2.7317691 | K37: 89.936693 | L37: 14.655241 | M37: 7.6995701 | N37: 23.01302 | O37: 33.781571 | P37: 23.387896 | Q37: 45.756555 | R37: 20.242666 | S37: 7.378704 | T37: 26.008085 | U37: 24.4046 | V37: 5.9758063 | W37: 59.409197 | X37: 29.810039 | Y37: 13.978495 | Z37: 73.389992 | AA37: 27.829231 | AB37: 10.551271 | AC37: 59.126984 | AD37: 50.960921 | AE37: 18.65247 | AF37: 85.746346 | AG37: 16.788395 | AH37: 34.890625 | AI37: 3.0867483 | AJ37: 32.698186 | AK37: 44.576766 | AL37: 23.501763 | AM37: 16.750903 | AN37: 20.728643 | AO37: 11.375212
B38: Diciembre | C38: 26.165466 | D38: 11.344927 | E38: 47.312318 | F38: 24.207469 | G38: 11.951381 | H38: 54.445475 | I38: 34.722633 | J38: 4.4208074 | K38: 91.723321 | L38: 16.094753 | M38: 7.4512651 | N38: 25.899328 | O38: 24.224861 | P38: 21.884388 | Q38: 26.489126 | R38: 19.707785 | S38: 11.037457 | T38: 23.376818 | U38: 25.099524 | V38: 7.372934 | W38: 55.276546 | X38: 24.015573 | Y38: 9.2229782 | Z38: 62.983425 | AA38: 26.569299 | AB38: 10.396908 | AC38: 54.866566 | AD38: 45.014832 | AE38: 11.894507 | AF38: 80.404522 | AG38: 19.226551 | AH38: 29.82407 | AI38: 10.656388 | AJ38: 36.203796 | AK38: 48.640799 | AL38: 26.822643 | AM38: 12.30982 | AN38: 13.16726 | AO38: 11.111111
A39: 2022(p) | B39: Enero | C39: 26.008799 | D39: 13.862786 | E39: 43.082917 | F39: 25.92006 | G39: 19.404923 | H39: 42.655526 | I39: 33.805193 | J39: 5.6674368 | K39: 83.626832 | L39: 15.960227 | M39: 4.2976707 | N39: 30.021889 | O39: 22.624649 | P39: 19.67164 | Q39: 25.579381 | R39: 21.816378 | S39: 8.971512 | T39: 27.341703 | U39: 28.331496 | V39: 13.587372 | W39: 51.84322 | X39: 20.644952 | Y39: 7.8006473 | Z39: 52.410731 | AA39: 22.730917 | AB39: 15.378668 | AC39: 35.379868 | AD39: 43.564574 | AE39: 25.886191 | AF39: 61.046702 | AG39: 26.276159 | AH39: 35.370426 | AI39: 19.282666 | AJ39: 28.153832 | AK39: 48.497362 | AL39: 13.994891 | AM39: 12.656559 | AN39: 6.4171123 | AO39: 22.680412
B40: Febrero | C40: 26.961796 | D40: 15.5902 | E40: 43.656594 | F40: 33.978628 | G40: 19.601052 | H40: 73.865117 | I40: 37.597701 | J40: 10.858254 | K40: 90.671326 | L40: 13.897746 | M40: 4.8595044 | N40: 24.638319 | O40: 23.820505 | P40: 23.550998 | Q40: 24.111468 | R40: 17.485863 | S40: 4.8721419 | T40: 22.263138 | U40: 28.988102 | V40: 16.541746 | W40: 49.430804 | X40: 18.839536 | Y40: 9.2065736 | Z40: 42.762209 | AA40: 21.09856 | AB40: 14.673462 | AC40: 31.790313 | AD40: 39.327663 | AE40: 24.349563 | AF40: 54.31952 | AG40: 20.408028 | AH40: 29.88847 | AI40: 12.442957 | AJ40: 21.488184 | AK40: 24.54157 | AL40: 18.513701 | AM40: 21.258741 | AN40: 24.968474 | AO40: 16.640502
B41: Marzo | C41: 27.023274 | D41: 17.644497 | E41: 39.923598 | F41: 44.738133 | G41: 26.669886 | H41: 93.895052 | I41: 34.208997 | J41: 12.071696 | K41: 72.184214 | L41: 15.248716 | M41: 6.9962126 | N41: 24.561404 | O41: 21.323484 | P41: 22.937665 | Q41: 19.685756 | R41: 18.268794 | S41: 9.2966711 | T41: 21.591842 | U41: 27.444401 | V41: 17.086093 | W41: 43.675656 | X41: 13.124701 | Y41: 6.7278588 | Z41: 27.670528 | AA41: 23.160385 | AB41: 16.438686 | AC41: 33.890009 | AD41: 36.701655 | AE41: 26.285499 | AF41: 46.032281 | AG41: 17.972206 | AH41: 34.501502 | AI41: 5.0572786 | AJ41: 18.348271 | AK41: 29.813117 | AL41: 7.5872911 | AM41: 18.626784 | AN41: 26.146221 | AO41: 9.4879518
B42: Abril | C42: 29.966624 | D42: 19.223402 | E42: 44.713606 | F42: 48.77185 | G42: 31.417458 | H42: 95.552867 | I42: 36.907614 | J42: 12.65015 | K42: 77.86514 | L42: 20.006383 | M42: 8.2268688 | N42: 32.986329 | O42: 27.539652 | P42: 25.206537 | Q42: 29.993489 | R42: 21.513404 | S42: 12.075267 | T42: 24.895927 | U42: 32.763398 | V42: 20.025702 | W42: 52.706334 | X42: 9.832347 | Y42: 4.4707317 | Z42: 22.299098 | AA42: 24.758598 | AB42: 16.4782 | AC42: 37.939166 | AD42: 27.149816 | AE42: 22.479586 | AF42: 31.220057 | AG42: 23.288405 | AH42: 39.390479 | AI42: 10.573184 | AJ42: 21.681873 | AK42: 26.403237 | AL42: 16.962134 | AM42: 25.423729 | AN42: 35.70521 | AO42: 12.559618
B43: Mayo | C43: 35.322228 | D43: 21.448356 | E43: 55.702957 | F43: 57.383499 | G43: 31.73147 | H43: 132.67076 | I43: 43.606736 | J43: 18.35442 | K43: 87.985001 | L43: 21.844759 | M43: 10.143483 | N43: 35.507045 | O43: 30.682804 | P43: 26.200713 | Q43: 35.722523 | R43: 33.922005 | S43: 7.0881887 | T43: 45.92956 | U43: 35.993525 | V43: 21.826472 | W43: 59.410568 | X43: 8.646546 | Y43: 6.7997135 | Z43: 12.771709 | AA43: 37.326406 | AB43: 20.111186 | AC43: 68.841917 | AD43: 29.429153 | AE43: 27.821664 | AF43: 30.793607 | AG43: 32.416556 | AH43: 39.310543 | AI43: 26.209834 | AJ43: 21.621976 | AK43: 25.880007 | AL43: 17.28613 | AM43: 26.058866 | AN43: 34.015345 | AO43: 15.875614
B44: Junio | C44: 32.998161 | D44: 22.854704 | E44: 46.66308 | F44: 57.849666 | G44: 36.003605 | H44: 113.6064 | I44: 40.418196 | J44: 19.229397 | K44: 74.241146 | L44: 21.586257 | M44: 11.761914 | N44: 32.422183 | O44: 28.129122 | P44: 27.311937 | Q44: 28.963286 | R44: 26.533434 | S44: 7.481121 | T44: 34.63944 | U44: 31.769797 | V44: 21.88176 | W44: 45.86538 | X44: 6.6480475 | Y44: 5.5550172 | Z44: 9.0384106 | AA44: 34.07035 | AB44: 22.357736 | AC44: 54.31386 | AD44: 29.560803 | AE44: 27.495979 | AF44: 31.271096 | AG44: 25.048936 | AH44: 44.448495 | AI44: 9.7959418 | AJ44: 23.729185 | AK44: 27.228156 | AL44: 20.222846 | AM44: 21.775899 | AN44: 34.725849 | AO44: 6.5849923
B45: Julio | C45: 29.647392 | D45: 23.083199 | E45: 37.820067 | F45: 55.147427 | G45: 37.357915 | H45: 97.978854 | I45: 35.082273 | J45: 19.525999 | K45: 56.919482 | L45: 21.568243 | M45: 9.523185 | N45: 34.753695 | O45: 25.287257 | P45: 27.024001 | Q45: 23.590173 | R45: 21.330562 | S45: 17.142354 | T45: 22.837081 | U45: 27.981875 | V45: 24.656256 | W45: 32.182285 | X45: 5.067331 | Y45: 4.3047628 | Z45: 6.6801927 | AA45: 29.161258 | AB45: 18.234721 | AC45: 46.277359 | AD45: 23.04428 | AE45: 24.895485 | AF45: 21.581902 | AG45: 26.811796 | AH45: 47.426739 | AI45: 11.662292 | AJ45: 21.70054 | AK45: 24.920241 | AL45: 18.682505 | AM45: 17.68617 | AN45: 41.890166 | AO45: -8.5991678
B46: Agosto | C46: 26.858412 | D46: 21.193953 | E46: 33.894646 | F46: 45.440239 | G46: 33.957964 | H46: 71.548278 | I46: 32.471823 | J46: 17.494412 | K46: 53.054254 | L46: 19.155864 | M46: 10.439761 | N46: 29.042142 | O46: 24.086216 | P46: 28.766186 | Q46: 19.695717 | R46: 19.401886 | S46: 11.716448 | T46: 22.264349 | U46: 25.878723 | V46: 20.355958 | W46: 33.05376 | X46: 2.9498619 | Y46: 2.3500469 | Z46: 4.2105782 | AA46: 27.867196 | AB46: 15.634873 | AC46: 47.160494 | AD46: 23.59644 | AE46: 25.208301 | AF46: 22.359064 | AG46: 26.389996 | AH46: 43.741747 | AI46: 12.699457 | AJ46: 21.023642 | AK46: 24.331878 | AL46: 17.906517 | AM46: 21.651495 | AN46: 29.822616 | AO46: 10.062893
B47: Septiembre | C47: 24.606073 | D47: 20.092699 | E47: 30.129492 | F47: 43.112562 | G47: 32.996118 | H47: 64.361985 | I47: 31.09483 | J47: 18.717303 | K47: 47.879117 | L47: 18.644269 | M47: 10.790652 | N47: 27.375401 | O47: 20.314237 | P47: 25.38645 | Q47: 15.568324 | R47: 17.186849 | S47: 9.7119289 | T47: 20.025699 | U47: 25.670088 | V47: 20.442671 | W47: 32.593605 | X47: -0.1354659 | Y47: 0.80553163 | Z47: -1.9720102 | AA47: 23.816948 | AB47: 14.182658 | AC47: 38.760435 | AD47: 20.83961 | AE47: 22.890168 | AF47: 19.276784 | AG47: 19.08186 | AH47: 25.09655 | AI47: 13.92461 | AJ47: 18.977231 | AK47: 27.385677 | AL47: 11.301882 | AM47: 18.293471 | AN47: 23.636364 | AO47: 10.130719
B48: Octubre | C48: 21.612205 | D48: 17.083602 | E48: 26.996795 | F48: 40.108436 | G48: 26.05161 | H48: 69.669975 | I48: 26.292529 | J48: 18.586226 | K48: 35.884099 | L48: 16.247406 | M48: 10.219464 | N48: 22.727407 | O48: 18.078449 | P48: 21.669684 | Q48: 14.686026 | R48: 16.908275 | S48: 4.6419098 | T48: 21.637789 | U48: 19.86076 | V48: 14.740138 | W48: 26.305188 | X48: -1.653003 | Y48: -0.53241538 | Z48: -3.7083807 | AA48: 23.137824 | AB48: 14.262249 | AC48: 36.040958 | AD48: 15.804356 | AE48: 20.068602 | AF48: 12.663678 | AG48: 17.242063 | AH48: 21.208126 | AI48: 13.682569 | AJ48: 15.537741 | AK48: 19.559922 | AL48: 11.869678 | AM48: 19.570707 | AN48: 27.234043 | AO48: 8.3850932
B49: Noviembre | C49: 19.20117 | D49: 14.953026 | E49: 24.089832 | F49: 37.122442 | G49: 27.457269 | H49: 55.380784 | I49: 20.95482 | J49: 17.602664 | K49: 24.944142 | L49: 15.514786 | M49: 7.4485158 | N49: 24.000482 | O49: 16.475532 | P49: 14.554617 | Q49: 18.349053 | R49: 15.332976 | S49: 2.159146 | T49: 20.364365 | U49: 17.74096 | V49: 13.434128 | W49: 23.179463 | X49: 1.9521733 | Y49: -3.0847188 | Z49: 11.066509 | AA49: 13.687379 | AB49: 12.435191 | AC49: 15.263212 | AD49: 13.330496 | AE49: 20.596335 | AF49: 8.3333333 | AG49: 23.222571 | AH49: 4.3380053 | AI49: 41.926232 | AJ49: 12.957844 | AK49: 18.581927 | AL49: 7.8606455 | AM49: 19.418677 | AN49: 26.53486 | AO49: 8.9939024
B50: Diciembre | C50: 16.62129 | D50: 14.305988 | E50: 19.118303 | F50: 32.293267 | G50: 23.715767 | H50: 47.632946 | I50: 14.02704 | J50: 18.369035 | K50: 9.5785476 | L50: 13.740486 | M50: 7.9838917 | N50: 19.313543 | O50: 16.784826 | P50: 16.111607 | Q50: 17.412414 | R50: 15.903732 | S50: -1.9793659 | T50: 22.71448 | U50: 16.853734 | V50: 15.219166 | W50: 18.777903 | X50: -0.30496009 | Y50: -4.7583365 | Z50: 7.5568417 | AA50: 12.648351 | AB50: 12.323602 | AC50: 13.053409 | AD50: 13.309468 | AE50: 20.509409 | AF50: 8.537776 | AG50: 18.058038 | AH50: -3.8602743 | AI50: 38.853601 | AJ50: 10.598504 | AK50: 14.224306 | AL50: 7.3930768 | AM50: 17.179803 | AN50: 24.947589 | AO50: 6.119403
A51: 2023(p) | B51: Enero | C51: 14.530196 | D51: 14.546698 | E51: 14.511736 | F51: 26.850991 | G51: 20.937446 | H51: 39.565389 | I51: 14.033484 | J51: 19.145882 | K51: 8.8244384 | L51: 13.567448 | M51: 9.5555281 | N51: 17.447641 | O51: 14.158585 | P51: 22.377441 | Q51: 6.3218086 | R51: 12.108941 | S51: 1.5982533 | T51: 15.977967 | U51: 14.00882 | V51: 16.012018 | W51: 11.619227 | X51: -3.1236475 | Y51: -5.7373396 | Z51: 1.4483834 | AA51: 16.455797 | AB51: 11.439292 | AC51: 23.811208 | AD51: 13.443012 | AE51: 10.371639 | AF51: 15.817175 | AG51: 10.888252 | AH51: -3.1462915 | AI51: 23.136421 | AJ51: 10.545455 | AK51: 10.466553 | AL51: 10.61699 | AM51: 10.825044 | AN51: 19.19598 | AO51: -0.84033613
B52: Febrero | C52: 16.284963 | D52: 14.558281 | E52: 18.369432 | F52: 27.303993 | G52: 19.726593 | H52: 41.764479 | I52: 17.580072 | J52: 17.611151 | K52: 17.544207 | L52: 15.023554 | M52: 9.0072169 | N52: 21.688756 | O52: 17.285967 | P52: 20.331513 | Q52: 14.012798 | R52: 14.127258 | S52: 19.10616 | T52: 12.509791 | U52: 14.763712 | V52: 16.948491 | W52: 11.965084 | X52: 0.96922704 | Y52: -6.5533981 | Z52: 15.259968 | AA52: 13.238415 | AB52: 15.923209 | AC52: 9.3510119 | AD52: 12.180233 | AE52: 9.6974432 | AF52: 14.182684 | AG52: 14.623095 | AH52: 1.4050739 | AI52: 27.451299 | AJ52: 8.3556295 | AK52: 3.1091416 | AL52: 13.726494 | AM52: 9.2272203 | AN52: 25.42886 | AO52: -12.382234
B53: Marzo | C53: 13.774315 | D53: 12.360392 | E53: 15.451545 | F53: 24.466881 | G53: 12.660949 | H53: 45.450268 | I53: 16.663162 | J53: 16.36992 | K53: 16.99058 | L53: 11.883909 | M53: 9.0409475 | N53: 15.147877 | O53: 14.231822 | P53: 21.600859 | Q53: 6.5521457 | R53: 9.4990235 | S53: 16.11869 | T53: 7.2951837 | U53: 12.165693 | V53: 13.594457 | W53: 10.341185 | X53: -0.31426111 | Y53: -4.0764566 | Z53: 6.8373072 | AA53: 8.3654755 | AB53: 11.933593 | AC53: 3.4121864 | AD53: 6.2913661 | AE53: 7.1766259 | AF53: 5.6055957 | AG53: 13.710578 | AH53: -0.19674572 | AI53: 27.62234 | AJ53: 9.1059901 | AK53: -1.1136765 | AL53: 20.679843 | AM53: 10.659026 | AN53: 23.67387 | AO53: -7.565337
B54: Abril | C54: 11.785701 | D54: 12.739046 | E54: 10.749571 | F54: 21.345647 | G54: 12.57736 | H54: 37.229794 | I54: 11.90919 | J54: 17.87608 | K54: 5.5283588 | L54: 10.187256 | M54: 10.355908 | N54: 10.495475 | O54: 13.232347 | P54: 21.592758 | Q54: 4.7631406 | R54: 4.8130863 | S54: 16.779672 | T54: 0.96463356 | U54: 10.044846 | V54: 12.850441 | W54: 6.5922921 | X54: -0.28106463 | Y54: -5.5377863 | Z54: 10.159981 | AA54: 8.2711915 | AB54: 13.7317 | AC54: 0.9315795 | AD54: 13.215403 | AE54: 11.407904 | AF54: 14.685761 | AG54: 10.406396 | AH54: -3.1592422 | AI54: 23.910495 | AJ54: 6.811912 | AK54: -1.0284002 | AL54: 15.282172 | AM54: 7.6576577 | AN54: 17.883895 | AO54: -7.7683616
B55: Mayo | C55: 10.485255 | D55: 12.136361 | E55: 8.6231845 | F55: 16.025907 | G55: 13.074292 | H55: 20.930549 | I55: 10.901781 | J55: 14.9494 | K55: 6.4233071 | L55: 10.571471 | M55: 10.581585 | N55: 10.92601 | O55: 12.315589 | P55: 21.347878 | Q55: 2.8720822 | R55: 5.5970713 | S55: 16.830854 | T55: 1.908175 | U55: 10.996445 | V55: 15.495588 | W55: 5.3130612 | X55: 0.9327743 | Y55: -6.2488437 | Z55: 16.124456 | AA55: 5.0117958 | AB55: 11.965312 | AC55: -4.0438498 | AD55: 9.2509069 | AE55: 5.5833051 | AF55: 12.293269 | AG55: 13.013488 | AH55: -1.9497891 | AI55: 27.883436 | AJ55: 5.0064739 | AK55: -6.1712239 | AL55: 17.222431 | AM55: 6.8906606 | AN55: 20.229008 | AO55: -12.853107
B56: Junio | C56: 8.0930439 | D56: 10.083922 | E56: 5.8631912 | F56: 11.464278 | G56: 8.8673703 | H56: 15.684321 | I56: 8.0922097 | J56: 13.101164 | K56: 2.6209818 | L56: 10.808501 | M56: 11.440459 | N56: 10.438182 | O56: 7.5141279 | P56: 19.144852 | Q56: -4.2062307 | R56: 7.9382798 | S56: 12.996503 | T56: 6.2203038 | U56: 8.4595826 | V56: 16.069129 | W56: -0.60438239 | X56: -1.3327722 | Y56: -10.061738 | Z56: 17.146883 | AA56: 6.8703395 | AB56: 9.5845125 | AC56: 3.1507414 | AD56: 5.7504453 | AE56: 4.5630415 | AF56: 6.7056873 | AG56: 11.891504 | AH56: -2.9120824 | AI56: 27.204385 | AJ56: 4.097751 | AK56: -6.895128 | AL56: 15.755674 | AM56: 6.3078704 | AN56: 17.44186 | AO56: -10.201149
B58: Fuente: DANE, EMA
B59: (p): Cifra provisional
B60: Nota metodológica: Variación anual = ((Valor mes año actual-valor mes año anterior)/(valor mes año anterior))*100 1 El resto del personal lo conforman las siguientes categorías de contratación: los Propietarios, Socios y Familiares sin remuneración, el Temporal Directo, Temporal contratado a través de Agencias y los Aprendices. Regiones: Bogotá DC, Cartagena, Región Central (Boyacá, Cundinamarca, Huila y Tolima), Región Costa Caribe (Atlántico, Cesar, La Guajira y Magdalena), Región Eje Cafetero (Caldas, Quindío y Risaralda), Antioquia, San Andrés y Providencia, Región Pacífico (Valle del Cauca, Cauca, Nariño y Chocó), Región Santanderes (Santander y Norte de Santander), Llanos Orinoquía (Meta, Casanare, Arauca y Vichada), Región Golfo Morrosquillo y Sabana (Bolívar, Córdoba y Sucre), Región Amazonía (Amazonas, Caquetá, Guainía, Putumayo, Guaviare y Vaupés).
B62: Nota: como parte del proceso de producción estadística algunas fuentes de información presentaron actualización en la información; como consecuencia de este proceso se presentan cambios en la serie histórica.
B63: ='1.1 V.A Ing.real'!B65 -> Actualizado el 14 de agosto de 2023

Sheet 2.2 V.A.C Per.categ
L4: Inicio
A6: ENCUESTA MENSUAL DE ALOJAMIENTO - EMA
A9: 2.2 Variaciones año corrido del personal total y por categoría
A10: Total nacional y 12 regiones
A11: ='1.1 V.A Ing.real'!A12 -> Enero 2020 - junio 2023
A13: Año | B13: Meses | C13: Total nacional | F13: Bogotá D.C. | I13: Cartagena | L13: Central | O13: Caribe | R13: Eje Cafetero | U13: Antioquia | X13: San Andrés y Providencia | AA13: Pacífico | AD13: Santanderes | AG13: Llanos Orinoquía | AJ13: Golfo de Morrosquillo y Sabana | AM13: Amazonía
C14: Total del personal | D14: Personal permanente | E14: Resto de personal | F14: Total del personal | G14: Personal permanente | H14: Resto de personal | I14: Total del personal | J14: Personal permanente | K14: Resto de personal | L14: Total del personal | M14: Personal permanente | N14: Resto de personal | O14: Total del personal | P14: Personal permanente | Q14: Resto de personal | R14: Total del personal | S14: Personal permanente | T14: Resto de personal | U14: Total del personal | V14: Personal permanente | W14: Resto de personal | X14: Total del personal | Y14: Personal permanente | Z14: Resto de personal | AA14: Total del personal | AB14: Personal permanente | AC14: Resto de personal | AD14: Total del personal | AE14: Personal permanente | AF14: Resto de personal | AG14: Total del personal | AH14: Personal permanente | AI14: Resto de personal | AJ14: Total del personal | AK14: Personal permanente | AL14: Resto de personal | AM14: Total del personal | AN14: Personal permanente | AO14: Resto de personal
A15: 2020(p) | B15: Enero | C15: 2.1820408 | D15: 1.0538161 | E15: 3.6666675 | F15: 1.3476145 | G15: 2.2650545 | H15: -0.44416244 | I15: 3.9930471 | J15: 2.2090602 | K15: 6.4614258 | L15: 1.6286857 | M15: 4.0744566 | N15: -0.70868107 | O15: 4.7674563 | P15: -0.94763238 | Q15: 12.224642 | R15: 4.1703674 | S15: 8.2823025 | T15: 2.362939 | U15: 4.0186164 | V15: 0.90153469 | W15: 8.8948853 | X15: -6.8581622 | Y15: -0.92100287 | Z15: -15.238006 | AA15: 1.9071407 | AB15: -0.087296466 | AC15: 5.0933786 | AD15: 2.4784314 | AE15: -1.0030316 | AF15: 5.5127871 | AG15: -8.2130078 | AH15: -14.400871 | AI15: -2.4307818 | AJ15: 8.3571272 | AK15: -3.5000699 | AL15: 21.408797 | AM15: 0.96618357 | AN15: 11.260054 | AO15: -11.146162
B16: Febrero | C16: 2.3014184 | D16: 0.67404662 | E16: 4.4953009 | F16: 1.6994358 | G16: 1.841269 | H16: 1.4245749 | I16: 4.0651423 | J16: 2.2651014 | K16: 6.6297796 | L16: 1.9000322 | M16: 4.2198288 | N16: -0.37819035 | O16: 3.7849315 | P16: -2.1374369 | Q16: 11.741616 | R16: 5.3659489 | S16: 6.542424 | T16: 4.8290903 | U16: 3.9938695 | V16: -1.0236225 | W16: 12.460762 | X16: -5.5683278 | Y16: -0.53716107 | Z16: -12.841125 | AA16: 1.9552088 | AB16: 0.6195157 | AC16: 4.067519 | AD16: 3.1160673 | AE16: -0.18312944 | AF16: 6.0102683 | AG16: -8.1870083 | AH16: -13.334223 | AI16: -3.3338925 | AJ16: 6.0241404 | AK16: -3.5135704 | AL16: 16.387883 | AM16: 1.8070818 | AN16: 12.306994 | AO16: -10.406762
B17: Marzo | C17: -0.69896402 | D17: -0.52371083 | E17: -0.93515539 | F17: -0.99624669 | G17: 0.62371707 | H17: -4.0943767 | I17: 0.64648533 | J17: 2.1517263 | K17: -1.4908828 | L17: -0.61630808 | M17: 2.7959806 | N17: -3.9776536 | O17: 0.27656131 | P17: -3.5295019 | Q17: 5.4109713 | R17: 1.4234439 | S17: 4.8532789 | T17: -0.17003289 | U17: 0.55915673 | V17: -2.6957876 | W17: 6.0721566 | X17: -7.7087297 | Y17: -2.5936835 | Z17: -15.049746 | AA17: -0.78580937 | AB17: -0.11970758 | AC17: -1.8268221 | AD17: 0.67227287 | AE17: -3.0265612 | AF17: 3.926394 | AG17: -9.4445621 | AH17: -14.299034 | AI17: -4.8587137 | AJ17: 2.3088514 | AK17: -3.7780484 | AL17: 8.8716602 | AM17: -0.48828125 | AN17: 9.2665258 | AO17: -11.903921
B18: Abril | C18: -6.6831639 | D18: -3.1287992 | E18: -11.47305 | F18: -7.0495416 | G18: -2.8553274 | H18: -15.073348 | I18: -5.7232235 | J18: -0.042317112 | K18: -13.829969 | L18: -5.9037542 | M18: 0.35748924 | N18: -12.071414 | O18: -5.9882667 | P18: -4.7314486 | Q18: -7.6726643 | R18: -6.2320724 | S18: -1.4935658 | T18: -8.4422111 | U18: -6.309519 | V18: -5.4407692 | W18: -7.776105 | X18: -10.774881 | Y18: -4.7651566 | Z18: -19.388353 | AA18: -5.9131883 | AB18: -2.1962556 | AC18: -11.736691 | AD18: -5.7896916 | AE18: -5.9357463 | AF18: -5.6613608 | AG18: -15.306776 | AH18: -17.409426 | AI18: -13.349194 | AJ18: -2.5167254 | AK18: -5.3622322 | AL18: 0.49982282 | AM18: -5.9040137 | AN18: 5.6689342 | AO18: -19.561145
B19: Mayo | C19: -11.521677 | D19: -6.2610277 | E19: -18.641092 | F19: -12.509857 | G19: -6.803629 | H19: -23.380215 | I19: -10.919917 | J19: -3.1325429 | K19: -22.080144 | L19: -9.5907616 | M19: -2.0998395 | N19: -17.016694 | O19: -10.714759 | P19: -7.2154549 | Q19: -15.442308 | R19: -12.264468 | S19: -6.3659036 | T19: -15.020747 | U19: -12.10983 | V19: -9.5448761 | W19: -16.485107 | X19: -12.850936 | Y19: -6.1786719 | Z19: -22.511027 | AA19: -9.9324052 | AB19: -3.8849664 | AC19: -19.363348 | AD19: -11.295917 | AE19: -9.2106651 | AF19: -13.127104 | AG19: -18.404883 | AH19: -19.786498 | AI19: -17.098715 | AJ19: -7.0942684 | AK19: -8.9216818 | AL19: -5.1788771 | AM19: -10.918919 | AN19: 1.9080502 | AO19: -26.027397
B20: Junio | C20: -15.948781 | D20: -9.4639639 | E20: -24.739327 | F20: -17.5032 | G20: -10.996838 | H20: -29.877094 | I20: -15.529985 | J20: -6.6555899 | K20: -28.364639 | L20: -13.444361 | M20: -4.3118757 | N20: -22.43535 | O20: -15.416921 | P20: -10.391978 | Q20: -22.259067 | R20: -17.905375 | S20: -11.041862 | T20: -21.092248 | U20: -17.120748 | V20: -13.215757 | W20: -23.751902 | X20: -15.102107 | Y20: -7.2721112 | Z20: -26.57743 | AA20: -13.344665 | AB20: -5.9090273 | AC20: -24.928735 | AD20: -16.291965 | AE20: -11.568745 | AF20: -20.408074 | AG20: -20.334591 | AH20: -20.861433 | AI20: -19.830831 | AJ20: -10.688418 | AK20: -11.459972 | AL20: -9.8900431 | AM20: -14.44135 | AN20: -0.62187168 | AO20: -30.667854
B21: Julio | C21: -19.823093 | D21: -12.307976 | E21: -29.966896 | F21: -22.13732 | G21: -14.418892 | H21: -36.506817 | I21: -19.191193 | J21: -9.4470085 | K21: -33.294458 | L21: -16.373209 | M21: -5.909701 | N21: -26.596997 | O21: -19.363046 | P21: -13.238322 | Q21: -27.714943 | R21: -22.365391 | S21: -15.29812 | T21: -25.662237 | U21: -21.567104 | V21: -16.680674 | W21: -29.794826 | X21: -18.200697 | Y21: -8.7133356 | Z21: -32.269036 | AA21: -16.663212 | AB21: -8.2880172 | AC21: -29.673038 | AD21: -20.215345 | AE21: -13.982392 | AF21: -25.625674 | AG21: -22.06715 | AH21: -22.622735 | AI21: -21.533987 | AJ21: -14.400938 | AK21: -14.57977 | AL21: -14.217196 | AM21: -17.554573 | AN21: -4.2666321 | AO21: -33.231334
B22: Agosto | C22: -23.004189 | D22: -14.824056 | E22: -34.016065 | F22: -25.713351 | G22: -17.508737 | H22: -40.82769 | I22: -22.148974 | J22: -11.841819 | K22: -37.110703 | L22: -18.704152 | M22: -7.2993654 | N22: -29.79663 | O22: -22.866886 | P22: -15.967452 | Q22: -32.266585 | R22: -25.99815 | S22: -18.644543 | T22: -29.432172 | U22: -25.093297 | V22: -19.564368 | W22: -34.341146 | X22: -20.555199 | Y22: -9.6837266 | Z22: -36.808566 | AA22: -19.954961 | AB22: -11.048731 | AC22: -33.753092 | AD22: -23.511159 | AE22: -16.051216 | AF22: -29.95088 | AG22: -23.652193 | AH22: -23.540526 | AI22: -23.75914 | AJ22: -17.480353 | AK22: -17.212725 | AL22: -17.753666 | AM22: -20.639784 | AN22: -6.9770076 | AO22: -36.747229
B23: Septiembre | C23: -25.421225 | D23: -16.953526 | E23: -36.802705 | F23: -28.774861 | G23: -20.207644 | H23: -44.406124 | I23: -24.434649 | J23: -13.741436 | K23: -40.014728 | L23: -20.447889 | M23: -8.7323642 | N23: -31.843011 | O23: -25.319301 | P23: -18.346736 | Q23: -34.80612 | R23: -27.845342 | S23: -21.165323 | T23: -30.988806 | U23: -27.61431 | V23: -21.779083 | W23: -37.301813 | X23: -22.382609 | Y23: -10.40366 | Z23: -40.426392 | AA23: -22.704098 | AB23: -13.825835 | AC23: -36.425918 | AD23: -25.895685 | AE23: -17.50857 | AF23: -33.105997 | AG23: -24.785694 | AH23: -24.567089 | AI23: -24.994553 | AJ23: -20.054149 | AK23: -19.158373 | AL23: -20.963074 | AM23: -22.940217 | AN23: -8.6820926 | AO23: -39.692671
B24: Octubre | C24: -27.057214 | D24: -18.751785 | E24: -38.186464 | F24: -31.279733 | G24: -22.633395 | H24: -46.961562 | I24: -26.070175 | J24: -15.342002 | K24: -41.690771 | L24: -21.303045 | M24: -9.7320251 | N24: -32.520296 | O24: -26.652918 | P24: -20.148901 | Q24: -35.439506 | R24: -28.636812 | S24: -23.241288 | T24: -31.192919 | U24: -29.383704 | V24: -23.54797 | W24: -38.998101 | X24: -23.182967 | Y24: -11.025565 | Z24: -41.611046 | AA24: -24.773712 | AB24: -16.179741 | AC24: -38.039146 | AD24: -27.853436 | AE24: -19.216943 | AF24: -35.235853 | AG24: -24.946997 | AH24: -25.269499 | AI24: -24.640452 | AJ24: -21.529728 | AK24: -20.932955 | AL24: -22.131573 | AM24: -24.275876 | AN24: -10.751424 | AO24: -40.163586
B25: Noviembre | C25: -28.282361 | D25: -20.284024 | E25: -38.971599 | F25: -33.412116 | G25: -24.810119 | H25: -48.907991 | I25: -27.37815 | J25: -16.714593 | K25: -42.884515 | L25: -21.848833 | M25: -10.648188 | N25: -32.715019 | O25: -27.534494 | P25: -21.943639 | Q25: -35.063091 | R25: -28.986114 | S25: -24.417352 | T25: -31.154536 | U25: -30.560502 | V25: -24.795442 | W25: -39.995226 | X25: -23.689627 | Y25: -11.452794 | Z25: -42.350711 | AA25: -26.252469 | AB25: -18.097785 | AC25: -38.834016 | AD25: -29.172378 | AE25: -20.426096 | AF25: -36.607091 | AG25: -25.183545 | AH25: -25.890155 | AI25: -24.517633 | AJ25: -22.531434 | AK25: -22.544514 | AL25: -22.518336 | AM25: -25.244566 | AN25: -12.987437 | AO25: -39.785154
B26: Diciembre | C26: -29.116805 | D26: -21.446729 | E26: -39.30363 | F26: -35.077283 | G26: -26.70408 | H26: -50.117169 | I26: -28.275686 | J26: -17.800466 | K26: -43.424338 | L26: -22.428824 | M26: -11.52217 | N26: -32.964721 | O26: -27.776292 | P26: -23.172413 | Q26: -33.906397 | R26: -29.225144 | S26: -25.440049 | T26: -31.018932 | U26: -31.247658 | V26: -25.446655 | W26: -40.592349 | X26: -23.837899 | Y26: -11.620259 | Z26: -42.596725 | AA26: -27.446566 | AB26: -19.576993 | AC26: -39.526665 | AD26: -30.048194 | AE26: -21.153512 | AF26: -37.564375 | AG26: -25.496436 | AH26: -25.894333 | AI26: -25.128626 | AJ26: -23.335632 | AK26: -23.947714 | AL26: -22.726314 | AM26: -25.550231 | AN26: -14.520202 | AO26: -38.855044
A27: 2021(p) | B27: Enero | C27: -37.594248 | D27: -35.106671 | E27: -40.785138 | F27: -53.149096 | G27: -49.467861 | H27: -60.534264 | I27: -37.228732 | J27: -29.685621 | K27: -47.248734 | L27: -28.588169 | M27: -21.994938 | N27: -35.192704 | O27: -29.052773 | P27: -33.705219 | Q27: -23.694682 | R27: -32.815785 | S27: -36.33334 | T27: -31.180211 | U27: -40.114058 | V27: -37.803486 | W27: -43.463321 | X27: -22.357826 | Y27: -11.201922 | Z27: -40.763104 | AA27: -41.436458 | AB27: -38.578863 | AC27: -45.776598 | AD27: -38.144803 | AE27: -31.635855 | AF27: -43.467508 | AG27: -29.650523 | AH27: -32.115042 | AI27: -27.630096 | AJ27: -28.232154 | AK27: -36.885543 | AL27: -20.661262 | AM27: -27.416268 | AN27: -24.899598 | AO27: -31.12426
B28: Febrero | C28: -37.803838 | D28: -35.066606 | E28: -41.358996 | F28: -53.866362 | G28: -49.196645 | H28: -62.95307 | I28: -38.834652 | J28: -30.982323 | K28: -49.564437 | L28: -27.048132 | M28: -20.85541 | N28: -33.410573 | O28: -29.152785 | P28: -33.239232 | Q28: -24.344565 | R28: -32.669184 | S28: -38.819085 | T28: -29.816944 | U28: -39.965653 | V28: -37.913722 | W28: -43.013062 | X28: -22.496373 | Y28: -11.303208 | Z28: -40.96076 | AA28: -40.489801 | AB28: -38.138218 | AC28: -44.085457 | AD28: -37.197125 | AE28: -30.757882 | AF28: -42.515896 | AG28: -28.389736 | AH28: -30.348208 | AI28: -26.734198 | AJ28: -24.201715 | AK28: -27.489461 | AL28: -21.240097 | AM28: -29.311586 | AN28: -30.125354 | AO28: -28.125
B29: Marzo | C29: -35.541235 | D29: -34.261416 | E29: -37.273229 | F29: -52.926431 | G29: -48.603485 | H29: -61.60065 | I29: -36.589568 | J29: -31.335119 | K29: -44.326517 | L29: -24.640909 | M29: -19.697534 | N29: -29.853993 | O29: -26.259659 | P29: -32.271402 | Q29: -18.837613 | R29: -29.201221 | S29: -39.114322 | T29: -24.36392 | U29: -37.74524 | V29: -37.024033 | W29: -38.865799 | X29: -19.437333 | Y29: -8.5197205 | Z29: -37.403554 | AA29: -38.079369 | AB29: -37.082043 | AC29: -39.665135 | AD29: -33.953279 | AE29: -28.274993 | AF29: -38.614643 | AG29: -25.135735 | AH29: -27.831397 | AI29: -22.841912 | AJ29: -19.897377 | AK29: -23.818797 | AL29: -16.160609 | AM29: -27.739614 | AN29: -29.972376 | AO29: -24.498797
B30: Abril | C30: -31.424061 | D30: -32.70863 | E30: -29.5298 | F30: -50.365687 | G30: -47.291457 | H30: -57.092992 | I30: -31.983738 | J30: -30.102879 | K30: -35.097211 | L30: -20.55871 | M30: -18.356899 | N30: -23.034191 | O30: -21.813007 | P30: -31.462288 | Q30: -8.4689962 | R30: -22.969313 | S30: -36.041528 | T30: -16.409423 | U30: -33.409186 | V30: -35.474522 | W30: -29.834284 | X30: -15.658234 | Y30: -5.4896613 | Z30: -32.876194 | AA30: -34.401145 | AB30: -35.763755 | AC30: -32.035519 | AD30: -28.487021 | AE30: -25.987988 | AF30: -30.676407 | AG30: -19.472946 | AH30: -24.180086 | AI30: -15.295912 | AJ30: -15.792015 | AK30: -20.229022 | AL30: -11.362666 | AM30: -23.89773 | AN30: -28.712446 | AO30: -16.433799
B31: Mayo | C31: -28.049706 | D31: -30.696115 | E31: -23.923251 | F31: -47.907542 | G31: -45.396446 | H31: -53.72611 | I31: -28.232786 | J31: -28.289381 | K31: -28.131956 | L31: -17.544221 | M31: -16.720764 | N31: -18.507272 | O31: -18.058188 | P31: -29.65136 | Q31: -0.87201148 | R31: -19.009398 | S31: -32.496056 | T31: -12.065517 | U31: -29.389253 | V31: -32.97193 | W31: -22.770093 | X31: -12.902609 | Y31: -4.0201987 | Z31: -28.473035 | AA31: -32.213078 | AB31: -34.711323 | AC31: -27.569236 | AD31: -23.281259 | AE31: -23.328992 | AF31: -23.237453 | AG31: -16.026151 | AH31: -21.14274 | AI31: -11.345792 | AJ31: -11.938354 | AK31: -15.825114 | AL31: -8.0252774 | AM31: -20.26699 | AN31: -26.81883 | AO31: -9.6354167
B32: Junio | C32: -24.133127 | D32: -28.431183 | E32: -17.124329 | F32: -44.804263 | G32: -43.024546 | H32: -49.100265 | I32: -23.887221 | J32: -25.941937 | K32: -20.015019 | L32: -14.165124 | M32: -15.146301 | N32: -12.973443 | O32: -13.434845 | P32: -27.523552 | Q32: 8.6772267 | R32: -13.880253 | S32: -28.374373 | T32: -6.2931488 | U32: -24.92599 | V32: -30.389887 | W32: -14.365512 | X32: -9.5374027 | Y32: -2.6019603 | Z32: -22.374249 | AA32: -29.913264 | AB32: -33.504239 | AC32: -22.901464 | AD32: -17.928617 | AE32: -20.94887 | AF32: -15.004273 | AG32: -12.834756 | AH32: -19.721764 | AI32: -6.3341294 | AJ32: -8.8346003 | AK32: -12.648861 | AL32: -4.9565159 | AM32: -17.223552 | AN32: -25.671551 | AO32: -3.0053943
B33: Julio | C33: -19.898492 | D33: -26.01068 | E33: -9.5680605 | F33: -41.568513 | G33: -40.638964 | H33: -43.901088 | I33: -19.388556 | J33: -23.641094 | K33: -11.033233 | L33: -11.036103 | M33: -13.594968 | N33: -7.8312147 | O33: -8.6530426 | P33: -25.121153 | Q33: 18.300866 | R33: -8.3193583 | S33: -25.349401 | T33: 0.73267758 | U33: -19.933883 | V33: -27.572893 | W33: -4.6687137 | X33: -4.8758845 | Y33: -0.667086 | Z33: -13.287426 | AA33: -26.609824 | AB33: -31.502611 | AC33: -16.698376 | AD33: -12.619933 | AE33: -18.239531 | AF33: -6.9783715 | AG33: -8.9512386 | AH33: -16.914138 | AI33: -1.4157245 | AJ33: -4.8929682 | AK33: -9.1324524 | AL33: -0.555502 | AM33: -13.587604 | AN33: -23.421837 | AO33: 3.0476627
B34: Agosto | C34: -15.819231 | D34: -23.502124 | E34: -2.468517 | F34: -38.323916 | G34: -38.117642 | H34: -38.853658 | I34: -15.157966 | J34: -21.413304 | K34: -2.429395 | L34: -8.1388233 | M34: -11.943482 | N34: -3.2525038 | O34: -3.8190359 | P34: -22.608984 | Q34: 27.94024 | R34: -3.2146476 | S34: -22.259638 | T34: 7.0386442 | U34: -15.294499 | V34: -24.660836 | W34: 3.8976948 | X34: -0.68616669 | Y34: 1.1124375 | Z34: -4.5294141 | AA34: -22.885258 | AB34: -28.847741 | AC34: -10.48188 | AD34: -7.6716136 | AE34: -15.749766 | AF34: 0.68548246 | AG34: -5.3471303 | AH34: -14.346171 | AI34: 3.2962713 | AJ34: -1.2164624 | AK34: -5.7906601 | AL34: 3.4856268 | AM34: -9.7451737 | AN34: -20.187508 | AO34: 8.3597213
B35: Septiembre | C35: -12.163969 | D35: -21.092423 | E35: 3.6060543 | F35: -34.937294 | G35: -35.570958 | H35: -33.277907 | I35: -11.44637 | J35: -19.478757 | K35: 5.3828358 | L35: -5.386203 | M35: -10.101918 | N35: 0.75581686 | O35: 0.31474863 | P35: -19.954796 | Q35: 34.856049 | R35: 0.45092415 | S35: -19.438138 | T35: 11.142529 | U35: -11.722487 | V35: -22.19674 | W35: 9.9717832 | X35: 3.2189407 | Y35: 2.6038329 | Z35: 4.612407 | AA35: -19.383012 | AB35: -26.003215 | AC35: -5.5137935 | AD35: -3.4182898 | AE35: -13.650433 | AF35: 7.4292109 | AG35: -2.2108603 | AH35: -11.093456 | AI35: 6.3241027 | AJ35: 2.4713421 | AK35: -2.8789671 | AL35: 8.0241449 | AM35: -6.6577333 | AN35: -17.48375 | AO35: 12.602901
B36: Octubre | C36: -9.0513864 | D36: -18.701666 | E36: 7.9456785 | F36: -31.388172 | G36: -32.678272 | H36: -27.975058 | I36: -8.2840949 | J36: -17.774853 | K36: 11.779253 | L36: -3.4683153 | M36: -8.4664253 | N36: 3.0132682 | O36: 3.0964911 | P36: -17.445708 | Q36: 37.420624 | R36: 2.719434 | S36: -16.769027 | T36: 13.018966 | U36: -8.5391924 | V36: -19.877884 | W36: 14.87263 | X36: 5.9464601 | Y36: 3.9762911 | Z36: 10.497151 | AA36: -16.193293 | AB36: -23.391482 | AC36: -1.1624816 | AD36: 0.87060674 | AE36: -10.888118 | AF36: 13.407994 | AG36: -0.062947641 | AH36: -7.616595 | AI36: 7.0570342 | AJ36: 5.3285014 | AK36: 0.35858919 | AL36: 10.417808 | AM36: -4.4120493 | AN36: -14.589666 | AO36: 13.420912
B37: Noviembre | C37: -6.3012704 | D37: -16.511646 | E37: 11.522608 | F37: -28.060322 | G37: -30.07378 | H37: -22.722479 | I37: -5.3567324 | J37: -16.187584 | K37: 17.609279 | L37: -1.9119352 | M37: -7.1206038 | N37: 4.7984279 | O37: 5.6369762 | P37: -14.517737 | Q37: 38.260374 | R37: 4.2626608 | S37: -14.847794 | T37: 14.220454 | U37: -5.9472787 | V37: -17.895662 | W37: 18.559877 | X37: 7.9146398 | Y37: 4.839751 | Z37: 15.117055 | AA37: -12.951358 | AB37: -21.001371 | AC37: 3.6792889 | AD37: 4.7028801 | AE37: -8.6182043 | AF37: 18.916684 | AG37: 1.3715389 | AH37: -4.3728911 | AI37: 6.6866719 | AJ37: 7.5556569 | AK37: 3.497112 | AL37: 11.618646 | AM37: -2.6764567 | AN37: -11.953872 | AO37: 13.227258
B38: Diciembre | C38: -3.8648773 | D38: -14.567543 | E38: 14.531516 | F38: -24.858062 | G38: -27.547465 | H38: -17.760037 | I38: -2.3529486 | J38: -14.699207 | K38: 23.588006 | L38: -0.45226492 | M38: -6.0004309 | N38: 6.6216603 | O38: 7.1996603 | P38: -12.040624 | Q38: 36.978871 | R38: 5.5736624 | S38: -12.919058 | T38: 15.046297 | U38: -3.5963544 | V38: -16.094073 | W38: 21.668537 | X38: 9.2013233 | Y38: 5.2010533 | Z38: 18.657676 | AA38: -10.185061 | AB38: -18.91782 | AC38: 7.6423039 | AD38: 7.7357668 | AE38: -7.0739498 | AF38: 23.539639 | AG38: 2.8671709 | AH38: -1.6922612 | AI38: 7.0387276 | AJ38: 9.7511771 | AK38: 6.5029897 | AL38: 12.933589 | AM38: -1.4944911 | AN38: -10.113824 | AO38: 13.040293
A39: 2022(p) | B39: Enero | C39: 26.008799 | D39: 13.862786 | E39: 43.082917 | F39: 25.92006 | G39: 19.404923 | H39: 42.655526 | I39: 33.805193 | J39: 5.6674368 | K39: 83.626832 | L39: 15.960227 | M39: 4.2976707 | N39: 30.021889 | O39: 22.624649 | P39: 19.67164 | Q39: 25.579381 | R39: 21.816378 | S39: 8.971512 | T39: 27.341703 | U39: 28.331496 | V39: 13.587372 | W39: 51.84322 | X39: 20.644952 | Y39: 7.8006473 | Z39: 52.410731 | AA39: 22.730917 | AB39: 15.378668 | AC39: 35.379868 | AD39: 43.564574 | AE39: 25.886191 | AF39: 61.046702 | AG39: 26.276159 | AH39: 35.370426 | AI39: 19.282666 | AJ39: 28.153832 | AK39: 48.497362 | AL39: 13.994891 | AM39: 12.656559 | AN39: 6.4171123 | AO39: 22.680412
B40: Febrero | C40: 26.479552 | D40: 14.724275 | E40: 43.362382 | F40: 29.94335 | G40: 19.50387 | H40: 57.800387 | I40: 35.63288 | J40: 8.220519 | K40: 86.89097 | L40: 14.932871 | M40: 4.5791426 | N40: 27.359119 | O40: 23.206804 | P40: 21.596293 | Q40: 24.878985 | R40: 19.678189 | S40: 7.0402685 | T40: 24.787676 | U40: 28.655633 | V40: 15.054146 | W40: 50.663329 | X40: 19.742041 | Y40: 8.5041877 | Z40: 47.592511 | AA40: 21.906772 | AB40: 15.024805 | AC40: 33.548791 | AD40: 41.426898 | AE40: 25.10858 | AF40: 57.662726 | AG40: 23.363044 | AH40: 32.581786 | AI40: 15.954644 | AJ40: 24.705749 | AK40: 35.009022 | AL40: 16.160944 | AM40: 16.830675 | AN40: 14.930556 | AO40: 19.5242
B41: Marzo | C41: 26.663312 | D41: 15.700093 | E41: 42.181613 | F41: 34.889822 | G41: 21.908118 | H41: 69.755019 | I41: 35.154301 | J41: 9.4885221 | K41: 81.764752 | L41: 15.038185 | M41: 5.3767424 | N41: 26.414621 | O41: 22.572387 | P41: 22.04474 | Q41: 23.115991 | R41: 19.208485 | S41: 7.7609145 | T41: 23.705176 | U41: 28.245816 | V41: 15.736034 | W41: 48.268165 | X41: 17.459363 | Y41: 7.9016344 | Z41: 40.445265 | AA41: 22.337728 | AB41: 15.503876 | AC41: 33.668885 | AD41: 39.777918 | AE41: 25.504973 | AF41: 53.468288 | AG41: 21.511239 | AH41: 33.23445 | AI41: 12.180678 | AJ41: 22.497034 | AK41: 33.125639 | AL41: 13.294046 | AM41: 17.428701 | AN41: 18.500986 | AO41: 15.98513
B42: Abril | C42: 27.493316 | D42: 16.577486 | E42: 42.825795 | F42: 38.338484 | G42: 24.272262 | H42: 76.150958 | I42: 35.596717 | J42: 10.270609 | K42: 80.74625 | L42: 16.275667 | M42: 6.0747571 | N42: 28.08422 | O42: 23.797771 | P42: 22.830691 | Q42: 24.799189 | R42: 19.789903 | S42: 8.7958542 | T42: 24.011199 | U42: 29.37027 | V42: 16.796934 | W42: 49.384093 | X42: 15.500079 | Y42: 7.0268287 | Z42: 35.701154 | AA42: 22.954925 | AB42: 15.749411 | AC42: 34.778206 | AD42: 36.456692 | AE42: 24.738294 | AF42: 47.417425 | AG42: 21.96432 | AH42: 34.798774 | AI42: 11.76979 | AJ42: 22.288147 | AK42: 31.305928 | AL42: 14.186417 | AM42: 19.369215 | AN42: 22.576761 | AO42: 15.127389
B43: Mayo | C43: 29.026326 | D43: 17.545402 | E43: 45.294256 | F43: 42.085248 | G43: 25.7671 | H43: 86.703087 | I43: 37.173321 | J43: 11.855144 | K43: 82.18154 | L43: 17.358555 | M43: 6.8690861 | N43: 29.520624 | O43: 25.124107 | P43: 23.500913 | Q43: 26.831787 | R43: 22.39463 | S43: 8.4523743 | T43: 27.905256 | U43: 30.664036 | V43: 17.790805 | W43: 51.30614 | X43: 14.099708 | Y43: 6.9811461 | Z43: 30.844201 | AA43: 25.73325 | AB43: 16.620218 | AC43: 41.002585 | AD43: 34.992729 | AE43: 25.354902 | AF43: 43.827301 | AG43: 23.96317 | AH43: 35.709944 | AI43: 14.405333 | AJ43: 22.154011 | AK43: 30.156485 | AL43: 14.780593 | AM43: 20.658641 | AN43: 24.756335 | AO43: 15.273775
B44: Junio | C44: 29.700096 | D44: 18.430229 | E44: 45.532205 | F44: 44.765216 | G44: 27.480167 | H44: 91.469483 | I44: 37.728248 | J44: 13.074888 | K44: 80.74586 | L44: 18.065648 | M44: 7.6702717 | N44: 30.017961 | O44: 25.63296 | P44: 24.138346 | Q44: 27.197352 | R44: 23.073171 | S44: 8.286064 | T44: 28.989666 | U44: 30.85387 | V44: 18.466297 | W44: 50.316023 | X44: 12.807988 | Y44: 6.7384556 | Z44: 26.903597 | AA44: 27.103797 | AB44: 17.572502 | AC44: 43.155343 | AD44: 34.038795 | AE44: 25.714414 | AF44: 41.535119 | AG44: 24.145902 | AH44: 37.157487 | AI44: 13.619711 | AJ44: 22.417624 | AK44: 29.648691 | AL44: 15.6606 | AM44: 20.842008 | AN44: 26.324435 | AO44: 13.771186
B45: Julio | C45: 29.692159 | D45: 19.100856 | E45: 44.301692 | F45: 46.301702 | G45: 28.901994 | H45: 92.502814 | I45: 37.321884 | J45: 13.99657 | K45: 76.656455 | L45: 18.577761 | M45: 7.9349697 | N45: 30.729022 | O45: 25.581234 | P45: 24.557715 | Q45: 26.641574 | R45: 22.812137 | S45: 9.5279742 | T45: 28.044859 | U45: 30.410672 | V45: 19.350575 | W45: 47.202161 | X45: 11.644055 | Y45: 6.3814593 | Z45: 23.692434 | AA45: 27.413198 | AB45: 17.669775 | AC45: 43.642987 | AD45: 32.322541 | AE45: 25.594059 | AF45: 38.259591 | AG45: 24.542751 | AH45: 38.616939 | AI45: 13.317799 | AJ45: 22.31289 | AK45: 28.957124 | AL45: 16.101397 | AM45: 20.374384 | AN45: 28.480453 | AO45: 10.184567
B46: Agosto | C46: 29.312371 | D46: 19.370292 | E46: 42.831768 | F46: 46.186233 | G46: 29.553776 | H46: 89.415034 | I46: 36.658883 | J46: 14.442197 | K46: 73.070348 | L46: 18.652118 | M46: 8.2526641 | N46: 30.508527 | O46: 25.382687 | P46: 25.092856 | Q46: 25.679014 | R46: 22.357915 | S46: 9.809384 | T46: 27.264524 | U46: 29.791151 | V46: 19.480502 | W46: 45.111045 | X46: 10.482405 | Y46: 5.8551849 | Z46: 20.954121 | AA46: 27.474345 | AB46: 17.400602 | AC46: 44.130757 | AD46: 31.117752 | AE46: 25.544209 | AF46: 35.942548 | AG46: 24.783653 | AH46: 39.281786 | AI46: 13.236825 | AJ46: 22.146867 | AK46: 28.359405 | AL46: 16.333083 | AM46: 20.542437 | AN46: 28.665141 | AO46: 10.169492
B47: Septiembre | C47: 28.743055 | D47: 19.454133 | E47: 41.211289 | F47: 45.805203 | G47: 29.9572 | H47: 85.880356 | I47: 35.981116 | J47: 14.929149 | K47: 69.682851 | L47: 18.651203 | M47: 8.5424919 | N47: 30.134527 | O47: 24.768012 | P47: 25.127083 | Q47: 24.404816 | R47: 21.736982 | S47: 9.7978965 | T47: 26.38908 | U47: 29.297736 | V47: 19.590938 | W47: 43.521498 | X47: 9.1964502 | Y47: 5.2688067 | Z47: 17.923304 | AA47: 27.033842 | AB47: 17.021326 | AC47: 43.461226 | AD47: 29.838618 | AE47: 25.2337 | AF47: 33.762561 | AG47: 24.107571 | AH47: 37.538948 | AI47: 13.316008 | AJ47: 21.775996 | AK47: 28.246766 | AL47: 15.738154 | AM47: 20.279562 | AN47: 28.037383 | AO47: 10.165361
B48: Octubre | C48: 27.93981 | D48: 19.199752 | E48: 39.509547 | F48: 45.137335 | G48: 29.521393 | H48: 83.75339 | I48: 34.886192 | J48: 15.305687 | K48: 65.334968 | L48: 18.390233 | M48: 8.7186674 | N48: 29.300412 | O48: 24.020078 | P48: 24.752237 | Q48: 23.285148 | R48: 21.203953 | S48: 9.2325746 | T48: 25.863222 | U48: 28.233912 | V48: 19.074645 | W48: 41.424641 | X48: 7.9863906 | Y48: 4.6574229 | Z48: 15.22186 | AA48: 26.600615 | AB48: 16.727249 | AC48: 42.58072 | AD48: 28.195638 | AE48: 24.671122 | AF48: 31.148466 | AG48: 23.348542 | AH48: 35.635091 | AI48: 13.354738 | AJ48: 21.085827 | AK48: 27.295837 | AL48: 15.305962 | AM48: 20.203792 | AN48: 27.947805 | AO48: 9.9859133
B49: Noviembre | C49: 27.028019 | D49: 18.781251 | E49: 37.783905 | F49: 44.274071 | G49: 29.315425 | H49: 80.1582 | I49: 33.422469 | J49: 15.523613 | K49: 60.469214 | L49: 18.101594 | M49: 8.5960548 | N49: 28.745123 | O49: 23.22903 | P49: 23.696771 | Q49: 22.760933 | R49: 20.607666 | S49: 8.5229053 | T49: 25.302088 | U49: 27.141944 | V49: 18.516446 | W49: 39.393644 | X49: 7.3877337 | Y49: 3.9308076 | Z49: 14.762107 | AA49: 25.204142 | AB49: 16.304307 | AC49: 39.213622 | AD49: 26.555887 | AE49: 24.264574 | AF49: 28.434651 | AG49: 23.336188 | AH49: 32.266229 | AI49: 15.930055 | AJ49: 20.269817 | AK49: 26.431849 | AL49: 14.549887 | AM49: 20.126551 | AN49: 27.803216 | AO49: 9.8935415
B50: Diciembre | C50: 26.003119 | D50: 18.374192 | E50: 35.765507 | F50: 43.060756 | G50: 28.795291 | H50: 76.230201 | I50: 31.416942 | J50: 15.775178 | K50: 54.100598 | L50: 17.689307 | M50: 8.5422621 | N50: 27.782839 | O50: 22.601224 | P50: 22.981534 | Q50: 22.223245 | R50: 20.154935 | S50: 7.5250905 | T50: 25.051803 | U50: 26.131008 | V50: 18.215608 | W50: 37.166048 | X50: 6.6895857 | Y50: 3.1871935 | Z50: 14.030048 | AA50: 23.965635 | AB50: 15.944649 | AC50: 36.299689 | AD50: 25.214441 | AE50: 23.924168 | AF50: 26.25013 | AG50: 22.823749 | AH50: 28.526478 | AI50: 18.031748 | AJ50: 19.349989 | AK50: 25.297416 | AL50: 13.854795 | AM50: 19.861573 | AN50: 27.539874 | AO50: 9.5657809
A51: 2023(p) | B51: Enero | C51: 14.530196 | D51: 14.546698 | E51: 14.511736 | F51: 26.850991 | G51: 20.937446 | H51: 39.565389 | I51: 14.033484 | J51: 19.145882 | K51: 8.8244384 | L51: 13.567448 | M51: 9.5555281 | N51: 17.447641 | O51: 14.158585 | P51: 22.377441 | Q51: 6.3218086 | R51: 12.108941 | S51: 1.5982533 | T51: 15.977967 | U51: 14.00882 | V51: 16.012018 | W51: 11.619227 | X51: -3.1236475 | Y51: -5.7373396 | Z51: 1.4483834 | AA51: 16.455797 | AB51: 11.439292 | AC51: 23.811208 | AD51: 13.443012 | AE51: 10.371639 | AF51: 15.817175 | AG51: 10.888252 | AH51: -3.1462915 | AI51: 23.136421 | AJ51: 10.545455 | AK51: 10.466553 | AL51: 10.61699 | AM51: 10.825044 | AN51: 19.19598 | AO51: -0.84033613
B52: Febrero | C52: 15.400304 | D52: 14.552518 | E52: 16.394855 | F52: 27.084178 | G52: 20.326074 | H52: 40.741165 | I52: 15.767416 | J52: 18.372632 | K52: 12.94656 | L52: 14.286226 | M52: 9.2800944 | N52: 19.500527 | O52: 15.68861 | P52: 21.346084 | Q52: 9.9689111 | R52: 13.087228 | S52: 9.6792902 | T52: 14.269095 | U52: 14.382439 | V52: 16.482965 | W52: 11.786999 | X52: -1.0921774 | Y52: -6.1483474 | Z52: 8.1198032 | AA52: 14.842174 | AB52: 13.682392 | AC52: 16.532006 | AD52: 12.815351 | AE52: 10.032532 | AF52: 15.012411 | AG52: 12.697927 | AH52: -0.87807047 | AI52: 25.172343 | AJ52: 9.4419037 | AK52: 6.6451349 | AL52: 12.137694 | AM52: 10.020331 | AN52: 22.306143 | AO52: -6.7261496
B53: Marzo | C53: 14.849212 | D53: 13.807689 | E53: 16.076096 | F53: 26.145226 | G53: 17.65392 | H53: 42.522623 | I53: 16.066378 | J53: 17.69768 | K53: 14.281855 | L53: 13.483746 | M53: 9.1999664 | N53: 18.05263 | O53: 15.202875 | P53: 21.431884 | Q53: 8.8413076 | R53: 11.900825 | S53: 11.765205 | T53: 11.947232 | U53: 13.637097 | V53: 15.502322 | W53: 11.306768 | X53: -0.83373489 | Y53: -5.4531811 | Z53: 7.7015437 | AA53: 12.600699 | AB53: 13.085044 | AC53: 11.906748 | AD53: 10.588765 | AE53: 9.0646651 | AF53: 11.784287 | AG53: 13.035651 | AH53: -0.64423112 | AI53: 25.966946 | AJ53: 9.3291531 | AK53: 3.9027434 | AL53: 14.850179 | AM53: 10.235158 | AN53: 22.76964 | AO53: -7.0054945
B54: Abril | C54: 14.064528 | D54: 13.53553 | E54: 14.703026 | F54: 24.862958 | G54: 16.319256 | H54: 41.065863 | I54: 15.007246 | J54: 17.742763 | K54: 12.032057 | L54: 12.636309 | M54: 9.4888077 | N54: 16.059188 | O54: 14.702068 | P54: 21.472647 | Q54: 7.8016761 | R54: 10.087211 | S54: 13.004348 | T54: 9.1045671 | U54: 12.719512 | V54: 14.828341 | W54: 10.095003 | X54: -0.69872772 | Y54: -5.4742384 | Z54: 8.2807976 | AA54: 11.480706 | AB54: 13.249031 | AC54: 8.9887849 | AD54: 11.232462 | AE54: 9.6477247 | AF54: 12.486699 | AG54: 12.358056 | AH54: -1.3050966 | AI54: 25.446929 | AJ54: 8.6873005 | AK54: 2.6177546 | AL54: 14.957829 | AM54: 9.5778288 | AN54: 21.488212 | AO54: -7.1922545
B55: Mayo | C55: 13.329457 | D55: 13.248262 | E55: 13.454071 | F55: 22.937241 | G55: 15.63812 | H55: 36.381094 | I55: 14.161273 | J55: 17.163412 | K55: 10.884535 | L55: 12.219462 | M55: 9.7086851 | N55: 15.019946 | O55: 14.221912 | P55: 21.447291 | Q55: 6.8200833 | R55: 9.1816771 | S55: 13.764331 | T55: 7.645874 | U55: 12.369205 | V55: 14.964711 | W55: 9.129218 | X55: -0.38129806 | Y55: -5.6297803 | Z55: 9.7127699 | AA55: 10.114813 | AB55: 12.985071 | AC55: 6.1371789 | AD55: 10.836681 | AE55: 8.8189343 | AF55: 12.448711 | AG55: 12.491946 | AH55: -1.4387492 | AI55: 25.937516 | AJ55: 7.9493835 | AK55: 0.8170465 | AL55: 15.401401 | AM55: 9.0366972 | AN55: 21.230469 | AO55: -8.3055556
B56: Junio | C56: 12.41858 | D56: 12.701204 | E56: 12.124259 | F56: 20.810538 | G56: 14.429285 | H56: 32.290356 | I56: 13.103091 | J56: 16.454921 | K56: 9.4441957 | L56: 11.976438 | M56: 10.003034 | N56: 14.220094 | O56: 13.063484 | P56: 21.052339 | Q56: 4.9027528 | R56: 8.9720956 | S56: 13.633831 | T56: 7.4062586 | U56: 11.693314 | V56: 15.152328 | W56: 7.4103301 | X56: -0.5372265 | Y56: -6.3756238 | Z56: 10.867089 | AA56: 9.5522163 | AB56: 12.397692 | AC56: 5.6165523 | AD56: 9.9732972 | AE56: 8.0941911 | AF56: 11.47633 | AG56: 12.390158 | AH56: -1.6957808 | AI56: 26.146174 | AJ56: 7.2978883 | AK56: -0.49533356 | AL56: 15.460946 | AM56: 8.5853752 | AN56: 20.594928 | AO56: -8.6126629
B59: Fuente: DANE, EMA
B60: (p): Cifra provisional
B61: Nota metodológica: Variación año corrido=((valor de los meses transcurridos del año de referencia-valor de los mismos meses transcurridos del año anterior)/(valor de los meses transcurridos del año anterior))*100 1 El resto del personal lo conforman las siguientes categorías de contratación: los Propietarios, Socios y Familiares sin remuneración, el Temporal Directo, Temporal contratado a través de Agencias y los Aprendices. Regiones: Bogotá DC, Cartagena, Región Central (Boyacá, Cundinamarca, Huila y Tolima), Región Costa Caribe (Atlántico, Cesar, La Guajira y Magdalena), Región Eje Cafetero (Caldas, Quindío y Risaralda), Antioquia, San Andrés y Providencia, Región Pacífico (Valle del Cauca, Cauca, Nariño y Chocó), Región Santanderes (Santander y Norte de Santander), Llanos Orinoquía (Meta, Casanare, Arauca y Vichada), Región Golfo Morrosquillo y Sabana (Bolívar, Córdoba y Sucre), Región Amazonía (Amazonas, Caquetá, Guainía, Putumayo, Guaviare y Vaupés).
B64: Nota: como parte del proceso de producción estadística algunas fuentes de información presentaron actualización en la información; como consecuencia de este proceso se presentan cambios en la serie histórica.
B65: ='1.1 V.A Ing.real'!B65 -> Actualizado el 14 de agosto de 2023

Sheet 2.3 V.12Meses Per.categ
L4: Inicio
A6: ENCUESTA MENSUAL DE ALOJAMIENTO - EMA
A9: 2.3 Variaciones 12 meses del personal total y por categoría
A10: Total nacional y 12 regiones
A11: ='1.3 V.12Meses Ing.real'!A12 -> Diciembre 2020 - junio 2023
A13: Año | B13: Meses | C13: Total nacional | F13: Bogotá D.C. | I13: Cartagena | L13: Central | O13: Caribe | R13: Eje Cafetero | U13: Antioquia | X13: San Andrés y Providencia | AA13: Pacífico | AD13: Santanderes | AG13: Llanos Orinoquía | AJ13: Golfo de Morrosquillo y Sabana | AM13: Amazonía
C14: Total del personal | D14: Personal permanente | E14: Resto de personal | F14: Total del personal | G14: Personal permanente | H14: Resto de personal | I14: Total del personal | J14: Personal permanente | K14: Resto de personal | L14: Total del personal | M14: Personal permanente | N14: Resto de personal | O14: Total del personal | P14: Personal permanente | Q14: Resto de personal | R14: Total del personal | S14: Personal permanente | T14: Resto de personal | U14: Total del personal | V14: Personal permanente | W14: Resto de personal | X14: Total del personal | Y14: Personal permanente | Z14: Resto de personal | AA14: Total del personal | AB14: Personal permanente | AC14: Resto de personal | AD14: Total del personal | AE14: Personal permanente | AF14: Resto de personal | AG14: Total del personal | AH14: Personal permanente | AI14: Resto de personal | AJ14: Total del personal | AK14: Personal permanente | AL14: Resto de personal | AM14: Total del personal | AN14: Personal permanente | AO14: Resto de personal
A15: 2020(p) | B15: Diciembre | C15: -29.116805 | D15: -21.446729 | E15: -39.30363 | F15: -35.077283 | G15: -26.70408 | H15: -50.117169 | I15: -28.275686 | J15: -17.800466 | K15: -43.424338 | L15: -22.428824 | M15: -11.52217 | N15: -32.964721 | O15: -27.776292 | P15: -23.172413 | Q15: -33.906397 | R15: -29.225144 | S15: -25.440049 | T15: -31.018932 | U15: -31.247658 | V15: -25.446655 | W15: -40.592349 | X15: -23.837899 | Y15: -11.620259 | Z15: -42.596725 | AA15: -27.446566 | AB15: -19.576993 | AC15: -39.526665 | AD15: -30.048194 | AE15: -21.153512 | AF15: -37.564375 | AG15: -25.496436 | AH15: -25.894333 | AI15: -25.128626 | AJ15: -23.335632 | AK15: -23.947714 | AL15: -22.726314 | AM15: -25.550231 | AN15: -14.520202 | AO15: -38.855044
A16: 2021(p) | B16: Enero | C16: -32.424493 | D16: -24.442593 | E16: -43.002355 | F16: -39.37084 | G16: -30.920109 | H16: -54.582797 | I16: -31.75252 | J16: -20.444704 | K16: -48.044348 | L16: -25.019517 | M16: -13.769308 | N16: -35.931628 | O16: -30.586667 | P16: -25.870534 | Q16: -36.797366 | R16: -32.410225 | S16: -29.135747 | T16: -33.969286 | U16: -34.893073 | V16: -28.599534 | W16: -44.963632 | X16: -25.197935 | Y16: -12.482332 | Z16: -44.980925 | AA16: -31.030831 | AB16: -22.794048 | AC16: -43.622167 | AD16: -33.427051 | AE16: -23.730072 | AF16: -41.577523 | AG16: -27.471802 | AH16: -27.48734 | AI16: -27.4576 | AJ16: -26.282111 | AK16: -26.729051 | AL16: -25.845617 | AM16: -27.935568 | AN16: -17.593819 | AO16: -40.647612
B17: Febrero | C17: -35.711141 | D17: -27.362568 | E17: -46.730789 | F17: -43.921834 | G17: -35.063207 | H17: -59.847112 | I17: -35.423514 | J17: -23.317199 | K17: -52.803371 | L17: -27.246854 | M17: -15.767225 | N17: -38.421774 | O17: -33.154608 | P17: -28.276541 | Q17: -39.505238 | R17: -35.578644 | S17: -32.917899 | T17: -36.842716 | U17: -38.379261 | V17: -31.517711 | W17: -49.201478 | X17: -26.778364 | Y17: -13.422167 | Z17: -47.745018 | AA17: -34.407281 | AB17: -26.001908 | AC17: -47.239255 | AD17: -36.656149 | AE17: -26.263481 | AF17: -45.351313 | AG17: -29.169223 | AH17: -28.975902 | AI17: -29.344612 | AJ17: -28.15512 | AK17: -27.972897 | AL17: -28.33102 | AM17: -30.720648 | AN17: -21.63087 | AO17: -42.106703
B18: Marzo | C18: -37.712362 | D18: -29.812654 | E18: -48.21455 | F18: -47.527401 | G18: -38.796003 | H18: -63.384264 | I18: -37.564531 | J18: -26.120711 | K18: -54.264895 | L18: -28.3895 | M18: -17.170726 | N18: -39.410375 | O18: -34.298245 | P18: -30.264425 | Q18: -39.552999 | R18: -36.80996 | S18: -36.255514 | T18: -37.075957 | U18: -40.596537 | V18: -33.96812 | W18: -51.052214 | X18: -27.00704 | Y18: -13.134723 | Z18: -49.057386 | AA18: -36.622472 | AB18: -28.736015 | AC18: -48.77896 | AD18: -38.528167 | AE18: -27.471783 | AF18: -47.713432 | AG18: -29.815578 | AH18: -29.627606 | AI18: -29.984787 | AJ18: -28.649769 | AK18: -29.03061 | AL18: -28.281814 | AM18: -32.354854 | AN18: -24.304698 | AO18: -42.595843
B19: Abril | C19: -37.398559 | D19: -31.236622 | E19: -45.812888 | F19: -49.019264 | G19: -41.301719 | H19: -63.423188 | I19: -37.094669 | J19: -27.729663 | K19: -51.293227 | L19: -27.409271 | M19: -17.77357 | N19: -37.112182 | O19: -33.198472 | P19: -31.985817 | Q19: -34.828907 | R19: -35.003759 | S19: -36.736736 | T19: -34.16292 | U19: -40.227867 | V19: -35.417432 | W19: -48.029089 | X19: -25.886288 | Y19: -11.964126 | Z19: -48.485621 | AA19: -36.861557 | AB19: -30.666078 | AC19: -46.676728 | AD19: -37.67301 | AE19: -27.91326 | AF19: -45.906364 | AG19: -27.418944 | AH19: -28.597361 | AI19: -26.346674 | AJ19: -27.7366 | AK19: -29.077687 | AL19: -26.427561 | AM19: -31.654587 | AN19: -25.834913 | AO19: -39.305915
B20: Mayo | C20: -36.314751 | D20: -31.613473 | E20: -42.896136 | F20: -49.550172 | G20: -42.641631 | H20: -62.823124 | I20: -35.799247 | J20: -28.194922 | K20: -47.754578 | L20: -26.038408 | M20: -17.628357 | N20: -34.689765 | O20: -31.360727 | P20: -32.484796 | Q20: -29.811454 | R20: -32.693844 | S20: -36.193897 | T20: -30.971171 | U20: -38.75171 | V20: -35.294245 | W20: -44.470623 | X20: -24.495209 | Y20: -10.898273 | Z20: -47.080145 | AA20: -36.815838 | AB20: -32.31973 | AC20: -44.189036 | AD20: -35.536049 | AE20: -27.219873 | AF20: -42.669753 | AG20: -25.19237 | AH20: -27.014152 | AI20: -23.533167 | AJ20: -25.706256 | AK20: -27.258006 | AL20: -24.187888 | AM20: -29.84478 | AN20: -26.265753 | AO20: -34.727529
B21: Junio | C21: -33.94319 | D21: -31.042556 | E21: -38.119 | F21: -48.803633 | G21: -42.704888 | H21: -60.856695 | I21: -33.149172 | J21: -27.445866 | K21: -42.434057 | L21: -23.402367 | M21: -16.988057 | N21: -30.216029 | O21: -27.898096 | P21: -31.902927 | Q21: -22.228046 | R21: -28.53118 | S21: -34.216842 | T21: -25.68256 | U21: -36.009088 | V21: -34.302538 | W21: -38.902622 | X21: -21.957105 | Y21: -9.5355218 | Z21: -43.310298 | AA21: -36.067051 | AB21: -33.331099 | AC21: -40.711978 | AD21: -31.984917 | AE21: -26.159619 | AF21: -37.132672 | AG21: -22.623132 | AH21: -25.982666 | AI21: -19.548648 | AJ21: -23.177996 | AK21: -25.267901 | AL21: -21.118818 | AM21: -27.677908 | AN21: -26.789838 | AO21: -28.940678
B22: Julio | C22: -30.360636 | D22: -29.695964 | E22: -31.350103 | F22: -46.952959 | G22: -42.119653 | H22: -56.960026 | I22: -29.517926 | J22: -26.176723 | K22: -35.177491 | L22: -20.203169 | M22: -16.09301 | N22: -24.73154 | O22: -23.244321 | P22: -30.484432 | Q22: -12.685999 | R22: -23.000399 | S22: -31.751844 | T22: -18.552566 | U22: -31.777202 | V22: -32.273025 | W22: -30.912238 | X22: -17.283542 | Y22: -7.2557261 | Z22: -35.440001 | AA22: -33.914754 | AB22: -33.170624 | AC22: -35.225671 | AD22: -27.393791 | AE22: -24.121682 | AF22: -30.366164 | AG22: -18.955319 | AH22: -23.285736 | AI22: -15.005043 | AJ22: -19.034941 | AK22: -21.846362 | AL22: -16.250541 | AM22: -24.348023 | AN22: -25.542444 | AO22: -22.602892
B23: Agosto | C23: -25.893811 | D23: -27.63425 | E23: -23.210831 | F23: -44.443261 | G23: -40.741114 | H23: -52.437666 | I23: -25.102169 | J23: -24.387394 | K23: -26.364323 | L23: -16.452193 | M23: -14.749658 | N23: -18.40078 | O23: -17.264436 | P23: -28.176853 | Q23: -0.8327061 | R23: -16.389012 | S23: -28.587812 | T23: -10.078038 | U23: -26.670472 | V23: -29.485172 | W23: -21.610557 | X23: -12.012281 | Y23: -4.8003777 | Z23: -25.862649 | AA23: -30.383275 | AB23: -31.633338 | AC23: -28.096281 | AD23: -21.789415 | AE23: -21.576425 | AF23: -21.989204 | AG23: -14.581068 | AH23: -20.563446 | AI23: -9.078635 | AJ23: -14.088614 | AK23: -17.68229 | AL23: -10.508645 | AM23: -19.69141 | AN23: -23.326588 | AO23: -14.137931
B24: Septiembre | C24: -20.88883 | D24: -25.050091 | E24: -14.257491 | F24: -40.961607 | G24: -38.689635 | H24: -46.111738 | I24: -20.192552 | J24: -22.385788 | K24: -16.145489 | L24: -12.254428 | M24: -12.716714 | N24: -11.707764 | O24: -10.864451 | P24: -25.079827 | Q24: 11.051794 | R24: -10.405272 | S24: -25.038484 | T24: -2.7990487 | U24: -21.423638 | V24: -26.458875 | W24: -12.104279 | X24: -6.0679803 | Y24: -2.2466256 | Z24: -13.895984 | AA24: -26.10554 | AB24: -29.011732 | AC24: -20.619594 | AD24: -15.703755 | AE24: -18.955588 | AF24: -12.545827 | AG24: -9.8958734 | AH24: -16.586629 | AI24: -3.7334714 | AJ24: -8.1732676 | AK24: -13.212953 | AL24: -3.0936188 | AM24: -14.77579 | AN24: -21.260217 | AO24: -4.3054844
B25: Octubre | C25: -15.667541 | D25: -21.90513 | E25: -5.4601197 | F25: -36.491829 | G25: -35.622118 | H25: -38.560758 | I25: -14.981744 | J25: -20.121668 | K25: -5.0935176 | L25: -8.559621 | M25: -10.648514 | N25: -6.0227044 | O25: -4.9381347 | P25: -21.622936 | Q25: 21.131451 | R25: -5.1348 | S25: -20.873977 | T25: 2.986602 | U25: -15.713669 | V25: -22.990653 | W25: -1.8927407 | X25: -0.75727454 | Y25: 0.55886667 | Z25: -3.5850778 | AA25: -21.385934 | AB25: -25.923515 | AC25: -12.587425 | AD25: -8.4024124 | AE25: -14.847995 | AF25: -1.9573141 | AG25: -6.0287592 | AH25: -11.907707 | AI25: -0.669507 | AJ25: -2.4693695 | AK25: -7.5733926 | AL25: 2.6589231 | AM25: -10.205535 | AN25: -17.971487 | AO25: 2.7096599
B26: Noviembre | C26: -9.9704972 | D26: -18.326189 | E26: 4.0359887 | F26: -31.112336 | G26: -31.954131 | H26: -29.000408 | I26: -9.0903476 | J26: -17.522154 | K26: 7.8542627 | L26: -4.8244577 | M26: -8.4245279 | N26: -0.35411996 | O26: 1.4535449 | P26: -16.825244 | Q26: 29.958114 | R26: -0.037896902 | S26: -17.235675 | T26: 8.8075692 | U26: -9.8011172 | V26: -19.448868 | W26: 9.010678 | X26: 4.4251463 | Y26: 3.1207392 | Z26: 7.3664497 | AA26: -16.011907 | AB26: -22.485119 | AC26: -3.1779078 | AD26: -0.49342721 | AE26: -10.729512 | AF26: 10.054455 | AG26: -2.0547876 | AH26: -6.5950814 | AI26: 2.0506844 | AJ26: 3.2761743 | AK26: -1.0121307 | AL26: 7.5372442 | AM26: -5.5012419 | AN26: -13.79717 | AO26: 8.4668841
B27: Diciembre | C27: -3.8648773 | D27: -14.567543 | E27: 14.531516 | F27: -24.858062 | G27: -27.547465 | H27: -17.760037 | I27: -2.3529486 | J27: -14.699207 | K27: 23.588006 | L27: -0.45226492 | M27: -6.0004309 | N27: 6.6216603 | O27: 7.1996603 | P27: -12.040624 | Q27: 36.978871 | R27: 5.5736624 | S27: -12.919058 | T27: 15.046297 | U27: -3.5963544 | V27: -16.094073 | W27: 21.668537 | X27: 9.2013233 | Y27: 5.2010533 | Z27: 18.657676 | AA27: -10.185061 | AB27: -18.91782 | AC27: 7.6423039 | AD27: 7.7357668 | AE27: -7.0739498 | AF27: 23.539639 | AG27: 2.8671709 | AH27: -1.6922612 | AI27: 7.0387276 | AJ27: 9.7511771 | AK27: 6.5029897 | AL27: 12.933589 | AM27: -1.4944911 | AN27: -10.113824 | AO27: 13.040293
A28: 2022(p) | B28: Enero | C28: 2.6901102 | D28: -10.26451 | E28: 25.448232 | F28: -18.029613 | G28: -22.094759 | H28: -6.8995349 | I28: 4.9827487 | J28: -11.603107 | K28: 41.572989 | L28: 4.1640249 | M28: -3.5409725 | N28: 14.222655 | O28: 13.108415 | P28: -7.3280686 | Q28: 44.674179 | R28: 12.09076 | S28: -8.2851179 | T28: 22.502388 | U28: 3.6873102 | V28: -11.483096 | W28: 35.179811 | X28: 13.591488 | Y28: 6.9766352 | Z28: 29.961824 | AA28: -4.048953 | AB28: -14.511001 | AC28: 17.852518 | AD28: 16.404799 | AE28: -1.9146821 | AF28: 36.506501 | AG28: 8.6719402 | AH28: 4.5225845 | AI28: 12.462885 | AJ28: 15.743476 | AK28: 14.277202 | AL28: 17.158421 | AM28: 2.764484 | AN28: -7.0899187 | AO28: 19.582444
B29: Febrero | C29: 9.8846901 | D29: -5.524694 | E29: 37.615131 | F29: -9.2759694 | G29: -15.940825 | H29: 10.100977 | I29: 13.522126 | J29: -7.6587693 | K29: 62.926512 | L29: 8.3374197 | M29: -1.2102302 | N29: 21.012373 | O29: 19.271803 | P29: -2.1973567 | Q29: 52.409906 | R29: 18.553573 | S29: -3.1295979 | T29: 29.495009 | U29: 11.542395 | V29: -6.270458 | W29: 49.417571 | X29: 18.093134 | Y29: 8.9372069 | Z29: 41.906875 | AA29: 2.3327868 | AB29: -9.8791692 | AC29: 28.480357 | AD29: 25.274438 | AE29: 3.3319632 | AF29: 50.045193 | AG29: 13.819962 | AH29: 10.336824 | AI29: 16.996511 | AJ29: 20.389355 | AK29: 18.860453 | AL29: 21.872584 | AM29: 8.4385227 | AN29: -1.4957265 | AO29: 25.283554
B30: Marzo | C30: 16.358686 | D30: -0.62555596 | E30: 46.952784 | F30: 0.64844482 | G30: -8.8310851 | H30: 29.424572 | I30: 20.944996 | J30: -3.3767017 | K30: 78.280255 | L30: 11.903227 | M30: 1.0440527 | N30: 26.407247 | O30: 24.005545 | P30: 2.9122824 | Q30: 55.705543 | R30: 23.235126 | S30: 2.5414968 | T30: 33.292385 | U30: 18.681779 | V30: -0.96789985 | W30: 60.495459 | X30: 20.91957 | Y30: 9.7789149 | Z30: 51.115064 | AA30: 8.3572559 | AB30: -5.0800877 | AC30: 37.175091 | AD30: 32.925312 | AE30: 7.9664294 | AF30: 61.687409 | AG30: 17.737352 | AH30: 15.918625 | AI30: 19.382893 | AJ30: 23.477368 | AK30: 23.899945 | AL30: 23.073353 | AM30: 13.17466 | AN30: 3.7413661 | AO30: 28.999034
B31: Abril | C31: 20.770265 | D31: 3.8821827 | E31: 50.020017 | F31: 9.3700148 | G31: -1.6205038 | H31: 42.288462 | I31: 25.779087 | J31: 0.31402938 | K31: 83.065488 | L31: 14.149356 | M31: 3.0448117 | N31: 28.638829 | O31: 27.000789 | P31: 8.2645204 | Q31: 53.290988 | R31: 24.797283 | S31: 6.0116769 | T31: 33.555715 | U31: 23.427757 | V31: 4.0076708 | W31: 62.564479 | X31: 22.108425 | Y31: 9.7441434 | Z31: 56.408023 | AA31: 12.778871 | AB31: -0.49516362 | AC31: 40.122419 | AD31: 36.444126 | AE31: 11.874151 | AF31: 64.065929 | AG31: 19.496941 | AH31: 20.490692 | AI31: 18.620334 | AJ31: 25.668134 | AK31: 27.638369 | AL31: 23.814254 | AM31: 16.288935 | AN31: 9.0846524 | AO31: 27.862897
B32: Mayo | C32: 24.872701 | D32: 7.8550317 | E32: 53.383836 | F32: 18.162426 | G32: 5.0364871 | H32: 57.070115 | I32: 30.347302 | J32: 3.7309039 | K32: 87.859124 | L32: 16.196375 | M32: 4.7206669 | N32: 30.915909 | O32: 29.412681 | P32: 12.784167 | Q32: 51.458375 | R32: 27.173567 | S32: 7.9762401 | T32: 35.907321 | U32: 27.152417 | V32: 7.9061111 | W32: 64.248087 | X32: 22.93307 | Y32: 10.120928 | Z32: 58.764737 | AA32: 18.217535 | AB32: 4.4195156 | AC32: 45.65718 | AD32: 38.491908 | AE32: 15.283021 | AF32: 63.765952 | AG32: 21.965227 | AH32: 24.538631 | AI32: 19.728173 | AJ32: 26.85427 | AK32: 29.453223 | AL32: 24.414212 | AM32: 18.52458 | AN32: 13.553223 | AO32: 26.186075
B33: Junio | C33: 27.413252 | D33: 11.22659 | E33: 53.359208 | F33: 25.581002 | G33: 10.953074 | H33: 67.896527 | I33: 33.101739 | J33: 6.3608525 | K33: 87.970128 | L33: 17.329308 | M33: 6.2405305 | N33: 31.149976 | O33: 30.038144 | P33: 16.684184 | Q33: 46.592726 | R33: 27.115368 | S33: 8.4645324 | T33: 35.386707 | U33: 29.149643 | V33: 11.063747 | W33: 62.123932 | X33: 22.42142 | Y33: 10.151823 | Z33: 56.079556 | AA33: 22.813243 | AB33: 9.251326 | AC33: 48.704181 | AD33: 38.924555 | AE33: 18.2967 | AF33: 60.334856 | AG33: 23.439214 | AH33: 29.711373 | AI33: 18.158287 | AJ33: 27.923602 | AK33: 31.29588 | AL33: 24.775677 | AM33: 20.120956 | AN33: 18.316882 | AO33: 22.763864
B34: Julio | C34: 28.432351 | D34: 13.898037 | E34: 50.566988 | F34: 31.6082 | G34: 16.324537 | H34: 74.163048 | I34: 34.335022 | J34: 8.5376844 | K34: 84.099863 | L34: 18.032663 | M34: 7.3072417 | N34: 30.99434 | O34: 29.380004 | P34: 19.741969 | Q34: 40.570164 | R34: 25.464337 | S34: 9.7966941 | T34: 32.136797 | U34: 29.276032 | V34: 13.513122 | W34: 56.232785 | X34: 19.967923 | Y34: 9.4659814 | Z34: 47.283979 | AA34: 25.413002 | AB34: 12.679608 | AC34: 48.556816 | AD34: 37.704482 | AE34: 20.247225 | AF34: 54.984688 | AG34: 23.836516 | AH34: 33.164978 | AI34: 16.155992 | AJ34: 27.396399 | AK34: 31.68237 | AL34: 23.435242 | AM34: 20.253316 | AN34: 22.239264 | AO34: 17.461914
B35: Agosto | C35: 28.504728 | D35: 15.783908 | E35: 46.962739 | F35: 36.062784 | G35: 20.651562 | H35: 77.525699 | I35: 34.709041 | J35: 10.174948 | K35: 79.19456 | L35: 18.142753 | M35: 8.0684784 | N35: 29.983445 | O35: 27.787846 | P35: 22.148617 | Q35: 33.937888 | R35: 23.324952 | S35: 10.098241 | T35: 28.759178 | U35: 28.656946 | V35: 14.939241 | W35: 50.839703 | X35: 17.087277 | Y35: 8.414727 | Z35: 38.474597 | AA35: 26.514248 | AB35: 14.532719 | AC35: 47.356197 | AD35: 35.982754 | AE35: 21.849774 | AF35: 49.309968 | AG35: 23.73446 | AH35: 36.14191 | AI35: 13.76394 | AJ35: 26.381515 | AK35: 31.477877 | AL35: 21.711558 | AM35: 19.851218 | AN35: 24.088925 | AO35: 14.070073
B36: Septiembre | C36: 28.15842 | D36: 17.163127 | E36: 43.453651 | F36: 39.296173 | G36: 24.257958 | H36: 78.080059 | I36: 34.758303 | J36: 11.801775 | K36: 73.966373 | L36: 17.88071 | M36: 8.3632336 | N36: 28.807047 | O36: 25.949075 | P36: 23.576198 | Q36: 28.417138 | R36: 21.733437 | S36: 10.024297 | T36: 26.427212 | U36: 28.435517 | V36: 16.303431 | W36: 47.222809 | X36: 13.6918 | Y36: 7.1885453 | Z36: 28.816012 | AA36: 26.714069 | AB36: 15.251047 | AC36: 46.064904 | AD36: 34.039295 | AE36: 23.236702 | AF36: 43.761045 | AG36: 22.899956 | AH36: 36.195083 | AI36: 12.289655 | AJ36: 24.664959 | AK36: 31.413438 | AL36: 18.573256 | AM36: 19.286947 | AN36: 25.428341 | AO36: 11.127477
B37: Octubre | C37: 27.687537 | D37: 17.853727 | E37: 40.960267 | F37: 41.290033 | G37: 26.146368 | H37: 79.037877 | I37: 34.499418 | J37: 13.313489 | K37: 68.803222 | L37: 17.89498 | M37: 8.5293571 | N37: 28.513552 | O37: 24.758322 | P37: 24.415015 | Q37: 25.1054 | R37: 21.004022 | S37: 9.2302141 | T37: 25.671739 | U37: 27.677656 | V37: 16.944572 | W37: 43.678862 | X37: 10.783043 | Y37: 5.7361279 | Z37: 22.092683 | AA37: 26.695855 | AB37: 15.690716 | AC37: 44.779531 | AD37: 31.050482 | AE37: 23.139216 | AF37: 37.921057 | AG37: 22.491149 | AH37: 35.092007 | AI37: 12.303827 | AJ37: 23.029113 | AK37: 29.854026 | AL37: 16.855241 | AM37: 19.286119 | AN37: 26.139637 | AO37: 10.183353
B38: Noviembre | C38: 26.959284 | D38: 18.168095 | E38: 38.508504 | F38: 42.605013 | G38: 27.86029 | H38: 78.058206 | I38: 33.524992 | J38: 14.580036 | K38: 62.639172 | L38: 17.936005 | M38: 8.5018606 | N38: 28.509558 | O38: 23.308639 | P38: 23.554144 | Q38: 23.063612 | R38: 20.53415 | S38: 8.7401148 | T38: 25.148334 | U38: 26.978293 | V38: 17.563577 | W38: 40.543112 | X38: 8.6263278 | Y38: 4.3484843 | Z38: 17.890977 | AA38: 25.312783 | AB38: 15.816688 | AC38: 40.385717 | AD38: 27.886773 | AE38: 23.252678 | AF38: 31.760211 | AG38: 22.996215 | AH38: 32.066754 | AI38: 15.489221 | AJ38: 21.411318 | AK38: 27.863879 | AL38: 15.509469 | AM38: 19.494464 | AN38: 26.597616 | AO38: 9.9895397
B39: Diciembre | C39: 26.003119 | D39: 18.374192 | E39: 35.765507 | F39: 43.060756 | G39: 28.795291 | H39: 76.230201 | I39: 31.416942 | J39: 15.775178 | K39: 54.100598 | L39: 17.689307 | M39: 8.5422621 | N39: 27.782839 | O39: 22.601224 | P39: 22.981534 | Q39: 22.223245 | R39: 20.154935 | S39: 7.5250905 | T39: 25.051803 | U39: 26.131008 | V39: 18.215608 | W39: 37.166048 | X39: 6.6895857 | Y39: 3.1871935 | Z39: 14.030048 | AA39: 23.965635 | AB39: 15.944649 | AC39: 36.299689 | AD39: 25.214441 | AE39: 23.924168 | AF39: 26.25013 | AG39: 22.823749 | AH39: 28.526478 | AI39: 18.031748 | AJ39: 19.349989 | AK39: 25.297416 | AL39: 13.854795 | AM39: 19.861573 | AN39: 27.539874 | AO39: 9.5657809
A40: 2023(p) | B40: Enero | C40: 24.90307 | D40: 18.386428 | E40: 33.073702 | F40: 42.815659 | G40: 28.795889 | H40: 74.935827 | I40: 29.46294 | J40: 16.923864 | K40: 46.735214 | L40: 17.447072 | M40: 8.9810968 | N40: 26.596281 | O40: 21.786391 | P40: 23.185835 | Q40: 20.401796 | R40: 19.246744 | S40: 6.8442924 | T40: 23.991404 | U40: 24.788401 | V40: 18.387018 | W40: 33.48998 | X40: 4.7757537 | Y40: 2.0659972 | Z40: 10.295776 | AA40: 23.373993 | AB40: 15.584528 | AC40: 35.202655 | AD40: 22.827997 | AE40: 22.471678 | AF40: 23.108935 | AG40: 21.402745 | AH40: 24.915869 | AI40: 18.41969 | AJ40: 17.891993 | AK40: 22.519272 | AL40: 13.536513 | AM40: 19.614289 | AN40: 28.640077 | AO40: 7.6462342
B41: Febrero | C41: 23.956743 | D41: 18.258681 | E41: 30.986654 | F41: 41.945257 | G41: 28.667536 | H41: 71.417427 | I41: 27.772765 | J41: 17.474326 | K41: 41.387101 | L41: 17.508578 | M41: 9.3245103 | N41: 26.293754 | O41: 21.229639 | P41: 22.888662 | Q41: 19.586393 | R41: 18.922423 | S41: 7.9778214 | T41: 23.053749 | U41: 23.552059 | V41: 18.400267 | W41: 30.423604 | X41: 3.4150615 | Y41: 0.76938439 | Z41: 8.697506 | AA41: 22.630146 | AB41: 15.685119 | AC41: 33.060728 | AD41: 20.724765 | AE41: 21.108155 | AF41: 20.426703 | AG41: 20.868876 | AH41: 22.304534 | AI41: 19.634113 | AJ41: 16.730516 | AK41: 20.485101 | AL41: 13.178117 | AM41: 18.516922 | AN41: 28.614543 | AO41: 5.0546963
B42: Marzo | C42: 22.777039 | D42: 17.766334 | E42: 28.878733 | F42: 39.951452 | G42: 27.275272 | H42: 67.057361 | I42: 26.262288 | J42: 17.806227 | K42: 37.066039 | L42: 17.181917 | M42: 9.488342 | N42: 25.399397 | O42: 20.584539 | P42: 22.764692 | Q42: 18.419003 | R42: 18.123911 | S42: 8.5507094 | T42: 21.703181 | U42: 22.203832 | V42: 18.060515 | W42: 27.64415 | X42: 2.3521617 | Y42: -0.12016607 | Z42: 7.2201397 | AA42: 21.257618 | AB42: 15.285384 | AC42: 30.120335 | AD42: 18.24336 | AE42: 19.38877 | AF42: 17.361968 | AG42: 20.439418 | AH42: 19.221882 | AI42: 21.50905 | AJ42: 15.904596 | AK42: 17.622068 | AL42: 14.251537 | AM42: 17.780138 | AN42: 28.333642 | AO42: 3.5429142
B43: Abril | C43: 21.238649 | D43: 17.199198 | E43: 26.090798 | F43: 37.474919 | G43: 25.553757 | H43: 62.162279 | I43: 24.164723 | J43: 18.218503 | K43: 31.494708 | L43: 16.331635 | M43: 9.6621906 | N43: 23.412934 | O43: 19.414862 | P43: 22.476361 | Q43: 16.38087 | R43: 16.64121 | S43: 8.9725114 | T43: 19.47922 | U43: 20.331877 | V43: 17.436226 | W43: 24.065403 | X43: 1.5648626 | Y43: -0.94376597 | Z43: 6.4477739 | AA43: 19.797614 | AB43: 15.055323 | AC43: 26.734693 | AD43: 17.176719 | AE43: 18.426191 | AF43: 16.218897 | AG43: 19.286662 | AH43: 15.589162 | AI43: 22.599729 | AJ43: 14.629553 | AK43: 15.134992 | AL43: 14.139275 | AM43: 16.279312 | AN43: 26.804867 | AO43: 1.8529957
B44: Mayo | C44: 19.29831 | D44: 16.423616 | E44: 22.698281 | F44: 34.01791 | G44: 23.918865 | H44: 54.036431 | I44: 21.650399 | J44: 17.911991 | K44: 26.110764 | L44: 15.425723 | M44: 9.7034471 | N44: 21.473913 | O44: 18.021281 | P44: 22.104303 | Q44: 13.990335 | R44: 14.512947 | S44: 9.768391 | T44: 16.227857 | U44: 18.439587 | V44: 16.933618 | W44: 20.34653 | X44: 0.9792523 | Y44: -2.001953 | Z44: 6.7622494 | AA44: 17.229059 | AB44: 14.400363 | AC44: 21.261776 | AD44: 15.638132 | AE44: 16.559655 | AF44: 14.931703 | AG44: 17.814203 | AH44: 12.288983 | AI44: 22.810243 | AJ44: 13.259004 | AK44: 12.323416 | AL44: 14.172969 | AM44: 14.739426 | AN44: 25.701963 | AO44: -0.46386719
B45: Junio | C45: 17.322361 | D45: 15.374193 | E45: 19.603632 | F45: 30.180873 | G45: 21.618791 | H45: 46.548811 | I45: 19.131568 | J45: 17.374207 | K45: 21.171897 | L45: 14.560486 | M45: 9.6944069 | N45: 19.68914 | O45: 16.362926 | P45: 21.462047 | Q45: 11.331362 | R45: 13.103326 | S45: 10.222641 | T45: 14.126819 | U45: 16.60591 | V45: 16.493805 | W45: 16.745929 | X45: 0.35315298 | Y45: -3.2886898 | Z45: 7.403762 | AA45: 15.154847 | AB45: 13.385915 | AC45: 17.635929 | AD45: 13.807461 | AE45: 14.68315 | AF45: 13.136862 | AG45: 16.769095 | AH45: 8.7489389 | AI45: 24.182024 | AJ45: 11.690637 | AK45: 9.4641097 | AL45: 13.877643 | AM45: 13.503172 | AN45: 24.374301 | AO45: -1.8457802
B48: Fuente: DANE, EMA
B49: (p): Cifra provisional
B50: Nota metodológica: 1 El resto del personal lo conforman las siguientes categorías de contratación: los Propietarios, Socios y Familiares sin remuneración, el Temporal Directo, Temporal contratado a través de Agencias y los Aprendices. Regiones: Bogotá DC, Cartagena, Región Central (Boyacá, Cundinamarca, Huila y Tolima), Región Costa Caribe (Atlántico, Cesar, La Guajira y Magdalena), Región Eje Cafetero (Caldas, Quindío y Risaralda), Antioquia, San Andrés y Providencia, Región Pacífico (Valle del Cauca, Cauca, Nariño y Chocó), Región Santanderes (Santander y Norte de Santander), Llanos Orinoquía (Meta, Casanare, Arauca y Vichada), Región Golfo Morrosquillo y Sabana (Bolívar, Córdoba y Sucre), Región Amazonía (Amazonas, Caquetá, Guainía, Putumayo, Guaviare y Vaupés).
B53: Nota: como parte del proceso de producción estadística algunas fuentes de información presentaron actualización en la información; como consecuencia de este proceso se presentan cambios en la serie histórica.
B54: ='1.1 V.A Ing.real'!B65 -> Actualizado el 14 de agosto de 2023

Sheet 3.1 V.A Salarios
L4: Inicio
A6: ENCUESTA MENSUAL DE ALOJAMIENTO - EMA
A10: 3.1 Total variaciones anuales de los salarios reales
A11: Total nacional y 12 regiones
A12: ='1.1 V.A Ing.real'!A12 -> Enero 2020 - junio 2023
A14: Año | B14: Meses | C14: Total nacional | D14: Bogotá D.C. | E14: Cartagena | F14: Central | G14: Caribe | H14: Eje Cafetero | I14: Antioquia | J14: San Andrés y Providencia | K14: Pacífico | L14: Santanderes | M14: Llanos Orinoquía | N14: Golfo de Morrosquillo y Sabana | O14: Amazonía
A15: 2020(p) | B15: Enero | C15: 2.4115165 | D15: 4.1900928 | E15: 0.97250724 | F15: 1.609214 | G15: 1.1936767 | H15: 5.2961596 | I15: 4.0671728 | J15: 3.4091139 | K15: 0.94197684 | L15: -0.16992225 | M15: 2.5284915 | N15: 1.7363578 | O15: -4.094513
B16: Febrero | C16: 1.7679578 | D16: 3.4512459 | E16: -1.157916 | F16: -1.5401256 | G16: 4.4451728 | H16: 3.6977233 | I16: 1.9542967 | J16: 2.4594225 | K16: 3.3475223 | L16: -1.9027035 | M16: -0.064341728 | N16: 2.1492399 | O16: -6.3223893
B17: Marzo | C17: -6.3495535 | D17: -3.9696922 | E17: -10.753487 | F17: -8.3470578 | G17: -6.595905 | H17: -11.2019 | I17: -5.9478797 | J17: -2.4083608 | K17: -5.3700487 | L17: -4.9999994 | M17: -5.5628984 | N17: -3.1626343 | O17: -3.4832589
B18: Abril | C18: -35.922659 | D18: -36.963687 | E18: -31.964029 | F18: -42.125241 | G18: -40.369689 | H18: -39.51238 | I18: -38.595134 | J18: -12.460966 | K18: -45.31738 | L18: -41.966546 | M18: -43.692727 | N18: -36.862387 | O18: -35.244369
B19: Mayo | C19: -36.505073 | D19: -41.349646 | E19: -40.615526 | F19: -30.820125 | G19: -31.908864 | H19: -31.038049 | I19: -35.405942 | J19: -12.835773 | K19: -45.778934 | L19: -47.798328 | M19: -35.19304 | N19: -48.010823 | O19: -51.354547
B20: Junio | C20: -34.849886 | D20: -40.124432 | E20: -35.302 | F20: -29.582909 | G20: -31.353597 | H20: -25.399985 | I20: -30.675572 | J20: -27.288731 | K20: -42.234359 | L20: -41.356192 | M20: -32.554967 | N20: -46.005987 | O20: -47.372119
B21: Julio | C21: -36.540694 | D21: -42.647036 | E21: -37.753372 | F21: -31.387915 | G21: -35.506036 | H21: -27.59826 | I21: -26.297238 | J21: -37.994436 | K21: -39.036967 | L21: -36.338895 | M21: -20.267332 | N21: -40.995389 | O21: -44.657304
B22: Agosto | C22: -36.511677 | D22: -42.342023 | E22: -43.1806 | F22: -27.221452 | G22: -34.481505 | H22: -19.76441 | I22: -31.129912 | J22: -39.189914 | K22: -30.498248 | L22: -34.761939 | M22: -16.173265 | N22: -34.237378 | O22: -42.568424
B23: Septiembre | C23: -29.842664 | D23: -37.612442 | E23: -38.333736 | F23: -20.443717 | G23: -19.407646 | H23: -12.120875 | I23: -22.489542 | J23: -37.709128 | K23: -24.821379 | L23: -27.73468 | M23: -9.2175624 | N23: -24.850718 | O23: -35.084813
B24: Octubre | C24: -20.499018 | D24: -31.515257 | E24: -26.065123 | F24: -12.123891 | G24: -7.1312495 | H24: -4.6931865 | I24: -17.828472 | J24: -19.220533 | K24: -19.045235 | L24: -15.429284 | M24: -1.1063128 | N24: -13.556307 | O24: -37.935862
B25: Noviembre | C25: -14.890575 | D25: -21.284184 | E25: -18.475609 | F25: -5.305048 | G25: -0.31902785 | H25: -3.4899431 | I25: -15.68322 | J25: -21.841296 | K25: -13.897151 | L25: -13.379471 | M25: -3.4020952 | N25: -7.2824445 | O25: -35.321311
B26: Diciembre | C26: -11.23898 | D26: -12.23979 | E26: -14.072091 | F26: -4.386931 | G26: -7.9362943 | H26: -2.2976809 | I26: -12.697942 | J26: -8.8650963 | K26: -12.81827 | L26: -12.247371 | M26: -2.1848835 | N26: -6.6232642 | O26: -32.550226
A27: 2021(p) | B27: Enero | C27: -5.7927749 | D27: -8.9362574 | E27: -9.5680458 | F27: -3.915194 | G27: 4.9561204 | H27: -0.94657746 | I27: -4.7607441 | J27: -3.1746506 | K27: -8.1150345 | L27: -8.888679 | M27: -2.4064589 | N27: -3.3608279 | O27: -22.406535
B28: Febrero | C28: -6.4616151 | D28: -9.1769881 | E28: -10.927683 | F28: -1.0257 | G28: 1.4242024 | H28: 2.5615784 | I28: -3.788936 | J28: -1.0135881 | K28: -7.4342544 | L28: -7.5616315 | M28: 0.094740083 | N28: -5.3340165 | O28: -27.67467
B29: Marzo | C29: 3.1907715 | D29: -0.66499258 | E29: 3.7673994 | F29: 7.9530582 | G29: 12.439806 | H29: 15.525548 | I29: 6.9172746 | J29: 6.6356305 | K29: -0.44348283 | L29: -3.6793147 | M29: 7.8099621 | N29: -0.65794828 | O29: -32.363601
B30: Abril | C30: 52.272439 | D30: 55.590401 | E30: 39.212292 | F30: 73.804283 | G30: 72.431782 | H30: 70.428738 | I30: 64.172773 | J30: 19.545492 | K30: 75.854048 | L30: 56.323057 | M30: 82.031497 | N30: 49.162741 | O30: -8.3173969
B31: Mayo | C31: 51.688034 | D31: 66.278307 | E31: 57.921318 | F31: 43.450664 | G31: 49.304811 | H31: 52.623656 | I31: 54.375595 | J31: 16.287288 | K31: 70.099575 | L31: 73.557333 | M31: 54.153767 | N31: 88.753834 | O31: 23.012504
B32: Junio | C32: 52.089696 | D32: 67.107636 | E32: 52.444816 | F32: 42.969908 | G32: 51.788816 | H32: 44.005007 | I32: 46.8512 | J32: 40.103266 | K32: 60.595825 | L32: 65.027735 | M32: 53.009164 | N32: 77.897709 | O32: 19.619836
B33: Julio | C33: 53.43758 | D33: 68.761202 | E33: 57.460364 | F33: 44.130113 | G33: 58.667671 | H33: 43.348401 | I33: 32.600117 | J33: 63.538122 | K33: 56.5296 | L33: 48.739748 | M33: 37.310446 | N33: 71.554429 | O33: 26.844129
B34: Agosto | C34: 57.210807 | D34: 77.779626 | E34: 75.386955 | F34: 40.957416 | G34: 59.421643 | H34: 34.218228 | I34: 43.639025 | J34: 66.823253 | K34: 36.574524 | L34: 46.921572 | M34: 29.513316 | N34: 51.098499 | O34: 53.948334
B35: Septiembre | C35: 43.333453 | D35: 71.562054 | E35: 62.342641 | F35: 24.435157 | G35: 27.744819 | H35: 17.664209 | I35: 30.387225 | J35: 62.536562 | K35: 27.524466 | L35: 33.481397 | M35: 24.804393 | N35: 32.825239 | O35: 42.001961
B36: Octubre | C36: 25.79811 | D36: 50.120398 | E36: 38.734686 | F36: 13.80068 | G36: 10.721688 | H36: 10.968727 | I36: 19.724993 | J36: 27.708557 | K36: 17.594627 | L36: 15.658356 | M36: 3.1781828 | N36: 12.650829 | O36: 46.988623
B37: Noviembre | C37: 19.329168 | D37: 36.267131 | E37: 26.080251 | F37: 4.6329704 | G37: 3.4392167 | H37: 11.954842 | I37: 16.723433 | J37: 34.443189 | K37: 14.860984 | L37: 15.656048 | M37: 2.7881707 | N37: 6.6405729 | O37: 50.339495
B38: Diciembre | C38: 15.382909 | D38: 30.835964 | E38: 18.654623 | F38: 4.8570414 | G38: 6.2608868 | H38: 10.869248 | I38: 11.568414 | J38: 13.628596 | K38: 11.251344 | L38: 19.987637 | M38: 8.2238995 | N38: 2.7374939 | O38: 51.71211
A39: 2022(p) | B39: Enero | C39: 9.9195785 | D39: 21.086192 | E39: 14.972809 | F39: 7.7419161 | G39: -3.3376461 | H39: 5.3343329 | I39: 8.3551752 | J39: 8.7546117 | K39: 7.8348381 | L39: 11.296685 | M39: 5.146062 | N39: 6.3476155 | O39: 35.31006
B40: Febrero | C40: 8.3811366 | D40: 14.820553 | E40: 14.731151 | F40: 4.4120215 | G40: -1.3084675 | H40: 3.6054269 | I40: 6.5977296 | J40: 4.7729655 | K40: 4.9859067 | L40: 11.698955 | M40: 4.5690894 | N40: 6.4653063 | O40: 44.010411
B41: Marzo | C41: 6.5185447 | D41: 13.578632 | E41: 10.943334 | F41: 4.2409772 | G41: -4.3155645 | H41: 1.5826341 | I41: 6.7500281 | J41: -0.179802 | K41: 6.8141939 | L41: 8.0866434 | M41: 1.7563308 | N41: 6.1589207 | O41: 49.748291
B42: Abril | C42: 6.3058335 | D42: 10.87395 | E42: 9.1543156 | F42: 1.996448 | G42: 1.5942622 | H42: 2.1423431 | I42: 4.3271018 | J42: 3.0070814 | K42: 5.1563942 | L42: 6.9717548 | M42: 0.10212559 | N42: 5.5855259 | O42: 59.813741
B43: Mayo | C43: 8.0403133 | D43: 12.51269 | E43: 9.6706146 | F43: 4.1012863 | G43: 3.0915018 | H43: 1.1389682 | I43: 6.4112224 | J43: 3.0512897 | K43: 12.80054 | L43: 8.2519544 | M43: 3.0629094 | N43: 4.2060713 | O43: 60.105669
B44: Junio | C44: 4.8788923 | D44: 9.579568 | E44: 6.9925259 | F44: 1.4272331 | G44: -2.4461225 | H44: 3.4259172 | I44: 4.3466599 | J44: -0.99889184 | K44: 5.4600034 | L44: 3.5595423 | M44: 1.4665177 | N44: 2.401141 | O44: 53.88549
B45: Julio | C45: 4.7994238 | D45: 9.2849063 | E45: 5.0987086 | F45: 1.1558825 | G45: -1.7358271 | H45: 6.855108 | I45: 3.8774165 | J45: 2.7959377 | K45: 4.0690053 | L45: 4.681701 | M45: -1.0276591 | N45: -0.0907175 | O45: 32.730271
B46: Agosto | C46: 1.2386146 | D46: 2.5210251 | E46: 2.2592327 | F46: -2.9329157 | G46: -6.3892579 | H46: 1.1076621 | I46: 2.3360583 | J46: 4.9290235 | K46: 4.1048198 | L46: 0.42333945 | M46: -4.33838 | N46: -0.498879 | O46: 12.775394
B47: Septiembre | C47: 0.16743333 | D47: -3.7979437 | E47: 1.400041 | F47: -1.3530912 | G47: -2.8817293 | H47: 1.2125044 | I47: 0.35678834 | J47: 7.5550547 | K47: 4.3848887 | L47: -0.022595265 | M47: -8.6735356 | N47: -6.52222 | O47: 13.847295
B48: Octubre | C48: 0.2277544 | D48: 0.49063021 | E48: 0.094252699 | F48: -0.84445136 | G48: -5.0848765 | H48: -1.1957124 | I48: 5.5605401 | J48: -2.5098837 | K48: 4.2282812 | L48: -3.1627145 | M48: -1.4658515 | N48: -3.9731158 | O48: 11.767392
B49: Noviembre | C49: -1.4670371 | D49: -1.426363 | E49: -0.95478851 | F49: -3.4378548 | G49: -6.2905957 | H49: -3.1179166 | I49: 4.6619494 | J49: -5.2301757 | K49: 1.6686307 | L49: -6.1705602 | M49: -2.7148294 | N49: -5.030079 | O49: 8.5150156
B50: Diciembre | C50: -3.3049085 | D50: -7.8031407 | E50: -1.0735214 | F50: -3.0930702 | G50: -0.19881863 | H50: -7.7489868 | I50: 3.503358 | J50: -11.53159 | K50: 0.332427 | L50: -10.380879 | M50: -8.0754694 | N50: 1.1921512 | O50: 0.65921688
A51: 2023(p) | B51: Enero | C51: -0.79933409 | D51: -1.5632701 | E51: 0.37082156 | F51: -1.6277062 | G51: -2.4276406 | H51: -2.266546 | I51: 1.1351806 | J51: -8.6619411 | K51: 4.5911664 | L51: 1.3893413 | M51: -4.1249372 | N51: -0.90739256 | O51: 5.4267327
B52: Febrero | C52: 1.5533018 | D52: 3.5813467 | E52: 3.3277336 | F52: -0.31063998 | G52: -1.2897333 | H52: -0.30364699 | I52: 4.2243591 | J52: -8.6727135 | K52: 6.1267524 | L52: -1.9733562 | M52: -5.0130611 | N52: -1.4736487 | O52: 8.4337952
B53: Marzo | C53: 1.4406453 | D53: 1.5251533 | E53: 2.1042517 | F53: -1.7453995 | G53: 3.9059692 | H53: 0.47457643 | I53: 2.0820725 | J53: -5.1293028 | K53: 2.887072 | L53: 1.6660717 | M53: -5.6636396 | N53: -1.7266307 | O53: 7.8891872
B54: Abril | C54: 0.34127405 | D54: -2.2381424 | E54: 2.9805414 | F54: -0.11351168 | G54: -2.8547057 | H54: 2.3982793 | I54: 4.4125917 | J54: -4.5197518 | K54: 3.0226932 | L54: 0.24392088 | M54: -3.7652471 | N54: -1.9023089 | O54: 6.5712835
B55: Mayo | C55: 1.316918 | D55: -0.93370984 | E55: 3.7815946 | F55: 1.6644216 | G55: -0.60394365 | H55: 2.2336274 | I55: 4.9668407 | J55: -3.7599056 | K55: 1.3988589 | L55: 0.66011128 | M55: -2.2562788 | N55: 0.50669064 | O55: 4.8324077
B56: Junio | C56: 0.98427352 | D56: -3.2208858 | E56: 2.6972374 | F56: 1.023767 | G56: 4.082397 | H56: -2.1823237 | I56: 4.2129769 | J56: -2.7886028 | K56: 5.4276017 | L56: 0.85806409 | M56: -4.9554067 | N56: 1.2686662 | O56: 9.0318893
B58: Fuente: DANE, EMA
B59: (p): Cifra provisional
B60: Nota metodológica: 1 Salarios reales: incluye los sueldos y salarios del personal permanente, personal temporal directo y aprendices y pasantes; excepto los costos del personal contratado a través de agencias de suministro de personal.
B61: Nota: como parte del proceso de producción estadística algunas fuentes de información presentaron actualización en la información; como consecuencia de este proceso se presentan cambios en la serie histórica.
B62: ='1.1 V.A Ing.real'!B65 -> Actualizado el 14 de agosto de 2023

Sheet 3.2 V.A.C Salarios
L4: Inicio
A6: ENCUESTA MENSUAL DE ALOJAMIENTO - EMA
A10: 3.2 Variaciones año corrido de los salarios reales
A11: Total nacional y 12 regiones
A12: ='1.1 V.A Ing.real'!A12 -> Enero 2020 - junio 2023
A14: Año | B14: Meses | C14: Total nacional | D14: Bogotá D.C. | E14: Cartagena | F14: Central | G14: Caribe | H14: Eje Cafetero | I14: Antioquia | J14: San Andrés y Providencia | K14: Pacífico | L14: Santanderes | M14: Llanos Orinoquía | N14: Golfo de Morrosquillo y Sabana | O14: Amazonía
A15: 2020(p) | B15: Enero | C15: 2.4115165 | D15: 4.1900928 | E15: 0.97250724 | F15: 1.609214 | G15: 1.1936767 | H15: 5.2961596 | I15: 4.0671728 | J15: 3.4091139 | K15: 0.94197684 | L15: -0.16992225 | M15: 2.5284915 | N15: 1.7363578 | O15: -4.094513
B16: Febrero | C16: 2.0903217 | D16: 3.8120632 | E16: -0.092613595 | F16: 0.05420394 | G16: 2.778431 | H16: 4.5189652 | I16: 3.0101083 | J16: 2.9414894 | K16: 2.1187496 | L16: -1.0355775 | M16: 1.2225918 | N16: 1.9424514 | O16: -5.2061743
B17: Marzo | C17: -0.7228424 | D17: 1.1567152 | E17: -3.5973773 | F17: -2.6808739 | G17: -0.32332006 | H17: -0.80380023 | I17: 0.044359409 | J17: 1.1599898 | K17: -0.36286969 | L17: -2.3513179 | M17: -1.0445153 | N17: 0.23663901 | O17: -4.6380387
B18: Abril | C18: -9.5914377 | D18: -8.5532039 | E18: -10.673307 | F18: -12.527718 | G18: -10.352603 | H18: -10.680081 | I18: -9.7519607 | J18: -2.2451344 | K18: -11.569438 | L18: -12.393117 | M18: -11.669386 | N18: -9.3008967 | O18: -12.618317
B19: Mayo | C19: -14.960551 | D19: -15.213265 | E19: -16.574785 | F19: -16.062879 | G19: -14.588376 | H19: -14.670806 | I19: -14.95084 | J19: -4.3617917 | K19: -18.354093 | L19: -19.510998 | M19: -16.376288 | N19: -16.946952 | O19: -20.50739
B20: Junio | C20: -18.285309 | D20: -19.466667 | E20: -19.612999 | F20: -18.299679 | G20: -17.398768 | H20: -16.426044 | I20: -17.565092 | J20: -8.3170574 | K20: -22.389329 | L20: -23.140058 | M20: -19.072398 | N20: -21.830602 | O20: -25.008747
B21: Julio | C21: -20.942457 | D21: -22.934288 | E21: -22.185704 | F21: -20.212052 | G21: -20.038604 | H21: -18.031535 | I21: -18.853531 | J21: -12.643777 | K21: -24.771489 | L21: -25.017682 | M21: -19.235483 | N21: -24.4951 | O21: -27.93214
B22: Agosto | C22: -22.919283 | D22: -25.45302 | E22: -24.810249 | F22: -21.080349 | G22: -21.889876 | H22: -18.247331 | I22: -20.440014 | J22: -15.982916 | K22: -25.491549 | L22: -26.248802 | M22: -18.864782 | N22: -25.721555 | O22: -29.629857
B23: Septiembre | C23: -23.684984 | D23: -26.831971 | E23: -26.283234 | F23: -21.011074 | G23: -21.617891 | H23: -17.570808 | I23: -20.668292 | J23: -18.346229 | K23: -25.417745 | L23: -26.41382 | M23: -17.825357 | N23: -25.624202 | O23: -30.189889
B24: Octubre | C24: -23.366843 | D24: -27.313523 | E24: -26.261944 | F24: -20.135335 | G24: -20.187545 | H24: -16.281057 | I24: -20.383545 | J24: -18.432281 | K24: -24.77824 | L24: -25.325934 | M24: -16.159837 | N24: -24.411503 | O24: -30.919959
B25: Noviembre | C25: -22.58957 | D25: -26.752808 | E25: -25.556786 | F25: -18.787257 | G25: -18.363407 | H25: -15.105271 | I25: -19.949961 | J25: -18.749037 | K25: -23.805715 | L25: -24.240501 | M25: -14.95502 | N25: -22.857422 | O25: -31.294387
B26: Diciembre | C26: -21.634827 | D26: -25.55188 | E26: -24.608238 | F26: -17.59672 | G26: -17.444672 | H26: -14.024408 | I26: -19.33372 | J26: -17.888467 | K26: -22.871344 | L26: -23.242652 | M26: -13.877818 | N26: -21.488036 | O26: -31.39352
A27: 2021(p) | B27: Enero | C27: -5.7927749 | D27: -8.9362574 | E27: -9.5680458 | F27: -3.915194 | G27: 4.9561204 | H27: -0.94657746 | I27: -4.7607441 | J27: -3.1746506 | K27: -8.1150345 | L27: -8.888679 | M27: -2.4064589 | N27: -3.3608279 | O27: -22.406535
B28: Febrero | C28: -6.1255334 | D28: -9.0589987 | E28: -10.240558 | F28: -2.5112188 | G28: 3.2067745 | H28: 0.7457615 | I28: -4.2795352 | J28: -2.1155347 | K28: -7.7779953 | L28: -8.2315273 | M28: -1.1627278 | N28: -4.3477595 | O28: -25.004265
B29: Marzo | C29: -3.1962375 | D29: -6.3398889 | E29: -5.977285 | F29: 0.69713759 | G29: 6.0695222 | H29: 5.2253456 | I29: -0.79460415 | J29: 0.6958082 | K29: -5.4696452 | L29: -6.7616872 | M29: 1.6982616 | N29: -3.1566578 | O29: -27.460411
B30: Abril | C30: 6.7088238 | D30: 4.5339664 | E30: 2.6083227 | F30: 12.772235 | G30: 17.124485 | H30: 16.49147 | I30: 10.412461 | J30: 4.9156175 | K30: 7.0664817 | L30: 3.8311888 | M30: 14.455931 | N30: 6.2064837 | O30: -23.761497
B31: Mayo | C31: 13.408605 | D31: 13.207407 | E31: 10.368641 | F31: 17.658726 | G31: 22.165561 | H31: 22.215785 | I31: 17.178993 | J31: 6.9869963 | K31: 15.368494 | L31: 12.922511 | M31: 20.611801 | N31: 16.412955 | O31: -17.932033
B32: Junio | C32: 18.563901 | D32: 20.049783 | E32: 15.862613 | F32: 21.267971 | G32: 26.292441 | H32: 25.397632 | I32: 21.327474 | J32: 11.517893 | K32: 21.056746 | L32: 19.527038 | M32: 25.11123 | N32: 23.550348 | O32: -13.516351
B33: Julio | C33: 22.638402 | D33: 25.472746 | E33: 20.581831 | F33: 24.140547 | G33: 30.099376 | H33: 27.676156 | I33: 22.83819 | J33: 16.901115 | K33: 25.170124 | L33: 23.055294 | M33: 26.754918 | N33: 28.765901 | O33: -8.9049632
B34: Agosto | C34: 26.253992 | D34: 30.723181 | E34: 25.759087 | F34: 26.061651 | G34: 33.251983 | H34: 28.475726 | I34: 25.165112 | J34: 21.446121 | K34: 26.507713 | L34: 25.722572 | M34: 27.099917 | N34: 31.255025 | O34: -2.9548571
B35: Septiembre | C35: 27.990506 | D35: 34.672174 | E35: 29.092405 | F35: 25.883393 | G35: 32.631533 | H35: 27.202913 | I35: 25.733403 | J35: 24.855899 | K35: 26.62058 | L35: 26.568783 | M35: 26.826681 | N35: 31.432388 | O35: 1.3370028
B36: Octubre | C36: 27.763388 | D36: 36.168793 | E36: 30.036095 | F36: 24.573333 | G36: 30.114367 | H36: 25.351937 | I36: 25.11161 | J36: 25.133953 | K36: 25.645759 | L36: 25.34503 | M36: 24.047873 | N36: 29.273992 | O36: 5.2027429
B37: Noviembre | C37: 26.913048 | D37: 36.178621 | E37: 29.643762 | F37: 22.459838 | G37: 27.123987 | H37: 23.951956 | I37: 24.296594 | J37: 25.966022 | K37: 24.556491 | L37: 24.338503 | M37: 21.767408 | N37: 26.805918 | O37: 8.8175171
B38: Diciembre | C38: 25.814544 | D38: 35.657474 | E38: 28.609301 | F38: 20.771246 | G38: 25.074011 | H38: 22.697283 | I38: 23.126043 | J38: 24.773788 | K38: 23.277545 | L38: 23.924648 | M38: 20.46986 | N38: 24.391311 | O38: 12.146445
A39: 2022(p) | B39: Enero | C39: 9.9195785 | D39: 21.086192 | E39: 14.972809 | F39: 7.7419161 | G39: -3.3376461 | H39: 5.3343329 | I39: 8.3551752 | J39: 8.7546117 | K39: 7.8348381 | L39: 11.296685 | M39: 5.146062 | N39: 6.3476155 | O39: 35.31006
B40: Febrero | C40: 9.1569196 | D40: 17.895676 | E40: 14.854193 | F40: 6.0993005 | G40: -2.3499605 | H40: 4.4852741 | I40: 7.480483 | J40: 6.7812775 | K40: 6.4191378 | L40: 11.497342 | M40: 4.8555099 | N40: 6.4058741 | O40: 39.447463
B41: Marzo | C41: 8.2726093 | D41: 16.412504 | E41: 13.540577 | F41: 5.4884816 | G41: -2.9960077 | H41: 3.5194003 | I41: 7.2354605 | J41: 4.4130933 | K41: 6.5500824 | L41: 10.359673 | M41: 3.8079337 | N41: 6.3240986 | O41: 42.652943
B42: Abril | C42: 7.7714392 | D42: 14.965059 | E42: 12.409942 | F42: 4.5995517 | G42: -1.8702525 | H42: 3.1712995 | I42: 6.4894799 | J42: 4.0544433 | K42: 6.1972156 | L42: 9.503192 | M42: 2.8719522 | N42: 6.1384629 | O42: 46.640565
B43: Mayo | C43: 7.8250069 | D43: 14.45907 | E43: 11.860032 | F43: 4.5027901 | G43: -0.92031926 | H43: 2.7692141 | I43: 6.4736115 | J43: 3.855832 | K43: 7.4795268 | L43: 9.2524462 | M43: 2.9097985 | N43: 5.7510607 | O43: 49.155978
B44: Junio | C44: 7.3213302 | D44: 13.596833 | E44: 11.023802 | F44: 3.9857476 | G44: -1.1757952 | H44: 2.8793413 | I44: 6.1136838 | J44: 3.0213615 | K44: 7.1425717 | L44: 8.2561578 | M44: 2.6646554 | N44: 5.1911318 | O44: 49.9252
B45: Julio | C45: 6.9526831 | D45: 12.951178 | E45: 10.146024 | F45: 3.5729269 | G45: -1.2561087 | H45: 3.4459386 | I45: 5.7901712 | J45: 2.9887275 | K45: 6.6968735 | L45: 7.7343327 | M45: 2.1257347 | N45: 4.4265757 | O45: 47.189608
B46: Agosto | C46: 6.2085812 | D46: 11.527353 | E46: 9.1069731 | F46: 2.7419019 | G46: -1.9163913 | H46: 3.1473813 | I46: 5.3467396 | J46: 3.2313785 | K46: 6.3686672 | L46: 6.7794889 | M46: 1.301902 | N46: 3.7946038 | O46: 42.021451
B47: Septiembre | C47: 5.520732 | D47: 9.6395147 | E47: 8.2238844 | F47: 2.2982688 | G47: -2.0211415 | H47: 2.9366745 | I47: 4.7836135 | J47: 3.698447 | K47: 6.1468799 | L47: 5.9971069 | M47: 0.13346225 | N47: 2.6169234 | O47: 38.252442
B48: Octubre | C48: 4.9808475 | D48: 8.6623605 | E48: 7.3750134 | F48: 1.9869882 | G48: -2.3206652 | H48: 2.5195739 | I48: 4.8605538 | J48: 3.080859 | K48: 5.9529451 | L48: 5.0491055 | M48: -0.022847902 | N48: 1.9569741 | O48: 35.118912
B49: Noviembre | C49: 4.3696169 | D49: 7.6534277 | E49: 6.5715872 | F49: 1.4957068 | G49: -2.6827916 | H49: 1.9874816 | I49: 4.8424326 | J49: 2.2880187 | K49: 5.5539098 | L49: 3.9649543 | M49: -0.26660115 | N49: 1.3162295 | O49: 32.175369
B50: Diciembre | C50: 3.6990699 | D50: 6.1993104 | E50: 5.9076204 | F50: 1.1135215 | G50: -2.4754325 | H50: 1.1437379 | I50: 4.730844 | J50: 1.0718416 | K50: 5.1009625 | L50: 2.6437284 | M50: -0.93868758 | N50: 1.3059485 | O50: 28.866575
A51: 2023(p) | B51: Enero | C51: -0.79933409 | D51: -1.5632701 | E51: 0.37082156 | F51: -1.6277062 | G51: -2.4276406 | H51: -2.266546 | I51: 1.1351806 | J51: -8.6619411 | K51: 4.5911664 | L51: 1.3893413 | M51: -4.1249372 | N51: -0.90739256 | O51: 5.4267327
B52: Febrero | C52: 0.35866008 | D52: 0.98808139 | E52: 1.8206372 | F52: -0.98833799 | G52: -1.8678664 | H52: -1.3106916 | I52: 2.6600572 | J52: -8.6671796 | K52: 5.343958 | L52: -0.29104954 | M52: -4.5709573 | N52: -1.1878537 | O52: 6.903516
B53: Marzo | C53: 0.71543648 | D53: 1.1681071 | E53: 1.9137212 | F53: -1.2342364 | G53: 0.0040409582 | H53: -0.72774554 | I53: 2.4670567 | J53: -7.5165248 | K53: 4.5275843 | L53: 0.3483202 | M53: -4.9330033 | N53: -1.3659857 | O53: 7.2254999
B54: Abril | C54: 0.6213897 | D54: 0.30959598 | E54: 2.1807482 | F54: -0.95604529 | G54: -0.72181409 | H54: 0.054588808 | I54: 2.9559444 | J54: -6.7597927 | K54: 4.1502965 | L54: 0.32253771 | M54: -4.6460027 | N54: -1.5000849 | O54: 7.0598245
B55: Mayo | C55: 0.7602363 | D55: 0.057431302 | E55: 2.4958221 | F55: -0.44911378 | G55: -0.69833393 | H55: 0.4788607 | I55: 3.3634574 | J55: -6.1704554 | K55: 3.589538 | L55: 0.38956735 | M55: -4.171673 | N55: -1.1036481 | O55: 6.6131746
B56: Junio | C56: 0.7976667 | D56: -0.50138048 | E56: 2.5291685 | F56: -0.20759507 | G56: 0.091847676 | H56: 0.030216639 | I56: 3.5048212 | J56: -5.6118387 | K56: 3.8914007 | L56: 0.46799971 | M56: -4.3032376 | N56: -0.71763995 | O56: 7.016953
B57: Fuente: DANE, EMA
B58: (p): Cifra provisional
B59: Nota: como parte del proceso de producción estadística algunas fuentes de información presentaron actualización en la información; como consecuencia de este proceso se presentan cambios en la serie histórica.
B60: ='1.1 V.A Ing.real'!B65 -> Actualizado el 14 de agosto de 2023

Sheet 3.3 V.12Meses Salarios
L4: Inicio
A6: ENCUESTA MENSUAL DE ALOJAMIENTO - EMA
A10: 3.3 Variaciones 12 meses de los salarios reales
A11: Total nacional y 12 regiones
A12: ='1.3 V.12Meses Ing.real'!A12 -> Diciembre 2020 - junio 2023
A14: Año | B14: Meses | C14: Total nacional | D14: Bogotá D.C. | E14: Cartagena | F14: Central | G14: Caribe | H14: Eje Cafetero | I14: Antioquia | J14: San Andrés y Providencia | K14: Pacífico | L14: Santanderes | M14: Llanos Orinoquía | N14: Golfo de Morrosquillo y Sabana | O14: Amazonía
A15: 2020(p) | B15: Diciembre | C15: -21.634827 | D15: -25.55188 | E15: -24.608238 | F15: -17.59672 | G15: -17.444672 | H15: -14.024408 | I15: -19.33372 | J15: -17.888467 | K15: -22.871344 | L15: -23.242652 | M15: -13.877818 | N15: -21.488036 | O15: -31.39352
A16: 2021(p) | B16: Enero | C16: -22.280769 | D16: -26.513314 | E16: -25.494823 | F16: -18.054652 | G16: -17.102056 | H16: -14.493636 | I16: -20.004868 | J16: -18.395131 | K16: -23.631947 | L16: -23.97004 | M16: -14.265498 | N16: -21.883467 | O16: -32.983396
B17: Febrero | C17: -22.93392 | D17: -27.48546 | E17: -26.34322 | F17: -18.033391 | G17: -17.279056 | H17: -14.533961 | I17: -20.44692 | J17: -18.640745 | K17: -24.466025 | L17: -24.466751 | M17: -14.252807 | N17: -22.469785 | O17: -34.831655
B18: Marzo | C18: -22.281844 | D18: -27.301608 | E18: -25.391136 | F18: -16.860569 | G18: -15.876056 | H18: -12.5534 | I18: -19.536915 | J18: -17.949634 | K18: -24.164582 | L18: -24.443386 | M18: -13.223161 | N18: -22.319305 | O18: -37.272737
B19: Abril | C19: -16.988662 | D19: -22.052288 | E19: -20.960101 | F19: -10.022983 | G19: -9.2529501 | H19: -5.7033912 | I19: -13.489592 | J19: -15.68482 | K19: -17.618008 | L19: -18.76889 | M19: -5.8723652 | N19: -17.027501 | O19: -35.715999
B20: Mayo | C20: -11.434457 | D20: -15.802227 | E20: -15.012615 | F20: -5.0149267 | G20: -3.8673485 | H20: 0.0093656707 | I20: -7.6544768 | J20: -13.591301 | K20: -10.867057 | L20: -11.718793 | M20: 0.30535676 | N20: -9.4175751 | O20: -31.480662
B21: Junio | C21: -5.5150054 | D21: -8.9657004 | E21: -9.2146275 | F21: 0.31279189 | G21: 2.0967191 | H21: 5.1866362 | I21: -2.1987816 | J21: -8.8755569 | K21: -3.9598808 | L21: -4.7034612 | M21: 6.6839354 | N21: -1.5085904 | O21: -27.239259
B22: Julio | C22: 1.0799952 | D22: -1.1979259 | E22: -2.5104267 | F22: 6.3230464 | G22: 9.1772791 | H22: 10.83916 | I22: 2.565196 | J22: -2.0999519 | K22: 3.0580533 | L22: 1.6744889 | M22: 11.309894 | N22: 6.2774252 | O22: -22.105613
B23: Agosto | C23: 8.3879472 | D23: 7.7543909 | E23: 6.0347152 | F23: 12.000777 | G23: 16.811585 | H23: 15.495899 | I23: 8.7200939 | J23: 5.2991499 | K23: 8.8028786 | L23: 8.4189535 | M23: 15.252036 | N23: 13.348218 | O23: -15.712344
B24: Septiembre | C24: 14.704927 | D24: 16.769721 | E24: 14.120653 | F24: 16.113713 | G24: 21.202984 | H24: 18.304134 | I24: 13.445817 | J24: 12.701438 | K24: 13.667084 | L24: 14.064415 | M24: 18.327115 | N24: 18.822189 | O24: -9.9247645
B25: Octubre | C25: 19.24438 | D25: 24.643166 | E25: 20.20945 | F25: 18.701704 | G25: 23.029262 | H25: 19.845688 | I25: 17.09871 | J25: 16.937932 | K25: 17.448847 | L25: 17.291565 | M25: 18.751762 | N25: 21.661974 | O25: -3.1217655
B26: Noviembre | C26: 22.86678 | D26: 30.869198 | E26: 24.927357 | F26: 19.778136 | G26: 23.413476 | H26: 21.381128 | I26: 20.450975 | J26: 22.307075 | K26: 20.493082 | L26: 20.424707 | M26: 19.426389 | N26: 23.239712 | O26: 4.2296046
B27: Diciembre | C27: 25.814544 | D27: 35.657474 | E27: 28.609301 | F27: 20.771246 | G27: 25.074011 | H27: 22.697283 | I27: 23.126043 | J27: 24.773788 | K27: 23.277545 | L27: 23.924648 | M27: 20.46986 | N27: 24.391311 | O27: 12.146445
A28: 2022(p) | B28: Enero | C28: 27.624446 | D28: 39.092628 | E28: 31.596947 | F28: 22.073745 | G28: 24.067114 | H28: 23.368304 | I28: 24.591168 | J28: 26.086743 | K28: 25.216894 | L28: 26.252277 | M28: 21.260504 | N28: 25.502067 | O28: 18.544168
B29: Febrero | C29: 29.369677 | D29: 42.116022 | E29: 34.747395 | F29: 22.642818 | G29: 23.752441 | H29: 23.420339 | I29: 25.746751 | J29: 26.696383 | K29: 26.768756 | L29: 28.451993 | M29: 21.70062 | N29: 26.89095 | O29: 26.462392
B30: Marzo | C30: 29.62875 | D30: 43.680864 | E30: 35.381198 | F30: 22.169276 | G30: 21.905338 | H30: 21.928046 | I30: 25.606538 | J30: 25.858426 | K30: 27.528618 | L30: 29.759 | M30: 20.99841 | N30: 27.609662 | O30: 36.13254
B31: Abril | C31: 25.759453 | D31: 39.364446 | E31: 32.335846 | F31: 17.264328 | G31: 17.079578 | H31: 17.24538 | I31: 21.128894 | J31: 24.051497 | K31: 22.505873 | L31: 25.844069 | M31: 15.818684 | N31: 23.938512 | O31: 42.337103
B32: Mayo | C32: 22.428277 | D32: 34.982687 | E32: 28.500044 | F32: 14.419763 | G32: 13.839521 | H32: 13.642472 | I32: 17.654792 | J32: 22.645565 | K32: 19.029348 | L32: 21.620184 | M32: 12.4254 | N32: 18.75384 | O32: 45.138226
B33: Junio | C33: 18.878837 | D33: 30.449014 | E33: 24.833522 | F33: 11.399653 | G33: 10.014023 | H33: 10.800196 | I33: 14.55508 | J33: 19.036473 | K33: 15.406123 | L33: 17.385885 | M33: 9.0445534 | N33: 14.18496 | O33: 47.718256
B34: Julio | C34: 15.481035 | D34: 26.183726 | E34: 20.940411 | F34: 8.4172105 | G34: 6.2147221 | H34: 8.4653514 | I34: 12.338934 | J34: 14.916614 | K34: 12.009612 | L34: 14.329612 | M34: 6.3291686 | N34: 9.9007975 | O34: 47.861746
B35: Agosto | C35: 11.732803 | D35: 21.007587 | E35: 16.238522 | F35: 5.3690774 | G35: 2.1159942 | H35: 6.1303626 | I35: 9.4662732 | J35: 11.207983 | K35: 9.7270746 | L35: 11.067012 | M35: 3.8471297 | N35: 6.5650415 | O35: 43.779929
B36: Septiembre | C36: 8.7662611 | D36: 15.742077 | E36: 12.360771 | F36: 3.5432342 | G36: 0.040104231 | H36: 4.9065142 | I36: 7.2602094 | J36: 8.2295186 | K36: 8.0672024 | L36: 8.6140016 | M36: 1.2428433 | N36: 3.7053441 | O36: 40.791228
B37: Octubre | C37: 6.8569271 | D37: 12.258514 | E37: 9.5775007 | F37: 2.4282179 | G37: -1.1721243 | H37: 3.9235739 | I37: 6.2400715 | J37: 6.0239485 | K37: 7.0474036 | L37: 7.0549098 | M37: 0.86712337 | N37: 2.3925561 | O37: 37.429021
B38: Noviembre | C38: 5.2134218 | D38: 9.358167 | E38: 7.4682412 | F38: 1.7637285 | G38: -1.9767011 | H38: 2.6876503 | I38: 5.3491882 | J38: 3.1756998 | K38: 6.0020923 | L38: 5.2139603 | M38: 0.4130669 | N38: 1.4311093 | O38: 33.57752
B39: Diciembre | C39: 3.6990699 | D39: 6.1993104 | E39: 5.9076204 | F39: 1.1135215 | G39: -2.4754325 | H39: 1.1437379 | I39: 4.730844 | J39: 1.0718416 | K39: 5.1009625 | L39: 2.6437284 | M39: -0.93868758 | N39: 1.3059485 | O39: 28.866575
A40: 2023(p) | B40: Enero | C40: 2.8022693 | D40: 4.4556432 | E40: 4.6818398 | F40: 0.3061614 | G40: -2.3956766 | H40: 0.49316342 | I40: 4.1213566 | J40: -0.40908327 | K40: 4.8293286 | L40: 1.8515323 | M40: -1.6966152 | N40: 0.69271572 | O40: 25.824287
B41: Febrero | C41: 2.2584584 | D41: 3.6180246 | E41: 3.8032246 | F41: -0.082060788 | G41: -2.3953212 | H41: 0.17643677 | I41: 3.9323121 | J41: -1.5072945 | K41: 4.9274358 | L41: 0.75377611 | M41: -2.4868757 | N41: 0.039468536 | O41: 22.795556
B42: Marzo | C42: 1.8512336 | D42: 2.693245 | E42: 3.1049864 | F42: -0.571753 | G42: -1.7264024 | H42: 0.08643407 | I42: 3.5461474 | J42: -1.9154181 | K42: 4.5990986 | L42: 0.2617654 | M42: -3.1014083 | N42: -0.60380684 | O42: 19.621031
B43: Abril | C43: 1.3630769 | D43: 1.6484986 | E43: 2.6138185 | F43: -0.74791639 | G43: -2.0975081 | H43: 0.11172217 | I43: 3.5563017 | J43: -2.5458831 | K43: 4.4169326 | L43: -0.26446864 | M43: -3.4192571 | N43: -1.2177965 | O43: 15.933411
B44: Mayo | C44: 0.83729092 | D44: 0.60992161 | E44: 2.1701998 | F44: -0.93291668 | G44: -2.3894944 | H44: 0.20201062 | I44: 3.4460259 | J44: -3.0939626 | K44: 3.5033233 | L44: -0.84343018 | M44: -3.8431145 | N44: -1.510642 | O44: 12.362318
B45: Junio | C45: 0.52402827 | D45: -0.41551913 | E45: 1.8341074 | F45: -0.96380419 | G45: -1.8529815 | H45: -0.26430002 | I45: 3.4378449 | J45: -3.2445097 | K45: 3.5091059 | L45: -1.0581592 | M45: -4.375662 | N45: -1.5966189 | O45: 9.6537159
B46: Fuente: DANE, EMA
B47: (p): Cifra provisional
B48: Nota: como parte del proceso de producción estadística algunas fuentes de información presentaron actualización en la información; como consecuencia de este proceso se presentan cambios en la serie histórica.
B49: ='1.1 V.A Ing.real'!B65 -> Actualizado el 14 de agosto de 2023

Sheet 4.1 V.A_Cuatrienales
L4: Inicio
A6: ENCUESTA MENSUAL DE ALOJAMIENTO - EMA
A9: 4.1 Variaciones cuatrienales de ingresos reales, personal ocupado y salarios
A10: Total nacional y 12 regiones
A11: Enero 2023 - junio 2023*
A13: Año | B13: Meses | C13: Total nacional | F13: Bogotá D.C. | I13: Cartagena | L13: Central | O13: Caribe | R13: Eje Cafetero | U13: Antioquia | X13: San Andrés y Providencia | AA13: Pacífico | AD13: Santanderes | AG13: Llanos Orinoquía | AJ13: Golfo de Morrosquillo y Sabana | AM13: Amazonía
C14: Total de Ingresos reales | D14: Total de personal | E14: Salarios | F14: Total de Ingresos reales | G14: Total de personal | H14: Salarios | I14: Total de Ingresos reales | J14: Total de personal | K14: Salarios | L14: Total de Ingresos reales | M14: Total de personal | N14: Salarios | O14: Total de Ingresos reales | P14: Total de personal | Q14: Salarios | R14: Total de Ingresos reales | S14: Total de personal | T14: Salarios | U14: Total de Ingresos reales | V14: Total de personal | W14: Salarios | X14: Total de Ingresos reales | Y14: Total de personal | Z14: Salarios | AA14: Total de Ingresos reales | AB14: Total de personal | AC14: Salarios | AD14: Total de Ingresos reales | AE14: Total de personal | AF14: Salarios | AG14: Total de Ingresos reales | AH14: Total de personal | AI14: Salarios | AJ14: Total de Ingresos reales | AK14: Total de personal | AL14: Salarios | AM14: Total de Ingresos reales | AN14: Total de personal | AO14: Salarios
A15: 2023(p) | B15: Enero | C15: 15.162587 | D15: -7.9719817 | E15: 5.201674 | F15: -2.4548165 | G15: -24.156164 | H15: 13.089874 | I15: 31.531761 | J15: -0.39742481 | K15: 5.3725953 | L15: 4.5921189 | M15: -4.4238779 | N15: 3.477351 | O15: 30.757944 | P15: 4.0514609 | Q15: 0.17176324 | R15: 14.834232 | S15: -4.4221253 | T15: 7.3730314 | U15: 28.539128 | V15: -8.8602847 | W15: 8.6129634 | X15: -10.532711 | Y15: -15.478066 | Z15: -0.54025325 | AA15: 3.9668533 | AB15: -14.70039 | AC15: 4.6093153 | AD15: 15.369232 | AE15: 3.2366013 | AF15: 2.6380242 | AG15: 6.5361185 | AH15: -9.5832456 | AI15: 0.87053333 | AJ15: 28.673946 | AK15: 10.169119 | AL15: 3.6092189 | AM15: 4.6711243 | AN15: -8.5024155 | AO15: 6.1571946
B16: Febrero | C16: 12.853293 | D16: -6.2725521 | E16: 4.7728302 | F16: -3.1328 | G16: -20.920349 | H16: 11.746212 | I16: 29.107136 | J16: 0.29504545 | K16: 4.3717333 | L16: 9.9369199 | M16: -0.16678466 | N16: 1.4334106 | O16: 54.857216 | P16: 5.5821741 | Q16: 3.1982165 | R16: 18.070992 | S16: -3.5225545 | T16: 9.8539542 | U16: 23.604947 | V16: -7.3681004 | W16: 8.9802346 | X16: -15.578839 | Y16: -11.111111 | Z16: -2.9540812 | AA16: -12.019563 | AB16: -15.417465 | AC16: 6.5874938 | AD16: 2.8264592 | AE16: 3.4159327 | AF16: -0.71067632 | AG16: 0.55077827 | AH16: -7.5505548 | AI16: -0.64288972 | AJ16: 10.642366 | AK16: 9.196575 | AL16: 1.4354122 | AM16: 6.7170214 | AN16: -6.4691358 | AO16: 5.799784
B17: Marzo | C17: 9.1778696 | D17: -6.3984594 | E17: 4.4210219 | F17: 7.633459 | G17: -17.142045 | H17: 9.9970243 | I17: 24.738261 | J17: 0.4505686 | K17: 4.9052511 | L17: 7.9050143 | M17: -1.9596097 | N17: 1.3380934 | O17: 11.207475 | P17: 3.6323411 | Q17: 4.4161798 | R17: 12.334346 | S17: -4.6892225 | T17: 4.7025759 | U17: 21.749575 | V17: -10.028497 | W17: 9.5806689 | X17: -30.424097 | Y17: -13.541598 | Z17: -1.4479931 | AA17: -2.1198633 | AB17: -15.998697 | AC17: 3.5352144 | AD17: 3.592454 | AE17: 1.6824956 | AF17: 0.55212319 | AG17: -1.7401744 | AH17: -3.3058973 | AI17: -2.2668047 | AJ17: 5.3314861 | AK17: 9.8986523 | AL17: 0.36179786 | AM17: -2.2548467 | AN17: -5.7589068 | AO17: 5.4685373
B18: Abril | C18: 5.0057721 | D18: -7.0947776 | E18: 4.0788527 | F18: -9.6286168 | G18: -19.174943 | H18: 6.3096203 | I18: 27.808596 | J18: -0.35233088 | K18: 6.4663226 | L18: 12.633327 | M18: -1.7222899 | N18: 2.4805527 | O18: 19.7883 | P18: 4.2614122 | Q18: 1.4788039 | R18: 11.238685 | S18: -6.3693597 | T18: 7.8221031 | U18: 26.044248 | V18: -9.7786954 | W18: 9.8130472 | X18: -42.180301 | Y18: -14.582336 | Z18: 2.9237444 | AA18: -7.7857365 | AB18: -15.481142 | AC18: 4.1766219 | AD18: -2.9281628 | AE18: 0.72867031 | AF18: -2.7188668 | AG18: -3.1780479 | AH18: -5.5069739 | AI18: -1.2615584 | AJ18: 13.210073 | AK18: 7.2100536 | AL18: -2.4535006 | AM18: 5.3775334 | AN18: -4.5431852 | AO18: 1.1157458
B19: Mayo | C19: 1.8611478 | D19: -6.8091026 | E19: 5.4285312 | F19: -17.327126 | G19: -20.703006 | H19: 8.7010262 | I19: 26.973724 | J19: 0.58007088 | K19: 6.7392854 | L19: 16.799961 | M19: -0.68608321 | N19: 5.0285625 | O19: 21.045337 | P19: 5.3251918 | Q19: 4.1732952 | R19: 3.4194976 | S19: -6.2474387 | T19: 8.8287595 | U19: 23.787315 | V19: -8.3155808 | W19: 11.380912 | X19: -36.704603 | Y19: -13.863575 | Z19: 0.52636941 | AA19: -11.139862 | AB19: -15.747195 | AC19: 5.4910279 | AD19: 8.1221014 | AE19: 0.066801442 | AF19: -1.2765017 | AG19: 19.571369 | AH19: 4.5970192 | AI19: 0.63917263 | AJ19: 1.8687209 | AK19: 3.1187087 | AL19: 2.7771847 | AM19: -7.6189873 | AN19: -7.4457594 | AO19: 0.4370109
B20: Junio | C20: 4.9771564 | D20: -7.5696514 | E20: 4.9438055 | F20: -1.8268663 | G20: -20.234251 | H20: 6.1102082 | I20: 42.157306 | J20: 0.33933432 | K20: 8.3716583 | L20: -6.8684512 | M20: -1.5654525 | N20: 3.1575104 | O20: 10.058641 | P20: 1.2554486 | Q20: 5.7984688 | R20: 2.1973763 | S20: -5.8575355 | T20: 8.6834025 | U20: 11.823657 | V20: -9.9496736 | W20: 10.704213 | X20: -36.867595 | Y20: -14.362832 | Z20: -1.9591148 | AA20: -14.536989 | AB20: -15.238861 | AC20: 3.1444716 | AD20: -6.344368 | AE20: -1.4708965 | AF20: 1.0834034 | AG20: 42.730477 | AH20: 4.0818275 | AI20: -0.47834517 | AJ20: 9.1194386 | AK20: 2.4218559 | AL20: -0.39162722 | AM20: -7.2173331 | AN20: -9.6409247 | AO20: 5.62587
B22: Fuente: DANE, EMA
B23: (p): Cifra provisional
B24: *Nota metodológica: Variación cuatrienal2019_2023 =((valor del mes del año de referencia - valor del mismo mes del año 2019 )/(valor del mes del año 2019))*100 1 El resto del personal lo conforman las siguientes categorías de contratación: los Propietarios, Socios y Familiares sin remuneración, el Temporal Directo, Temporal contratado a través de Agencias y los Aprendices. Regiones: Bogotá DC, Cartagena, Región Central (Boyacá, Cundinamarca, Huila y Tolima), Región Costa Caribe (Atlántico, Cesar, La Guajira y Magdalena), Región Eje Cafetero (Caldas, Quindío y Risaralda), Antioquia, San Andrés y Providencia, Región Pacífico (Valle del Cauca, Cauca, Nariño y Chocó), Región Santanderes (Santander y Norte de Santander), Llanos Orinoquía (Meta, Casanare, Arauca y Vichada), Región Golfo Morrosquillo y Sabana (Bolívar, Córdoba y Sucre), Región Amazonía (Amazonas, Caquetá, Guainía, Putumayo, Guaviare y Vaupés).
B28: ='1.1 V.A Ing.real'!B65 -> Actualizado el 14 de agosto de 2023

Sheet 5.1 Porc Ocupación.escala.hab
G5: Inicio
A6: ENCUESTA MENSUAL DE ALOJAMIENTO - EMA
A10: 5.1 Porcentaje de ocupación por escala de habitación
A11: Total nacional
A12: Enero 2019 - junio 2023
A14: Año | B14: Meses | C14: Menos de 50 habitaciones | D14: de 51 a 100 habitaciones | E14: de 101 a 150 habitaciones | F14: más de 150 habitaciones
A15: 2019(p) | B15: Enero | C15: 43.79761 | D15: 41.898017 | E15: 48.502208 | F15: 58.016241
B16: Febrero | C16: 42.422647 | D16: 44.449053 | E16: 52.139686 | F16: 58.471329
B17: Marzo | C17: 41.832172 | D17: 43.86434 | E17: 50.541078 | F17: 57.810291
B18: Abril | C18: 40.621422 | D18: 42.009793 | E18: 48.851228 | F18: 56.032635
B19: Mayo | C19: 38.815371 | D19: 42.749389 | E19: 50.302156 | F19: 56.465519
B20: Junio | C20: 42.677473 | D20: 44.775301 | E20: 52.447102 | F20: 58.318918
B21: Julio | C21: 42.732279 | D21: 46.368073 | E21: 55.114486 | F21: 59.86269
B22: Agosto | C22: 45.651797 | D22: 48.330701 | E22: 57.860175 | F22: 61.487085
B23: Septiembre | C23: 43.292764 | D23: 47.432448 | E23: 55.357336 | F23: 60.02025
B24: Octubre | C24: 42.162505 | D24: 47.094814 | E24: 56.010725 | F24: 59.828951
B25: Noviembre | C25: 45.070668 | D25: 48.91678 | E25: 60.455367 | F25: 66.167736
B26: Diciembre | C26: 44.227501 | D26: 45.155641 | E26: 54.142869 | F26: 60.790497
A27: 2020(p) | B27: Enero | C27: 44.924885 | D27: 44.938873 | E27: 56.251683 | F27: 60.768545
B28: Febrero | C28: 43.723856 | D28: 45.085053 | E28: 57.372969 | F28: 62.150085
B29: Marzo | C29: 31.175692 | D29: 31.769278 | E29: 38.414037 | F29: 33.348233
B30: Abril | C30: 12.884712 | D30: 9.5182813 | E30: 10.128516 | F30: 3.3562609
B31: Mayo | C31: 15.390642 | D31: 12.523618 | E31: 10.608024 | F31: 5.4621912
B32: Junio | C32: 17.142728 | D32: 14.00369 | E32: 11.708401 | F32: 6.8745838
B33: Julio | C33: 18.336766 | D33: 14.641026 | E33: 12.012768 | F33: 9.526489
B34: Agosto | C34: 17.420297 | D34: 16.004521 | E34: 12.243413 | F34: 6.0208835
B35: Septiembre | C35: 21.628601 | D35: 19.51335 | E35: 18.193683 | F35: 10.524196
B36: Octubre | C36: 28.18293 | D36: 25.125311 | E36: 26.152116 | F36: 23.22779
B37: Noviembre | C37: 31.654625 | D37: 30.690159 | E37: 31.446337 | F37: 28.658083
B38: Diciembre | C38: 31.951397 | D38: 31.433493 | E38: 35.315511 | F38: 33.755111
A39: 2021(p) | B39: Enero | C39: 29.942844 | D39: 29.458107 | E39: 35.178915 | F39: 35.315981
B40: Febrero | C40: 30.656051 | D40: 29.723344 | E40: 33.57967 | F40: 33.191998
B41: Marzo | C41: 32.317473 | D41: 34.141551 | E41: 38.1707 | F41: 38.709398
B42: Abril | C42: 27.974911 | D42: 28.036855 | E42: 29.327484 | F42: 30.671273
B43: Mayo | C43: 23.963308 | D43: 24.611222 | E43: 28.541995 | F43: 27.056343
B44: Junio | C44: 32.104909 | D44: 34.457746 | E44: 39.664119 | F44: 41.181241
B45: Julio | C45: 37.767537 | D45: 40.847498 | E45: 49.050693 | F45: 50.241217
B46: Agosto | C46: 38.817553 | D46: 44.199132 | E46: 51.456798 | F46: 50.951204
B47: Septiembre | C47: 39.622407 | D47: 46.233768 | E47: 53.877488 | F47: 53.530858
B48: Octubre | C48: 44.003092 | D48: 52.059615 | E48: 58.441974 | F48: 60.050702
B49: Noviembre | C49: 46.133965 | D49: 54.274254 | E49: 65.184089 | F49: 64.705671
B50: Diciembre | C50: 46.666226 | D50: 52.608315 | E50: 60.685516 | F50: 62.291528
A51: 2022(p) | B51: Enero | C51: 45.914348 | D51: 49.95782 | E51: 58.632813 | F51: 58.505142
B52: Febrero | C52: 42.751952 | D52: 48.914186 | E52: 57.423662 | F52: 57.670655
B53: Marzo | C53: 43.701307 | D53: 51.705912 | E53: 63.900894 | F53: 62.302736
B54: Abril | C54: 46.687822 | D54: 53.219601 | E54: 62.108406 | F54: 62.518884
B55: Mayo | C55: 40.463469 | D55: 48.766078 | E55: 57.830844 | F55: 58.776519
B56: Junio | C56: 44.310998 | D56: 52.568745 | E56: 63.515885 | F56: 63.581334
B57: Julio | C57: 49.371063 | D57: 57.736575 | E57: 66.254354 | F57: 68.950796
B58: Agosto | C58: 48.353475 | D58: 57.622779 | E58: 65.772998 | F58: 68.288735
B59: Septiembre | C59: 47.21726 | D59: 57.133364 | E59: 65.449096 | F59: 68.031492
B60: Octubre | C60: 48.414701 | D60: 58.435665 | E60: 67.367444 | F60: 67.582315
B61: Noviembre | C61: 49.700662 | D61: 59.583123 | E61: 69.598225 | F61: 69.871308
B62: Diciembre | C62: 49.105669 | D62: 55.702644 | E62: 59.340054 | F62: 64.660413
A63: 2023(p) | B63: Enero | C63: 45.11113 | D63: 52.043865 | E63: 55.082169 | F63: 65.154255
B64: Febrero | C64: 43.040335 | D64: 53.296828 | E64: 61.768056 | F64: 65.413751
B65: Marzo | C65: 42.012477 | D65: 50.76151 | E65: 61.250178 | F65: 61.581492
B66: Abril | C66: 41.072513 | D66: 47.093837 | E66: 56.405708 | F66: 56.331763
B67: Mayo | C67: 38.665002 | D67: 46.998952 | E67: 58.55536 | F67: 56.980255
B68: Junio | C68: 41.37155 | D68: 50.108862 | E68: 60.610772 | F68: 61.520466
B70: Fuente: DANE, EMA
B71: (p): Cifra provisional
B72: El indicador de ocupación hotelera publicado por el DANE en la Muestra Mensual de Hoteles - MMH, entre julio 2004 y mayo 2020, se refería únicamente a los hoteles de inclusión forzosa de esa muestra. Con las nuevas estimaciones de la nueva Encuesta Mensual de Alojamiento - EMA, se amplía la cobertura de esta variable, al total de las unidades de alojamiento incluidas en la muestra para cada una de las 12 regiones investigadas.
B73: ='1.1 V.A Ing.real'!B65 -> Actualizado el 14 de agosto de 2023

Sheet 5.2 Porc Mens Ocupación.reg
AU1: 32
L4: Inicio
A6: ENCUESTA MENSUAL DE ALOJAMIENTO EMA
A10: 5.2 Porcentaje de ocupación mensual
A11: Totales nacional y 12 regiones
A12: ='5.1 Porc Ocupación.escala.hab'!A12 -> Enero 2019 - junio 2023
A14: Año | B14: Meses | C14: Total nacional | D14: Bogotá D.C. | E14: Cartagena | F14: Central | G14: Caribe | H14: Eje Cafetero | I14: Antioquia | J14: San Andrés y Providencia | K14: Pacífico | L14: Santanderes | M14: Llanos Orinoquía | N14: Golfo de Morrosquillo y Sabana | O14: Amazonía
A15: 2019(p) | B15: Enero | C15: 47.159371 | D15: 44.804505 | E15: 67.437514 | F15: 38.726328 | G15: 51.009846 | H15: 49.560509 | I15: 46.662411 | J15: 71.543295 | K15: 35.020081 | L15: 38.039893 | M15: 37.988932 | N15: 31.534262 | O15: 39.585658
B16: Febrero | C16: 48.103581 | D16: 58.725596 | E16: 65.323641 | F16: 31.353657 | G16: 45.726525 | H16: 39.068687 | I16: 45.553222 | J16: 71.301658 | K16: 38.917249 | L16: 40.461185 | M16: 33.181169 | N16: 30.42562 | O16: 46.867362
B17: Marzo | C17: 47.323205 | D17: 55.613889 | E17: 65.873969 | F17: 31.150961 | G17: 49.468632 | H17: 39.481411 | I17: 44.618278 | J17: 69.893682 | K17: 35.765243 | L17: 38.732789 | M17: 33.602007 | N17: 30.577977 | O17: 45.014364
B18: Abril | C18: 45.729902 | D18: 53.262452 | E18: 56.891085 | F18: 32.918733 | G18: 44.551978 | H18: 40.564177 | I18: 43.593683 | J18: 71.010904 | K18: 36.246945 | L18: 41.507004 | M18: 38.111038 | N18: 30.403405 | O18: 44.91234
B19: Mayo | C19: 45.601207 | D19: 58.275363 | E19: 51.67878 | F19: 28.37389 | G19: 41.651362 | H19: 39.478227 | I19: 44.689158 | J19: 72.393931 | K19: 38.488178 | L19: 38.994371 | M19: 34.84816 | N19: 33.459168 | O19: 49.865031
B20: Junio | C20: 48.288743 | D20: 57.03571 | E20: 52.007796 | F20: 39.772468 | G20: 46.824913 | H20: 44.290256 | I20: 48.444632 | J20: 72.345819 | K20: 39.977722 | L20: 43.552892 | M20: 31.509214 | N20: 35.581387 | O20: 51.585873
B21: Julio | C21: 49.49686 | D21: 59.187644 | E21: 58.624365 | F21: 37.189893 | G21: 48.488852 | H21: 43.731396 | I21: 49.63836 | J21: 73.33453 | K21: 41.640078 | L21: 40.850368 | M21: 30.546865 | N21: 32.426001 | O21: 54.841541
B22: Agosto | C22: 51.812332 | D22: 59.711529 | E22: 63.79831 | F22: 37.759421 | G22: 51.826227 | H22: 47.678343 | I22: 52.877619 | J22: 76.559956 | K22: 43.301815 | L22: 44.961286 | M22: 30.31856 | N22: 32.308986 | O22: 51.474653
B23: Septiembre | C23: 50.080573 | D23: 61.857672 | E23: 57.013854 | F23: 34.757409 | G23: 48.199832 | H23: 44.79119 | I23: 48.262521 | J23: 76.419761 | K23: 43.857181 | L23: 44.608532 | M23: 33.453137 | N23: 32.608488 | O23: 52.587161
B24: Octubre | C24: 49.657853 | D24: 60.804207 | E24: 55.550845 | F24: 37.447633 | G24: 47.334796 | H24: 43.978189 | I24: 47.127153 | J24: 74.420636 | K24: 42.962662 | L24: 44.730647 | M24: 35.477295 | N24: 36.617523 | O24: 54.863191
B25: Noviembre | C25: 53.302396 | D25: 64.866843 | E25: 66.527276 | F25: 37.680927 | G25: 53.124727 | H25: 44.408285 | I25: 50.800297 | J25: 75.587635 | K25: 43.766451 | L25: 45.708899 | M25: 36.974081 | N25: 34.333418 | O25: 57.785576
B26: Diciembre | C26: 49.770645 | D26: 48.834049 | E26: 65.43277 | F26: 39.115595 | G26: 53.433359 | H26: 44.322454 | I26: 52.848952 | J26: 74.089583 | K26: 40.257581 | L26: 42.097559 | M26: 39.719546 | N26: 33.165971 | O26: 49.568885
A27: 2020(p) | B27: Enero | C27: 50.264521 | D27: 47.248005 | E27: 72.190292 | F27: 39.837978 | G27: 55.138587 | H27: 55.227662 | I27: 50.705839 | J27: 71.81015 | K27: 36.942415 | L27: 41.42329 | M27: 37.738861 | N27: 35.809334 | O27: 44.084203
B28: Febrero | C28: 50.694015 | D28: 61.136735 | E28: 69.247765 | F28: 31.433365 | G28: 51.358085 | H28: 39.927161 | I28: 49.493723 | J28: 75.634759 | K28: 39.545602 | L28: 39.374846 | M28: 37.608739 | N28: 30.391072 | O28: 47.172209
B29: Marzo | C29: 32.77631 | D29: 37.545358 | E29: 36.920561 | F29: 20.597732 | G29: 31.260175 | H29: 29.816606 | I29: 30.581139 | J29: 62.666415 | K29: 28.704413 | L29: 28.407673 | M29: 31.647757 | N29: 25.16208 | O29: 35.572029
B30: Abril | C30: 8.858162 | D30: 8.7766727 | E30: 5.6035864 | F30: 7.0193843 | G30: 9.3129094 | H30: 11.840152 | I30: 9.6944658 | J30: - | K30: 7.7367628 | L30: 12.225021 | M30: 9.4956641 | N30: 8.4601867 | O30: 24.34056
B31: Mayo | C31: 11.260216 | D31: 10.05522 | E31: 13.478204 | F31: 12.02862 | G31: 9.0772607 | H31: 11.484788 | I31: 13.849317 | J31: - | K31: 10.447961 | L31: 11.489354 | M31: 8.1058637 | N31: 17.121447 | O31: 29.603399
B32: Junio | C32: 12.713057 | D32: 11.801439 | E32: 15.75258 | F32: 9.1694964 | G32: 10.786249 | H32: 9.2255835 | I32: 15.369311 | J32: - | K32: 12.115263 | L32: 13.155807 | M32: 12.909866 | N32: 17.97315 | O32: 25.949468
B33: Julio | C33: 14.053146 | D33: 10.04876 | E33: 17.758599 | F33: 10.716128 | G33: 14.014141 | H33: 10.141391 | I33: 20.197585 | J33: - | K33: 14.08996 | L33: 12.672523 | M33: 16.051903 | N33: 19.017199 | O33: 31.511088
B34: Agosto | C34: 13.576487 | D34: 10.035812 | E34: 9.2816507 | F34: 13.533 | G34: 13.684509 | H34: 12.10186 | I34: 17.800137 | J34: - | K34: 13.638376 | L34: 13.566934 | M34: 17.637568 | N34: 16.591448 | O34: 35.520059
B35: Septiembre | C35: 17.938298 | D35: 13.019532 | E35: 8.8357662 | F35: 19.335014 | G35: 19.352167 | H35: 21.460317 | I35: 22.238408 | J35: 0.83333333 | K35: 18.521487 | L35: 20.76626 | M35: 25.194425 | N35: 23.638328 | O35: 29.141203
B36: Octubre | C36: 25.807055 | D36: 19.349053 | E36: 23.109353 | F36: 28.843595 | G36: 28.150604 | H36: 33.274457 | I36: 27.107909 | J36: 20.393189 | K36: 26.177645 | L36: 28.318167 | M36: 34.800554 | N36: 26.389454 | O36: 25.960295
B37: Noviembre | C37: 30.650803 | D37: 25.870876 | E37: 29.760833 | F37: 29.689472 | G37: 33.257735 | H37: 34.13499 | I37: 31.981304 | J37: 34.127775 | K37: 30.42275 | L37: 33.013667 | M37: 34.642937 | N37: 33.410736 | O37: 32.28585
B38: Diciembre | C38: 32.765541 | D38: 26.022558 | E38: 35.19102 | F38: 30.290486 | G38: 37.439023 | H38: 35.750727 | I38: 36.693032 | J38: 39.044603 | K38: 30.802796 | L38: 31.467241 | M38: 34.4513 | N38: 34.785471 | O38: 26.12272
A39: 2021(p) | B39: Enero | C39: 31.918884 | D39: 20.633425 | E39: 43.148347 | F39: 28.306101 | G39: 42.359187 | H39: 36.47009 | I39: 33.800289 | J39: 45.033653 | K39: 23.004982 | L39: 29.223806 | M39: 31.830373 | N39: 31.103212 | O39: 25.002527
B40: Febrero | C40: 31.498953 | D40: 24.071177 | E40: 34.848467 | F40: 26.265166 | G40: 35.71021 | H40: 30.541558 | I40: 35.991555 | J40: 49.715613 | K40: 27.972884 | L40: 32.347374 | M40: 30.240651 | N40: 31.526139 | O40: 28.87165
B41: Marzo | C41: 35.284782 | D41: 25.956023 | E41: 45.561538 | F41: 30.616436 | G41: 38.799403 | H41: 33.985958 | I41: 37.933731 | J41: 52.814266 | K41: 33.429737 | L41: 34.995957 | M41: 34.859722 | N41: 31.351639 | O41: 24.423211
B42: Abril | C42: 28.865635 | D42: 22.508869 | E42: 35.97654 | F42: 24.273994 | G42: 25.552758 | H42: 31.262201 | I42: 28.045258 | J42: 53.716977 | K42: 29.014691 | L42: 32.545237 | M42: 30.699263 | N42: 25.218017 | O42: 26.652661
B43: Mayo | C43: 25.636501 | D43: 22.789915 | E43: 27.854991 | F43: 18.193344 | G43: 28.230475 | H43: 19.00385 | I43: 29.18014 | J43: 51.602975 | K43: 17.799385 | L43: 27.909793 | M43: 25.716355 | N43: 22.986112 | O43: 19.906027
B44: Junio | C44: 36.182758 | D44: 28.9756 | E44: 45.477612 | F44: 30.759622 | G44: 43.934476 | H44: 32.200327 | I44: 37.104074 | J44: 65.387928 | K44: 25.80583 | L44: 32.861182 | M44: 36.554703 | N44: 30.611835 | O44: 29.999391
B45: Julio | C45: 43.370536 | D45: 33.854047 | E45: 56.10371 | F45: 35.626988 | G45: 51.849755 | H45: 41.133115 | I45: 48.487105 | J45: 70.320653 | K45: 33.76319 | L45: 37.8099 | M45: 36.94508 | N45: 34.407251 | O45: 38.500816
B46: Agosto | C46: 45.243948 | D46: 38.426952 | E46: 57.42087 | F46: 34.087561 | G46: 52.636302 | H46: 41.314565 | I46: 50.236673 | J46: 70.95487 | K46: 36.467677 | L46: 41.870346 | M46: 38.222435 | N46: 35.413549 | O46: 42.853704
B47: Septiembre | C47: 47.050473 | D47: 42.587706 | E47: 57.703975 | F47: 36.934633 | G47: 52.413968 | H47: 40.451308 | I47: 51.956235 | J47: 71.326982 | K47: 39.375006 | L47: 42.926434 | M47: 42.082264 | N47: 37.017792 | O47: 40.957434
B48: Octubre | C48: 52.360352 | D48: 48.668517 | E48: 65.032643 | F48: 44.578004 | G48: 60.782584 | H48: 47.833756 | I48: 54.958784 | J48: 72.52637 | K48: 41.891925 | L48: 48.116489 | M48: 41.070708 | N48: 40.324067 | O48: 40.317066
B49: Noviembre | C49: 55.87814 | D49: 56.242893 | E49: 71.974361 | F49: 42.711331 | G49: 59.884568 | H49: 46.269837 | I49: 59.658703 | J49: 75.526944 | K49: 49.654739 | L49: 47.585163 | M49: 42.325114 | N49: 45.590435 | O49: 42.538303
B50: Diciembre | C50: 54.333843 | D50: 46.331585 | E50: 72.976688 | F50: 44.351104 | G50: 61.090858 | H50: 48.059206 | I50: 58.986547 | J50: 75.158874 | K50: 47.037383 | L50: 48.158429 | M50: 43.537337 | N50: 43.651341 | O50: 47.75863
A51: 2022(p) | B51: Enero | C51: 52.076293 | D51: 41.55429 | E51: 76.975063 | F51: 42.786231 | G51: 61.484037 | H51: 51.517088 | I51: 55.918999 | J51: 78.153788 | K51: 35.889032 | L51: 41.989205 | M51: 40.639414 | N51: 41.669331 | O51: 42.164121
B52: Febrero | C52: 50.411586 | D52: 53.608017 | E52: 70.054522 | F52: 35.384954 | G52: 51.849833 | H52: 40.731202 | I52: 53.354766 | J52: 74.487319 | K52: 39.168964 | L52: 40.372291 | M52: 35.463912 | N52: 38.908351 | O52: 43.768087
B53: Marzo | C53: 53.56871 | D53: 60.649259 | E53: 72.669806 | F53: 34.838452 | G53: 55.847525 | H53: 41.392614 | I53: 57.216326 | J53: 72.216928 | K53: 41.986992 | L53: 43.220922 | M53: 39.828182 | N53: 36.812636 | O53: 47.014105
B54: Abril | C54: 54.762914 | D54: 56.412032 | E54: 71.763629 | F54: 40.331633 | G54: 57.622086 | H54: 49.420632 | I54: 59.826661 | J54: 70.549381 | K54: 43.543704 | L54: 44.446565 | M54: 47.639369 | N54: 41.948037 | O54: 46.694561
B55: Mayo | C55: 49.949113 | D55: 59.278022 | E55: 62.345421 | F55: 31.73295 | G55: 49.599157 | H55: 40.358563 | I55: 54.454157 | J55: 66.257802 | K55: 42.222006 | L55: 41.146192 | M55: 35.766534 | N55: 34.391195 | O55: 48.148756
B56: Junio | C56: 54.317325 | D56: 59.260586 | E56: 69.963731 | F56: 39.550126 | G56: 56.940229 | H56: 43.931441 | I56: 58.992462 | J56: 70.865409 | K56: 42.079606 | L56: 45.196032 | M56: 41.172033 | N56: 42.685763 | O56: 51.191358
B57: Julio | C57: 59.180414 | D57: 62.836893 | E57: 76.726394 | F57: 44.604452 | G57: 60.535235 | H57: 52.607481 | I57: 64.326285 | J57: 71.648173 | K57: 51.262798 | L57: 47.404955 | M57: 44.60585 | N57: 46.205157 | O57: 53.213667
B58: Agosto | C58: 58.552179 | D58: 64.414554 | E58: 76.462029 | F58: 38.570546 | G58: 57.869184 | H58: 50.861519 | I58: 64.137851 | J58: 70.990872 | K58: 51.950903 | L58: 46.110084 | M58: 48.648123 | N58: 46.657304 | O58: 56.265133
B59: Septiembre | C59: 57.968519 | D59: 70.712515 | E59: 73.80345 | F59: 37.698292 | G59: 54.476165 | H59: 46.137935 | I59: 60.885638 | J59: 71.144475 | K59: 48.131283 | L59: 47.748418 | M59: 48.687896 | N59: 47.474255 | O59: 52.412676
B60: Octubre | C60: 58.811807 | D60: 71.501392 | E60: 68.298421 | F60: 42.961193 | G60: 56.382654 | H60: 49.468449 | I60: 62.510743 | J60: 70.184077 | K60: 49.068579 | L60: 48.615131 | M60: 51.324199 | N60: 49.93457 | O60: 53.720947
B61: Noviembre | C61: 60.416077 | D61: 73.498887 | E61: 70.949067 | F61: 41.72309 | G61: 59.940904 | H61: 50.71379 | I61: 64.434138 | J61: 71.484982 | K61: 49.44488 | L61: 50.008147 | M61: 53.323581 | N61: 46.90416 | O61: 61.293483
B62: Diciembre | C62: 56.336565 | D62: 56.721578 | E62: 67.966003 | F62: 43.995539 | G62: 59.48918 | H62: 50.795666 | I62: 63.18194 | J62: 69.492008 | K62: 48.278636 | L62: 44.810563 | M62: 52.819268 | N62: 47.405925 | O62: 53.350876
A63: 2023(p) | B63: Enero | C63: 53.519555 | D63: 52.028076 | E63: 75.991886 | F63: 40.913088 | G63: 59.463322 | H63: 49.386359 | I63: 58.485345 | J63: 70.081992 | K63: 37.311719 | L63: 38.134291 | M63: 44.120649 | N63: 42.580055 | O63: 53.136527
B64: Febrero | C64: 54.286539 | D64: 68.292282 | E64: 73.737629 | F64: 34.477157 | G64: 56.66769 | H64: 40.391758 | I64: 56.909488 | J64: 65.352366 | K64: 38.181601 | L64: 37.362784 | M64: 41.990745 | N64: 39.079732 | O64: 51.622098
B65: Marzo | C65: 52.195106 | D65: 68.569735 | E65: 70.117987 | F65: 36.337177 | G65: 52.288091 | H65: 39.910778 | I65: 53.772329 | J65: 49.112193 | K65: 39.396441 | L65: 35.891313 | M65: 39.535318 | N65: 38.031621 | O65: 38.662565
B66: Abril | C66: 48.860446 | D66: 59.152729 | E66: 63.07685 | F66: 37.086867 | G66: 48.200424 | H66: 40.060624 | I66: 53.953277 | J66: 41.668974 | K66: 37.855881 | L66: 36.624623 | M66: 41.016552 | N66: 37.477723 | O66: 44.758735
B67: Mayo | C67: 48.499575 | D67: 59.723393 | E67: 61.059683 | F67: 34.367965 | G67: 44.981708 | H67: 37.943219 | I67: 55.091354 | J67: 47.59539 | K67: 38.911111 | L67: 37.598193 | M67: 41.57055 | N67: 35.052952 | O67: 50.094941
B68: Junio | C68: 51.688848 | D68: 63.458155 | E68: 66.32757 | F68: 40.198682 | G68: 51.031137 | H68: 43.60406 | I68: 53.885945 | J68: 48.930458 | K68: 38.64704 | L68: 39.357839 | M68: 42.5393 | N68: 41.881194 | O68: 51.376638
B69: Fuente: DANE, EMA
B70: (p): Cifra provisional
B71: Nota: El indicador de ocupación hotelera publicado por el DANE en la Muestra Mensual de Hoteles - MMH, entre julio 2004 y mayo 2020, se refería únicamente a los hoteles de inclusión forzosa de esa muestra. Con las nuevas estimaciones de la nueva Encuesta Mensual de Alojamiento - EMA, se amplía la cobertura de esta variable, al total de las unidades de alojamiento incluidas en la muestra para cada una de las 12 regiones investigadas.
B73: Nota: Para la región San Andrés y Providencia para los meses de abril hasta agosto de 2020 no se presenta porcentaje de ocupación al no tener oferta de habitaciones.
B75: ='1.1 V.A Ing.real'!B65 -> Actualizado el 14 de agosto de 2023

Sheet 5.3 Porc A.C Ocupación.reg
AU1: 32
L4: Inicio
A6: ENCUESTA MENSUAL DE ALOJAMIENTO EMA
A10: 5.3 Porcentaje de ocupación año corrido*
A11: Total nacional y 12 regiones
A12: ='5.1 Porc Ocupación.escala.hab'!A12 -> Enero 2019 - junio 2023
A14: Año | B14: Meses | C14: Total nacional | D14: Bogotá D.C. | E14: Cartagena | F14: Central | G14: Caribe | H14: Eje Cafetero | I14: Antioquia | J14: San Andrés y Providencia | K14: Pacífico | L14: Santanderes | M14: Llanos Orinoquía | N14: Golfo de Morrosquillo y Sabana | O14: Amazonía
A15: 2019(p) | B15: Enero | C15: 47.159371 | D15: 44.804505 | E15: 67.437514 | F15: 38.726328 | G15: 51.009846 | H15: 49.560509 | I15: 46.662411 | J15: 71.543295 | K15: 35.020081 | L15: 38.039893 | M15: 37.988932 | N15: 31.534262 | O15: 39.585658
B16: Febrero | C16: 47.609391 | D16: 51.451338 | E16: 66.429403 | F16: 35.242838 | G16: 48.4979 | H16: 44.594046 | I16: 46.134314 | J16: 71.427654 | K16: 36.875819 | L16: 39.188059 | M16: 35.612383 | N16: 31.005232 | O16: 43.044936
B17: Marzo | C17: 47.510674 | D17: 52.886152 | E17: 66.238985 | F17: 33.836857 | G17: 48.831612 | H17: 42.821216 | I17: 45.607309 | J17: 70.903019 | K17: 36.493525 | L17: 39.031018 | M17: 34.903987 | N17: 30.857925 | O17: 43.719933
B18: Abril | C18: 47.064689 | D18: 52.980668 | E18: 63.911878 | F18: 33.606296 | G18: 47.760067 | H18: 42.255658 | I18: 45.096945 | J18: 70.929623 | K18: 36.431868 | L18: 39.656069 | M18: 35.670517 | N18: 30.744411 | O18: 44.023051
B19: Mayo | C19: 46.763834 | D19: 54.071904 | E19: 61.413049 | F19: 32.523359 | G19: 46.504086 | H19: 41.683775 | I19: 45.01243 | J19: 71.227684 | K19: 36.853513 | L19: 39.519575 | M19: 35.507774 | N19: 31.302004 | O19: 45.238158
B20: Junio | C20: 47.017793 | D20: 54.565498 | E20: 59.839895 | F20: 33.736775 | G20: 46.557811 | H20: 42.11745 | I20: 45.587526 | J20: 71.41333 | K20: 37.370084 | L20: 40.191792 | M20: 34.871807 | N20: 32.009196 | O20: 46.311114
B21: Julio | C21: 47.381998 | D21: 55.240858 | E21: 59.660875 | F21: 34.245656 | G21: 46.843847 | H21: 42.354446 | I21: 46.187526 | J21: 71.69261 | K21: 37.996408 | L21: 40.288508 | M21: 34.249873 | N21: 32.070001 | O21: 47.548015
B22: Agosto | C22: 47.948134 | D22: 55.808529 | E22: 60.187437 | F22: 34.695357 | G22: 47.486037 | H22: 43.032712 | I22: 47.050287 | J22: 72.305672 | K22: 38.677675 | L22: 40.8852 | M22: 33.756132 | N22: 32.100624 | O22: 48.052514
B23: Septiembre | C23: 48.183251 | D23: 56.473722 | E23: 59.838678 | F23: 34.702232 | G23: 47.565258 | H23: 43.226153 | I23: 47.185172 | J23: 72.756528 | K23: 39.245668 | L23: 41.294761 | M23: 33.723286 | N23: 32.156211 | O23: 48.560275
B24: Octubre | C24: 48.333895 | D24: 56.91443 | E24: 59.402046 | F24: 34.98491 | G24: 47.541731 | H24: 43.303106 | I24: 47.179159 | J24: 72.923244 | K24: 39.623713 | L24: 41.6453 | M24: 33.899494 | N24: 32.613181 | O24: 49.206117
B25: Noviembre | C25: 48.782542 | D25: 57.634567 | E25: 60.048477 | F25: 35.227738 | G25: 48.044691 | H25: 43.402126 | I25: 47.509683 | J25: 73.162671 | K25: 39.993999 | L25: 42.011454 | M25: 34.171918 | N25: 32.768436 | O25: 49.993415
B26: Diciembre | C26: 48.866376 | D26: 56.888469 | E26: 60.508861 | F26: 35.555937 | G26: 48.497157 | H26: 43.480575 | I26: 47.966955 | J26: 73.240466 | K26: 40.016324 | L26: 42.01882 | M26: 34.632679 | N26: 32.802462 | O26: 49.957888
A27: 2020(p) | B27: Enero | C27: 50.264521 | D27: 47.248005 | E27: 72.190292 | F27: 39.837978 | G27: 55.138587 | H27: 55.227662 | I27: 50.705839 | J27: 71.81015 | K27: 36.942415 | L27: 41.42329 | M27: 37.738861 | N27: 35.809334 | O27: 44.084203
B28: Febrero | C28: 50.472159 | D28: 53.987592 | E28: 70.768106 | F28: 35.800233 | G28: 53.316423 | H28: 47.895534 | I28: 50.120432 | J28: 73.656803 | K28: 38.205788 | L28: 40.430356 | M28: 37.675443 | N28: 33.185737 | O28: 45.575181
B29: Marzo | C29: 45.197627 | D29: 48.973778 | E29: 59.975229 | F29: 31.622317 | G29: 46.81325 | H29: 43.154933 | I29: 43.99086 | J29: 70.701302 | K29: 35.502113 | L29: 36.751781 | M29: 35.835479 | N29: 30.96744 | O29: 42.581981
B30: Abril | C30: 41.592465 | D30: 42.679515 | E30: 54.654025 | F30: 30.402261 | G30: 44.121081 | H30: 41.425532 | I30: 40.255607 | J30: 70.701302 | K30: 33.001401 | L30: 34.149204 | M30: 32.957768 | N30: 29.493889 | O30: 41.241115
B31: Mayo | C31: 38.730485 | D31: 38.388032 | E31: 52.137905 | F31: 29.113156 | G31: 41.476183 | H31: 39.208701 | I31: 37.430972 | J31: 70.701302 | K31: 30.473117 | L31: 31.975693 | M31: 29.769972 | N31: 29.055156 | O31: 40.621297
B32: Junio | C32: 36.113773 | D32: 35.250006 | E32: 50.085946 | F32: 27.301227 | G32: 38.763056 | H32: 36.634345 | I32: 34.931562 | J32: 70.701302 | K32: 28.278435 | L32: 29.495853 | M32: 27.544105 | N32: 28.326756 | O32: 39.07056
B33: Julio | C33: 33.745934 | D33: 32.370524 | E33: 48.576331 | F33: 25.504826 | G33: 36.326756 | H33: 33.538154 | I33: 33.166853 | J33: 70.701302 | K33: 26.484488 | L33: 26.917037 | M33: 25.990798 | N33: 27.483734 | O33: 38.327491
B34: Agosto | C34: 31.592751 | D34: 29.86391 | E34: 46.224313 | F34: 24.190863 | G34: 34.245878 | H34: 30.920829 | I34: 31.342022 | J34: 70.701302 | K34: 24.967757 | L34: 24.970218 | M34: 25.008655 | N34: 26.312786 | O34: 38.049712
B35: Septiembre | C35: 29.959979 | D35: 27.968902 | E35: 41.618783 | F35: 23.622475 | G35: 32.526889 | H35: 29.639675 | I35: 30.211266 | J35: 70.525423 | K35: 24.14172 | L35: 24.381719 | M35: 25.031642 | N35: 25.966726 | O35: 37.040127
B36: Octubre | C36: 29.426125 | D36: 26.983439 | E36: 38.933568 | F36: 24.356622 | G36: 31.893599 | H36: 30.130185 | I36: 29.825658 | J36: 64.664358 | K36: 24.392056 | L36: 24.889669 | M36: 26.227535 | N36: 26.026487 | O36: 35.751676
B37: Noviembre | C37: 29.568361 | D37: 26.866031 | E37: 37.814115 | F37: 25.046803 | G37: 32.075752 | H37: 30.62071 | I37: 30.062823 | J37: 60.624197 | K37: 25.048847 | L37: 25.821438 | M37: 27.144407 | N37: 26.988726 | O37: 35.398561
B38: Diciembre | C38: 29.919797 | D38: 26.782368 | E38: 37.50883 | F38: 25.69043 | G38: 32.741305 | H38: 31.213078 | I38: 30.727254 | J38: 56.742079 | K38: 25.639837 | L38: 26.414759 | M38: 27.883213 | N38: 27.953125 | O38: 34.44994
A39: 2021(p) | B39: Enero | C39: 31.918884 | D39: 20.633425 | E39: 43.148347 | F39: 28.306101 | G39: 42.359187 | H39: 36.47009 | I39: 33.800289 | J39: 45.033653 | K39: 23.004982 | L39: 29.223806 | M39: 31.830373 | N39: 31.103212 | O39: 25.002527
B40: Febrero | C40: 31.717531 | D40: 22.299661 | E40: 39.126291 | F40: 27.328819 | G40: 39.203485 | H40: 33.647309 | I40: 34.850822 | J40: 47.317462 | K40: 25.366359 | L40: 30.70173 | M40: 31.066603 | N40: 31.308506 | O40: 26.60265
B41: Marzo | C41: 32.955263 | D41: 23.573658 | E41: 41.382421 | F41: 28.480778 | G41: 39.066302 | H41: 33.763745 | I41: 35.928242 | J41: 49.248211 | K41: 28.155146 | L41: 32.164347 | M41: 32.396772 | N41: 31.323542 | O41: 25.885851
B42: Abril | C42: 31.92136 | D42: 23.306802 | E42: 39.976092 | F42: 27.411712 | G42: 35.698435 | H42: 33.137333 | I42: 33.938905 | J42: 50.41203 | K42: 28.37216 | L42: 32.259429 | M42: 31.966016 | N42: 29.76365 | O42: 26.071539
B43: Mayo | C43: 30.627508 | D43: 23.201229 | E43: 37.394524 | F43: 25.535239 | G43: 34.160523 | H43: 30.240077 | I43: 32.960721 | J43: 50.664689 | K43: 26.226305 | L43: 31.37657 | M43: 30.681346 | N43: 28.352667 | O43: 24.837537
B44: Junio | C44: 31.559956 | D44: 24.157638 | E44: 38.773676 | F44: 26.421521 | G44: 35.816703 | H44: 30.566707 | I44: 33.651613 | J44: 53.171326 | K44: 26.155656 | L44: 31.623611 | M44: 31.657837 | N44: 28.733102 | O44: 25.689992
B45: Julio | C45: 33.308138 | D45: 25.578024 | E45: 41.383674 | F45: 27.793024 | G45: 38.209686 | H45: 32.119824 | I45: 35.810466 | J45: 55.752547 | K45: 27.293952 | L45: 32.525032 | M45: 32.435153 | N45: 29.577468 | O45: 27.773001
B46: Agosto | C46: 34.859593 | D46: 27.241017 | E46: 43.503468 | F46: 28.614262 | G46: 40.080977 | H46: 33.314289 | I46: 37.665609 | J46: 57.73333 | K46: 28.487429 | L46: 33.721895 | M46: 33.194951 | N46: 30.325671 | O46: 30.114704
B47: Septiembre | C47: 36.219581 | D47: 28.933628 | E47: 45.128866 | F47: 29.551386 | G47: 41.462679 | H47: 34.115906 | I47: 39.195959 | J47: 59.263321 | K47: 29.715287 | L47: 34.746841 | M47: 34.222208 | N47: 31.067136 | O47: 31.49007
B48: Octubre | C48: 37.885294 | D48: 30.939987 | E48: 47.243686 | F48: 31.142559 | G48: 43.459778 | H48: 35.544949 | I48: 40.763472 | J48: 60.642962 | K48: 30.980777 | L48: 36.118549 | M48: 34.925183 | N48: 32.029793 | O48: 32.539968
B49: Noviembre | C49: 39.528527 | D49: 33.202775 | E49: 49.536115 | F49: 32.223589 | G49: 44.971189 | H49: 36.540971 | I49: 42.442463 | J49: 62.016604 | K49: 32.666446 | L49: 37.162288 | M49: 35.643155 | N49: 33.254069 | O49: 33.584323
B50: Diciembre | C50: 40.805981 | D50: 34.31316 | E50: 51.638853 | F50: 33.284694 | G50: 46.368549 | H50: 37.545002 | I50: 43.825851 | J50: 63.156184 | K50: 33.877395 | L50: 38.109185 | M50: 36.366753 | N50: 34.147865 | O50: 34.99655
A51: 2022(p) | B51: Enero | C51: 52.076293 | D51: 41.55429 | E51: 76.975063 | F51: 42.786231 | G51: 61.484037 | H51: 51.517088 | I51: 55.918999 | J51: 78.153788 | K51: 35.889032 | L51: 41.989205 | M51: 40.639414 | N51: 41.669331 | O51: 42.164121
B52: Febrero | C52: 51.281824 | D52: 47.336358 | E52: 73.686683 | F52: 39.268555 | G52: 56.895568 | H52: 46.369132 | I52: 54.690549 | J52: 76.377583 | K52: 37.446038 | L52: 41.219726 | M52: 38.185195 | N52: 40.357267 | O52: 42.937835
B53: Marzo | C53: 52.070161 | D53: 51.959317 | E53: 73.335595 | F53: 37.752016 | G53: 56.536097 | H53: 44.644386 | I53: 55.565931 | J53: 74.962058 | K53: 39.007349 | L53: 41.907994 | M53: 38.751182 | N53: 39.137644 | O53: 44.305235
B54: Abril | C54: 52.746138 | D54: 53.083914 | E54: 72.942613 | F54: 38.400157 | G54: 56.807094 | H54: 45.860965 | I54: 56.636443 | J54: 73.860082 | K54: 40.143847 | L54: 42.548218 | M54: 40.94571 | N54: 39.846672 | O54: 44.891694
B55: Mayo | C55: 52.16935 | D55: 54.372404 | E55: 70.729796 | F55: 37.02986 | G55: 55.324689 | H55: 44.717921 | I55: 56.188008 | J55: 72.320803 | K55: 40.570777 | L55: 42.259364 | M55: 39.901912 | N55: 38.719904 | O55: 45.536709
B56: Junio | C56: 52.5285 | D56: 55.189638 | E56: 70.600819 | F56: 37.449449 | G56: 55.594766 | H56: 44.585665 | I56: 56.661304 | J56: 72.081878 | K56: 40.822019 | L56: 42.750101 | M56: 40.110239 | N56: 39.380743 | O56: 46.486389
B57: Julio | C57: 53.510311 | D57: 56.321667 | E57: 71.507313 | F57: 38.50232 | G57: 56.324755 | H57: 45.767219 | I57: 57.793148 | J57: 72.019251 | K57: 42.383914 | L57: 43.436943 | M57: 40.762646 | N57: 40.37596 | O57: 47.482015
B58: Agosto | C58: 54.158926 | D58: 57.365947 | E58: 72.151043 | F58: 38.511104 | G58: 56.524094 | H58: 46.4269 | I58: 58.608832 | J58: 71.889153 | K58: 43.619036 | L58: 43.780883 | M58: 41.732958 | N58: 41.173723 | O58: 48.596423
B59: Septiembre | C59: 54.582113 | D59: 58.857165 | E59: 72.335933 | F59: 38.420782 | G59: 56.296789 | H59: 46.394455 | I59: 58.861128 | J59: 71.806883 | K59: 44.124737 | L59: 44.221182 | M59: 42.46269 | N59: 41.864175 | O59: 49.01574
B60: Octubre | C60: 55.014799 | D60: 60.147918 | E60: 71.918616 | F60: 38.888235 | G60: 56.305584 | H60: 46.710484 | I60: 59.235722 | J60: 71.652418 | K60: 44.64011 | L60: 44.672753 | M60: 43.327023 | N60: 42.694085 | O60: 49.503101
B61: Noviembre | C61: 55.500038 | D61: 61.351289 | E61: 71.831424 | F61: 39.142881 | G61: 56.634398 | H61: 47.07358 | I61: 59.710739 | J61: 71.638936 | K61: 45.080961 | L61: 45.154096 | M61: 44.167783 | N61: 43.069623 | O61: 50.580142
B62: Diciembre | C62: 55.571309 | D62: 60.956564 | E62: 71.496582 | F62: 39.553515 | G62: 56.877596 | H62: 47.393655 | I62: 60.008654 | J62: 71.467891 | K62: 45.35838 | L62: 45.124841 | M62: 44.872553 | N62: 43.434146 | O62: 50.817952
A63: 2023(p) | B63: Enero | C63: 53.519555 | D63: 52.028076 | E63: 75.991886 | F63: 40.913088 | G63: 59.463322 | H63: 49.386359 | I63: 58.485345 | J63: 70.081992 | K63: 37.311719 | L63: 38.134291 | M63: 44.120649 | N63: 42.580055 | O63: 53.136527
B64: Febrero | C64: 53.883988 | D64: 59.785532 | E64: 74.924714 | F64: 37.866043 | G64: 58.126164 | H64: 45.162453 | I64: 57.735947 | J64: 67.843156 | K64: 37.725179 | L64: 37.767149 | M64: 43.114214 | N64: 40.926585 | O64: 52.411893
B65: Marzo | C65: 53.303642 | D65: 62.815452 | E65: 73.276718 | F65: 37.336961 | G65: 56.119125 | H65: 43.373691 | I65: 56.378604 | J65: 61.436327 | K65: 38.300463 | L65: 37.122726 | M65: 41.888838 | N65: 39.934876 | O65: 47.703395
B66: Abril | C66: 52.194204 | D66: 61.900119 | E66: 70.733138 | F66: 37.274079 | G66: 54.136305 | H66: 42.550156 | I66: 55.772812 | J66: 56.575458 | K66: 38.190245 | L66: 36.998378 | M66: 41.671157 | N66: 39.31377 | O66: 46.964133
B67: Mayo | C67: 51.438988 | D67: 61.4529 | E67: 68.746736 | F67: 36.678469 | G67: 52.254408 | H67: 41.616998 | I67: 55.633688 | J67: 54.784853 | K67: 38.336821 | L67: 37.120188 | M67: 41.650475 | N67: 38.440524 | O67: 47.576185
B68: Junio | C68: 51.480461 | D68: 61.787147 | E68: 68.343787 | F68: 37.265767 | G68: 52.050909 | H68: 41.943214 | I68: 55.343344 | J68: 53.842039 | K68: 38.388497 | L68: 37.490761 | M68: 41.795092 | N68: 39.016247 | O68: 48.190319
B69: Fuente: DANE, EMA
B70: (p): Cifra provisional
B71: Nota: El indicador de ocupación hotelera publicado por el DANE en la Muestra Mensual de Hoteles - MMH, entre julio 2004 y mayo 2020, se refería únicamente a los hoteles de inclusión forzosa de esa muestra. Con las nuevas estimaciones de la nueva Encuesta Mensual de Alojamiento - EMA, se amplía la cobertura de esta variable, al total de las unidades de alojamiento incluidas en la muestra para cada una de las 12 regiones investigadas.
B72: * El porcentaje de ocupación año corrido se refiere al periodo comprendido entre el primero de enero del año en curso y el último día para el que se tienen datos de habitaciones disponibles y ocupadas. Para el caso de San Andrés el porcentaje de ocupación año corrido no refleja cambios desde el mes de marzo da julio de 2020. Último mes en el que la región registró actividad de alojamiento.
B73: ='1.1 V.A Ing.real'!B65 -> Actualizado el 14 de agosto de 2023

Sheet 5.4 Porc 12.meses Ocupación.reg
AU1: 32
L3: Inicio
A5: ENCUESTA MENSUAL DE ALOJAMIENTO EMA
A9: 5.4 Porcentaje de ocupación 12 meses
A10: Total nacional y 12 regiones
A11: Diciembre 2019 - junio 2023
A13: Año | B13: Meses | C13: Total nacional | D13: Bogotá D.C. | E13: Cartagena | F13: Central | G13: Caribe | H13: Eje Cafetero | I13: Antioquia | J13: San Andrés y Providencia | K13: Pacífico | L13: Santanderes | M13: Llanos Orinoquía | N13: Golfo de Morrosquillo y Sabana | O13: Amazonía
A14: 2019 (p) | B14: Diciembre | C14: 48.866376 | D14: 56.888469 | E14: 60.508861 | F14: 35.555937 | G14: 48.497157 | H14: 43.480575 | I14: 47.966955 | J14: 73.240466 | K14: 40.016324 | L14: 42.01882 | M14: 34.632679 | N14: 32.802462 | O14: 49.957888
A15: 2020(p) | B15: Enero | C15: 49.128934 | D15: 57.087399 | E15: 60.922404 | F15: 35.652621 | G15: 48.858884 | H15: 43.969522 | I15: 48.308293 | J15: 73.265364 | K15: 40.180078 | L15: 42.302511 | M15: 34.607882 | N15: 33.157098 | O15: 50.335114
B16: Febrero | C16: 49.331498 | D16: 57.284558 | E16: 61.248447 | F16: 35.64589 | G16: 49.296429 | H16: 44.024024 | I16: 48.607833 | J16: 73.60666 | K16: 40.226707 | L16: 42.206369 | M16: 34.964452 | N16: 33.154446 | O16: 50.350926
B17: Marzo | C17: 48.331844 | D17: 55.98749 | E17: 58.963736 | F17: 35.077507 | G17: 48.012781 | H17: 43.572362 | I17: 47.578481 | J17: 73.258671 | K17: 39.846767 | L17: 41.48164 | M17: 34.848892 | N17: 32.880169 | O17: 49.767695
B18: Abril | C18: 47.466286 | D18: 54.042058 | E18: 57.647791 | F18: 34.908288 | G18: 47.554451 | H18: 43.390328 | I18: 46.744325 | J18: 73.464749 | K18: 39.377625 | L18: 40.592846 | M18: 33.776982 | N18: 32.689362 | O18: 49.698614
B19: Mayo | C19: 46.523395 | D19: 51.587963 | E19: 57.33576 | F19: 35.080551 | G19: 47.205086 | H19: 43.072134 | I19: 45.746303 | J19: 73.577183 | K19: 38.405972 | L19: 39.808365 | M19: 32.548201 | N19: 32.448544 | O19: 49.351706
B20: Junio | C20: 45.028046 | D20: 49.092222 | E20: 56.99846 | F20: 33.746127 | G20: 46.039513 | H20: 41.911719 | I20: 44.102276 | J20: 73.718109 | K20: 37.023922 | L20: 38.024806 | M20: 31.582846 | N20: 31.789501 | O20: 48.208939
B21: Julio | C21: 43.00748 | D21: 45.845991 | E21: 56.018803 | F21: 32.276962 | G21: 44.361834 | H21: 40.1086 | I21: 42.150208 | J21: 73.769056 | K21: 35.166493 | L21: 35.825974 | M21: 30.657528 | N21: 31.243956 | O21: 46.750138
B22: Agosto | C22: 40.278496 | D22: 42.043043 | E22: 53.635561 | F22: 30.54411 | G22: 41.973229 | H22: 37.41427 | I22: 39.338093 | J22: 73.345868 | K22: 32.825496 | L22: 32.965467 | M22: 29.80713 | N22: 30.334204 | O22: 45.59815
B23: Septiembre | C23: 37.419079 | D23: 37.743627 | E23: 49.86503 | F23: 29.205507 | G23: 39.570961 | H23: 35.161859 | I23: 36.953717 | J23: 72.725642 | K23: 30.383937 | L23: 30.604195 | M23: 29.033564 | N23: 29.521776 | O23: 43.562803
B24: Octubre | C24: 34.781384 | D24: 33.538661 | E24: 46.260959 | F24: 28.053312 | G24: 37.329816 | H24: 33.811057 | I24: 34.830554 | J24: 68.695595 | K24: 28.493927 | L24: 28.872621 | M24: 28.869091 | N24: 28.193075 | O24: 40.530766
B25: Noviembre | C25: 32.100631 | D25: 29.353408 | E25: 41.738923 | F25: 26.958378 | G25: 34.844286 | H25: 32.470094 | I25: 32.731286 | J25: 63.633456 | K25: 26.891334 | L25: 27.562203 | M25: 28.545027 | N25: 27.899656 | O25: 37.381812
B26: Diciembre | C26: 29.919797 | D26: 26.782368 | E26: 37.50883 | F26: 25.69043 | G26: 32.741305 | H26: 31.213078 | I26: 30.727254 | J26: 56.742079 | K26: 25.639837 | L26: 26.414759 | M26: 27.883213 | N26: 27.953125 | O26: 34.44994
A27: 2021(p) | B27: Enero | C27: 27.495542 | D27: 23.781144 | E27: 32.965083 | F27: 24.017153 | G27: 30.942975 | H27: 28.447074 | I27: 28.620559 | J27: 50.539955 | K27: 23.938184 | L27: 25.090994 | M27: 27.17878 | N27: 27.18168 | O27: 31.883695
B28: Febrero | C28: 25.040172 | D28: 19.591409 | E28: 27.92814 | F28: 23.295083 | G28: 28.90379 | H28: 27.153758 | I28: 26.927206 | J28: 44.542674 | K28: 22.441479 | L28: 24.323037 | M28: 26.340833 | N28: 27.250889 | O28: 29.335452
B29: Marzo | C29: 25.39656 | D29: 18.414841 | E29: 28.988562 | F29: 24.510999 | G29: 29.880743 | H29: 27.712241 | I29: 27.727495 | J29: 43.340865 | K29: 23.015832 | L29: 25.047066 | M29: 26.757463 | N29: 28.017558 | O29: 27.960611
B30: Abril | C30: 26.37886 | D30: 19.381775 | E30: 30.883473 | F30: 24.790746 | G30: 29.934302 | H30: 28.399485 | I30: 28.481701 | J30: 45.224138 | K30: 24.096643 | L30: 26.185211 | M30: 27.782459 | N30: 28.185756 | O30: 27.954676
B31: Mayo | C31: 26.85606 | D31: 20.22115 | E31: 31.000766 | F31: 24.414006 | G31: 30.32116 | H31: 27.896012 | I31: 29.158686 | J31: 46.232064 | K31: 24.08159 | L31: 26.804781 | M31: 28.506274 | N31: 27.762113 | O31: 27.158866
B32: Junio | C32: 28.313583 | D32: 21.453941 | E32: 32.864753 | F32: 25.534138 | G32: 32.304703 | H32: 28.87817 | I32: 30.528279 | J32: 48.771426 | K32: 24.827484 | L32: 27.979408 | M32: 30.067822 | N32: 28.272744 | O32: 27.47449
B33: Julio | C33: 30.379179 | D33: 23.213969 | E33: 35.452465 | F33: 27.111793 | G33: 34.882832 | H33: 30.859436 | I33: 32.689434 | J33: 51.383955 | K33: 26.262706 | L33: 29.812784 | M33: 31.555237 | N33: 29.169162 | O33: 28.372542
