Workbook
Name _2010: [1]Ingresos!$A$63
Name _2011: [1]Ingresos!$A$75
Name _2012: [1]Ingresos!$A$87
Name _2013: [1]Ingresos!$A$99
Name _2014: [1]Ingresos!$A$111
Name _2015: [1]Ingresos!$A$123
Name _2016: [1]Ingresos!$A$135
Name _fechaActualiza: #REF!
Name _fechaActualiza: #REF!
Name _fechaActualiza: #REF!
Name _fechaActualiza: #REF!
Name _fechaActualiza: #REF!
Name _fechaActualiza: #REF!
Name _fechaActualiza: #REF!
Name _fechaActualiza: #REF!
Name _fechaActualiza: #REF!
Name _fechaActualiza: #REF!
Name _fechaActualiza: #REF!
Name _fechaActualiza: #REF!
Name _fechaActualiza: #REF!
Name _fechaActualiza: #REF!
Name _fechaActualiza: #REF!
Name _fechaActualiza: #REF!
Name _fechaActualiza: #REF!
Name _fechaActualiza: #REF!
Name _FileSalida: #REF!
Name _FileSalida: #REF!
Name _FileSalida: #REF!
Name _FileSalida: #REF!
Name _FileSalida: #REF!
Name _FileSalida: #REF!
Name _FileSalida: #REF!
Name _FileSalida: #REF!
Name _FileSalida: #REF!
Name _FileSalida: #REF!
Name _FileSalida: #REF!
Name _FileSalida: #REF!
Name _FileSalida: #REF!
Name _FileSalida: #REF!
Name _FileSalida: #REF!
Name _FileSalida: #REF!
Name _FileSalida: #REF!
Name _FileSalida: #REF!
Name _um: #REF!
Name _um: #REF!
Name _um: #REF!
Name _um: #REF!
Name _um: #REF!
Name _um: #REF!
Name _um: #REF!
Name _um: #REF!
Name _um: #REF!
Name _um: #REF!
Name _um: #REF!
Name _um: #REF!
Name _um: #REF!
Name _um: #REF!
Name _um: #REF!
Name _um: #REF!
Name _um: #REF!

Sheet Contenido
A3: ENCUESTA MENSUAL DE ALOJAMIENTO - EMA
A5: Contenido
A8: ='1.1 V.A Ing.real'!A10:O10 -> 1.1 Variaciones anuales de los ingresos reales
A9: ='1.2 V.A.C Ing.real'!A10:O10 -> 1.2 Variaciones año corrido de los ingresos reales
A10: 1.3 Variaciones 12 meses de los ingresos reales
A11: ='2.1 V.A Per.categ'!A10:N10 -> 2.1 Variaciones anuales del personal total y por categoría
A12: ='2.2 V.A.C Per.categ'!A10:N10 -> 2.2 Variaciones año corrido del personal total y por categoría
A13: 2.3 Variaciones 12 meses del personal total y por categoría
A14: 3.1 Total variaciones de salarios por región
A15: 3.2 Total variaciones salarios año corrido
A16: 3.3 Total variaciones salarios 12 meses
A17: 4.1 Variaciones bienales de ingresos reales, personal ocupado y salarios
A18: 5.1 Porcentaje de ocupación por escala de habitación
A19: 5.2 Porcentaje de ocupación mensual por región
A20: 5.3 Porcentaje de ocupación año corrido* por región
A21: 5.4 Porcentaje de ocupación 12 meses
A22: 6.1 Distribución porcentual de los motivo de viaje total huéspedes regional mensual
A23: 6.2 Distribución porcentual de los Motivo de viaje total huéspedes regional año corrido
A24: ='6.3 Porc Mens Motivo.viaje.R'!A10:W10 -> 6.3 Distribución porcentual de los motivos de viaje huéspedes residentes, mensual
A25: ='6.4 Porc Mens Motivo.viaje.NR'!A10:W10 -> 6.4 Distribución porcentual de los motivos de viaje huéspedes no residentes, mensual.
A26: 6.5 Distribución porcentual de huéspedes residentes y no residentes
A27: 7.1 Tarifas
A28: 8.1 Índices de oferta y demanda de habitaciones y camas por región total mes.
A29: 9.1 Series índices ingresos nominales, ingresos reales, personal ocupado y salarios reales
A30: 9.2 Series índices de la Muestra Mensual de Hoteles empalmadas
A31: 10.1 Coeficientes de variación estimado porcentual Total nacional
A32: 10.2 Coeficientes de variación estimado porcentual Total regional

Sheet 1.1 V.A Ing.real
L4: Inicio
A7: ENCUESTA MENSUAL DE ALOJAMIENTO - EMA
A10: 1.1 Variaciones anuales de los ingresos reales
A11: Total nacional y 12 regiones
A12: Enero 2020 - octubre 2021
A14: Año | B14: Meses | C14: Total nacional | D14: Bogotá D.C. | E14: Cartagena | F14: Central | G14: Caribe | H14: Eje Cafetero | I14: Antioquia | J14: San Andrés y Providencia | K14: Pacífico | L14: Santanderes | M14: Llanos Orinoquía | N14: Golfo de Morrosquillo y Sabana | O14: Amazonía
A15: 2020(p) | B15: Enero | C15: 8.1592411 | D15: 4.1596066 | E15: 10.449723 | F15: 3.8583185 | G15: 11.948117 | H15: 17.289324 | I15: 10.455827 | J15: 1.9115722 | K15: 8.3367292 | L15: 12.281732 | M15: -0.29511843 | N15: 7.3944022 | O15: 13.948905
B16: Febrero | C16: 10.410571 | D16: 6.9185238 | E16: 9.6222836 | F16: 6.2568595 | G16: 29.292181 | H16: 6.4126241 | I16: 14.181219 | J16: 10.42343 | K16: 6.8803348 | L16: 4.7515078 | M16: -3.970139 | N16: 3.6955686 | O16: 5.5799746
B17: Marzo | C17: -45.127161 | D17: -42.846109 | E17: -49.792227 | F17: -52.682472 | G17: -51.348371 | H17: -51.788265 | I17: -42.779947 | J17: -32.13802 | K17: -42.315828 | L17: -39.810125 | M17: -42.08341 | N17: -46.103127 | O17: -50.171494
B18: Abril | C18: -94.943711 | D18: -88.299 | E18: -98.939577 | F18: -97.432643 | G18: -96.449356 | H18: -97.655857 | I18: -94.581327 | J18: -100 | K18: -95.280684 | L18: -92.16249 | M18: -94.867819 | N18: -98.508163 | O18: -95.547848
B19: Mayo | C19: -94.641564 | D19: -91.058971 | E19: -98.544638 | F19: -93.165972 | G19: -95.614943 | H19: -96.061815 | I19: -93.909362 | J19: -100 | K19: -93.615444 | L19: -91.702503 | M19: -92.196968 | N19: -98.106636 | O19: -95.161696
B20: Junio | C20: -92.89611 | D20: -86.685411 | E20: -98.21943 | F20: -96.383613 | G20: -94.02829 | H20: -97.039872 | I20: -90.951472 | J20: -100 | K20: -91.488097 | L20: -87.701194 | M20: -81.405607 | N20: -93.594782 | O20: -92.52266
B21: Julio | C21: -91.833349 | D21: -88.639864 | E21: -98.40864 | F21: -93.65954 | G21: -92.240312 | H21: -92.459258 | I21: -86.544856 | J21: -100 | K21: -87.687599 | L21: -82.807935 | M21: -72.817543 | N21: -88.419472 | O21: -90.873262
B22: Agosto | C22: -91.461446 | D22: -88.176529 | E22: -98.648708 | F22: -90.580768 | G22: -92.751917 | H22: -86.078164 | I22: -88.521942 | J22: -99.992702 | K22: -86.526481 | L22: -81.319905 | M22: -71.795315 | N22: -87.19396 | O22: -89.127086
B23: Septiembre | C23: -83.147047 | D23: -85.286682 | E23: -93.01623 | F23: -74.902816 | G23: -80.462349 | H23: -60.737709 | I23: -76.304342 | J23: -99.997766 | K23: -73.306891 | L23: -65.551384 | M23: -49.393599 | N23: -70.188957 | O23: -86.353891
B24: Octubre | C24: -64.547525 | D24: -78.027666 | E24: -66.694745 | F24: -43.869316 | G24: -47.129279 | H24: -31.532234 | I24: -59.320128 | J24: -87.167169 | K24: -59.246891 | L24: -48.223915 | M24: -13.721049 | N24: -52.091067 | O24: -85.224085
B25: Noviembre | C25: -58.454006 | D25: -69.228043 | E25: -65.449106 | F25: -41.413225 | G25: -44.215725 | H25: -30.678386 | I25: -54.053443 | J25: -76.075322 | K25: -47.456662 | L25: -38.532696 | M25: -17.654247 | N25: -33.681107 | O25: -81.621371
B26: Diciembre | C26: -49.144591 | D26: -61.315812 | E26: -57.672846 | F26: -32.298848 | G26: -33.655355 | H26: -23.864402 | I26: -43.962677 | J26: -59.806264 | K26: -44.729681 | L26: -35.626734 | M26: -20.163447 | N26: -23.991387 | O26: -78.971258
A27: 2021(p) | B27: Enero | C27: -45.562467 | D27: -67.192311 | E27: -50.594362 | F27: -33.530523 | G27: -20.084274 | H27: -31.432758 | I27: -46.622661 | J27: -49.322744 | K27: -49.046072 | L27: -26.294864 | M27: -18.309695 | N27: -19.668786 | O27: -70.803195
B28: Febrero | C28: -52.112316 | D28: -70.560503 | E28: -60.899067 | F28: -26.284304 | G28: -35.659754 | H28: -27.962397 | I28: -46.742157 | J28: -44.428985 | K28: -48.105913 | L28: -28.488511 | M28: -18.900196 | N28: -9.3172201 | O28: -77.803872
B29: Marzo | C29: 14.933773 | D29: -35.005463 | E29: 18.250282 | F29: 114.87955 | G29: 58.712732 | H29: 84.623512 | I29: 20.48592 | J29: 4.6697146 | K29: 24.692943 | L29: 45.914013 | M29: 64.644262 | N29: 72.004846 | O29: -49.749893
B30: Abril | C30: 992.34888 | D30: 184.80118 | E30: 5547.478 | F30: 2615.5922 | G30: 1436.4889 | H30: 3110.504 | I30: 865.48385 | J30: - | K30: 1309.8817 | L30: 901.29244 | M30: 1352.389 | N30: 4745.6485 | O30: 429.81695
B31: Mayo | C31: 811.14944 | D31: 228.11791 | E31: 3453.273 | F31: 853.13033 | G31: 1487.8792 | H31: 1024.6774 | I31: 745.3727 | J31: - | K31: 502.2012 | L31: 729.2765 | M31: 789.77876 | N31: 3632.3264 | O31: 314.70028
B32: Junio | C32: 870.12948 | D32: 206.18226 | E32: 4454.3928 | F32: 2072.5658 | G32: 1520.5756 | H32: 2374.1193 | I32: 619.71093 | J32: - | K32: 539.20596 | L32: 507.54548 | M32: 537.00968 | N32: 1314.7726 | O32: 252.20614
B33: Julio | C33: 884.55668 | D33: 288.91098 | E33: 5657.0927 | F33: 1489.2477 | G33: 1323.197 | H33: 1221.8385 | I33: 503.16434 | J33: - | K33: 481.54109 | L33: 430.13177 | M33: 381.06024 | N33: 902.06613 | O33: 318.95164
B34: Agosto | C34: 822.45701 | D34: 315.39324 | E34: 6249.3935 | F34: 915.60544 | G34: 1273.7928 | H34: 536.16145 | I34: 584.78508 | J34: * | K34: 480.09734 | L34: 395.01585 | M34: 367.70884 | N34: 753.43495 | O34: 432.99141
B35: Septiembre | C35: 391.98746 | D35: 257.64388 | E35: 1250.6586 | F35: 314.59905 | G35: 442.67719 | H35: 166.06654 | I35: 264.30791 | J35: * | K35: 219.04085 | L35: 180.51068 | M35: 145.55187 | N35: 256.17904 | O35: 315.37694
B36: Octubre | C36: 175.05895 | D36: 171.79898 | E36: 242.94461 | F36: 116.39146 | G36: 172.24661 | H36: 71.360062 | I36: 147.90882 | J36: 666.31363 | K36: 123.87744 | L36: 116.01579 | M36: 55.135559 | N36: 138.76209 | O36: 342.52349
B38: Fuente: DANE, EMA
B39: (p): Cifra provisional
B40: Nota metodológica: Regiones: Bogotá DC, Cartagena, Región Central (Boyacá, Cundinamarca, Huila y Tolima), Región Costa Caribe (Atlántico, Cesar, La Guajira y Magdalena), Región Eje Cafetero (Caldas, Quindío y Risaralda), Antioquia, San Andrés y Providencia, Región Pacífico (Valle del Cauca, Cauca, Nariño y Chocó), Región Santanderes (Santander y Norte de Santander), Llanos Orinoquía (Meta, Casanare, Arauca y Vichada), Región Golfo Morrosquillo y Sabana (Bolívar, Córdoba y Sucre), Región Amazonía (Amazonas, Caquetá, Guainía, Putumayo, Guaviare y Vaupés). Nota: San Andrés y Providencia no presenta variación anual en ingresos reales, dado que para los meses de abril hasta agosto 2020 no se presentó oferta de alojamiento en los establecimientos de la muestra.
B43: Variación anual = ((Valor mes año actual-valor mes año anterior)/(valor mes año anterior))*100
B44: * Variación anual superior a 10.000%
B45: Actualizado el 15 de diciembre de 2021

Sheet 1.2 V.A.C Ing.real
L4: Inicio
A7: ENCUESTA MENSUAL DE ALOJAMIENTO - EMA
A10: 1.2 Variaciones año corrido de los ingresos reales
A11: Total nacional y 12 regiones
A12: ='1.1 V.A Ing.real'!A12 -> Enero 2020 - octubre 2021
A14: Año | B14: Meses | C14: Total nacional | D14: Bogotá D.C. | E14: Cartagena | F14: Central | G14: Caribe | H14: Eje Cafetero | I14: Antioquia | J14: San Andrés y Providencia | K14: Pacífico | L14: Santanderes | M14: Llanos Orinoquía | N14: Golfo de Morrosquillo y Sabana | O14: Amazonía*
A15: 2020(p) | B15: Enero | C15: 8.1592411 | D15: 4.1596066 | E15: 10.449723 | F15: 3.8583185 | G15: 11.948117 | H15: 17.289324 | I15: 10.455827 | J15: 1.9115722 | K15: 8.3367292 | L15: 12.281732 | M15: -0.29511843 | N15: 7.3944022 | O15: 13.948905
B16: Febrero | C16: 9.2324136 | D16: 5.735775 | E16: 10.073638 | F16: 4.7916769 | G16: 19.251741 | H16: 12.996356 | I16: 12.266913 | J16: 5.6652043 | K16: 7.5800799 | L16: 8.481047 | M16: -1.9464536 | N16: 5.777685 | O16: 10.365929
B17: Marzo | C17: -9.4580825 | D17: -12.742834 | E17: -9.5681501 | F17: -12.42476 | G17: -5.6597482 | H17: -7.0815816 | I17: -6.7095726 | J17: -6.4758854 | K17: -10.131891 | L17: -8.469745 | M17: -15.37055 | N17: -11.682999 | O17: -7.5097074
B18: Abril | C18: -30.051357 | D18: -32.003726 | E18: -29.284367 | F18: -33.588254 | G18: -27.311858 | H18: -29.066747 | I18: -27.680363 | J18: -28.485584 | K18: -31.745894 | L18: -30.70031 | M18: -36.3453 | N18: -32.996964 | O18: -28.50056
B19: Mayo | C19: -42.93495 | D19: -46.126239 | E19: -41.130061 | F19: -43.984155 | G19: -39.207292 | H19: -41.269472 | I19: -41.461162 | J19: -41.996096 | K19: -45.684165 | L19: -43.291524 | M19: -46.401006 | N19: -45.526591 | O19: -41.858951
B20: Junio | C20: -51.304689 | D20: -53.032165 | E20: -49.092626 | F20: -54.614665 | G20: -48.57465 | H20: -51.390429 | I20: -50.177061 | J20: -52.001782 | K20: -53.973655 | L20: -51.644181 | M20: -51.033197 | N20: -54.065993 | O20: -51.25688
B21: Julio | C21: -57.457835 | D21: -58.537971 | E21: -55.946016 | F21: -60.84225 | G21: -55.240694 | H21: -57.633302 | I21: -56.173644 | J21: -59.200499 | K21: -59.333057 | L21: -56.436022 | M21: -53.687243 | N21: -59.168431 | O21: -59.041386
B22: Agosto | C22: -62.175434 | D22: -62.679499 | E22: -61.619826 | F22: -64.827545 | G22: -60.594532 | H22: -61.599433 | I22: -61.049059 | J22: -64.535503 | K22: -63.382726 | L22: -60.016768 | M22: -55.636926 | N22: -62.908001 | O22: -63.58458
B23: Septiembre | C23: -64.611452 | D23: -65.613427 | E23: -64.844928 | F23: -65.895239 | G23: -62.824353 | H23: -61.512174 | I23: -62.877572 | J23: -68.558087 | K23: -64.63115 | L23: -60.713198 | M23: -54.965866 | N23: -63.708664 | O23: -66.466575
B24: Octubre | C24: -64.604732 | D24: -67.038865 | E24: -65.018612 | F24: -63.457933 | G24: -61.295247 | H24: -58.376594 | I24: -62.514907 | J24: -70.475694 | K24: -64.028856 | L24: -59.29502 | M24: -50.667074 | N24: -62.409842 | O24: -68.702294
B25: Noviembre | C25: -63.985797 | D25: -67.271424 | E25: -65.060954 | F25: -61.137268 | G25: -59.593249 | H25: -55.75136 | I25: -61.686443 | J25: -70.996699 | K25: -62.348062 | L25: -57.146215 | M25: -47.387012 | N25: -59.683317 | O25: -70.0368
B26: Diciembre | C26: -62.577211 | D26: -66.78587 | E26: -64.287266 | F26: -58.092365 | G26: -56.902904 | H26: -52.593411 | I26: -60.074667 | J26: -69.947646 | K26: -60.697664 | L26: -55.033555 | M26: -44.449733 | N26: -56.353226 | O26: -70.925852
A27: 2021(p) | B27: Enero | C27: -45.562467 | D27: -67.192311 | E27: -50.594362 | F27: -33.530523 | G27: -20.084274 | H27: -31.432758 | I27: -46.622661 | J27: -49.322744 | K27: -49.046072 | L27: -26.294864 | M27: -18.309695 | N27: -19.668786 | O27: -70.803195
B28: Febrero | C28: -48.71835 | D28: -69.138082 | E28: -55.258817 | F28: -30.671334 | G28: -27.19537 | H28: -30.142835 | I28: -46.681745 | J28: -47.067471 | K28: -48.560802 | L28: -27.363986 | M28: -18.569555 | N28: -15.233297 | O28: -73.670412
B29: Marzo | C29: -35.454628 | D29: -60.634357 | E29: -41.868452 | F29: -7.1139926 | G29: -11.562857 | H29: -11.687893 | I29: -32.479576 | J29: -35.010602 | K29: -31.869783 | L29: -10.449663 | M29: 0.47704766 | N29: 2.6843155 | O29: -69.865103
B30: Abril | C30: -17.557018 | D30: -49.867678 | E30: -23.377906 | F30: 18.12774 | G30: 5.3062374 | H30: 13.35697 | I30: -16.422708 | J30: -11.657691 | K30: -8.3204266 | L30: 16.939674 | M30: 29.235435 | N30: 28.607915 | O30: -62.446531
B31: Mayo | C31: -2.0353308 | D31: -38.834871 | E31: -8.6779894 | F31: 35.903654 | G31: 23.930529 | H31: 25.708906 | I31: 0.06966754 | J31: 11.870038 | K31: 5.1987514 | L31: 38.452959 | M31: 49.170016 | N31: 52.712129 | O31: -56.157234
B32: Junio | C32: 19.279752 | D32: -27.008363 | E32: 13.094587 | F32: 68.827128 | G32: 53.627388 | H32: 51.661488 | I32: 19.88863 | J32: 42.7473 | K32: 23.071542 | L32: 60.892802 | M32: 73.684274 | N32: 83.976479 | O32: -47.382544
B33: Julio | C33: 44.497978 | D33: -13.624355 | E33: 41.427271 | F33: 105.51104 | G33: 87.22787 | H33: 83.321659 | I33: 44.353043 | J33: 77.822854 | K33: 45.137282 | L33: 83.298614 | M33: 95.663979 | N33: 118.43846 | O33: -31.342557
B34: Agosto | C34: 68.862789 | D34: 0.94097072 | E34: 70.468246 | F34: 134.58402 | G34: 118.37817 | H34: 106.21276 | I34: 68.355278 | J34: 112.46732 | K34: 68.971452 | L34: 104.25505 | M34: 114.28622 | N34: 147.69168 | O34: -10.406625
B35: Septiembre | C35: 86.737214 | D35: 15.195585 | E35: 94.551636 | F35: 148.62214 | G35: 137.5066 | H35: 112.3956 | I35: 83.347336 | J35: 145.63033 | K35: 83.218946 | L35: 112.66874 | M35: 118.06261 | N35: 157.49142 | O35: 6.3738179
B36: Octubre | C36: 96.036936 | D36: 27.182392 | E36: 107.81701 | F36: 143.14376 | G36: 142.12993 | H36: 105.33574 | I36: 90.490028 | J36: 168.95154 | K36: 88.371711 | L36: 113.15217 | M36: 106.59211 | N36: 154.82273 | O36: 25.289268
B38: Fuente: DANE, EMA
B39: (p): Cifra provisional
B40: Nota metodológica: Regiones: Bogotá DC, Cartagena, Región Central (Boyacá, Cundinamarca, Huila y Tolima), Región Costa Caribe (Atlántico, Cesar, La Guajira y Magdalena), Región Eje Cafetero (Caldas, Quindío y Risaralda), Antioquia, San Andrés y Providencia, Región Pacífico (Valle del Cauca, Cauca, Nariño y Chocó), Región Santanderes (Santander y Norte de Santander), Llanos Orinoquía (Meta, Casanare, Arauca y Vichada), Región Golfo Morrosquillo y Sabana (Bolívar, Córdoba y Sucre), Región Amazonía (Amazonas, Caquetá, Guainía, Putumayo, Guaviare y Vaupés).
B44: Variación año corrido=((valor de los meses transcurridos del año de referencia-valor de los mismos meses transcurridos del año anterior)/(valor de los meses transcurridos del año anterior))*100
B45: * Ajuste de información histórica de algunas fuentes.
B46: ='1.1 V.A Ing.real'!B45 -> Actualizado el 15 de diciembre de 2021

Sheet 1.3 V.12Meses Ing.real
L4: Inicio
A7: ENCUESTA MENSUAL DE ALOJAMIENTO - EMA
A10: 1.3 Variaciones 12 meses de los ingresos reales
A11: Total nacional y 12 regiones
A12: Diciembre 2020 - octubre 2021
A14: Año | B14: Meses | C14: Total nacional | D14: Bogotá D.C. | E14: Cartagena | F14: Central | G14: Caribe | H14: Eje Cafetero | I14: Antioquia | J14: San Andrés y Providencia | K14: Pacífico | L14: Santanderes | M14: Llanos Orinoquía | N14: Golfo de Morrosquillo y Sabana | O14: Amazonía*
A15: 2020(p) | B15: Diciembre | C15: -62.577211 | D15: -66.78587 | E15: -64.287266 | F15: -58.092365 | G15: -56.902904 | H15: -52.593411 | I15: -60.074667 | J15: -69.947646 | K15: -60.697664 | L15: -55.033555 | M15: -44.449733 | N15: -56.353226 | O15: -70.925852
A16: 2021(p) | B16: Enero | C16: -66.824537 | D16: -70.87699 | E16: -70.178194 | F16: -61.64777 | G16: -59.410804 | H16: -57.08504 | I16: -64.321296 | J16: -74.720603 | K16: -64.42322 | L16: -57.432607 | M16: -46.19823 | N16: -58.520114 | O16: -78.019712
B17: Febrero | C17: -71.298998 | D17: -76.762931 | E17: -75.86632 | F17: -63.525438 | G17: -63.166878 | H17: -59.189017 | I17: -68.495297 | J17: -78.519844 | K17: -68.250984 | L17: -59.648092 | M17: -47.465106 | N17: -59.291642 | O17: -83.226839
B18: Marzo | C18: -69.529254 | D18: -77.613309 | E18: -73.922507 | F18: -58.333407 | G18: -59.006272 | H18: -54.447043 | I18: -66.480584 | J18: -77.705028 | K18: -66.098855 | L18: -56.292683 | M18: -41.992725 | N18: -54.509867 | O18: -84.259404
B19: Abril | C19: -62.935289 | D19: -74.236266 | E19: -66.652371 | F19: -49.226146 | G19: -51.392896 | H19: -44.371213 | I19: -60.344649 | J19: -69.86778 | K19: -58.549631 | L19: -46.826351 | M19: -28.475513 | N19: -44.430958 | O19: -81.818468
B20: Mayo | C20: -55.561805 | D20: -69.379689 | E20: -59.400159 | F20: -41.104345 | G20: -42.450369 | H20: -36.381135 | I20: -52.618545 | J20: -60.580791 | K20: -51.424887 | L20: -36.936957 | M20: -15.894325 | N20: -33.052258 | O20: -79.188629
B21: Junio | C21: -44.855685 | D21: -63.788132 | E21: -48.67386 | F21: -24.53838 | G21: -27.381881 | H21: -21.160469 | I21: -42.182109 | J21: -46.638625 | K21: -41.633387 | L21: -23.809778 | M21: -0.80644949 | N21: -16.201184 | O21: -75.361295
B22: Julio | C22: -29.674014 | D22: -55.776455 | E22: -32.367874 | F22: -2.710376 | G22: -6.688596 | H22: -0.15327417 | I22: -26.710796 | J22: -27.537081 | K22: -27.74997 | L22: -7.601879 | M22: 16.929301 | N22: 6.139672 | O22: -67.610876
B23: Agosto | C23: -9.6336299 | D23: -44.610203 | E23: -10.235625 | F23: 22.59684 | G23: 20.4534 | H23: 24.51645 | I23: -5.3714242 | J23: -2.9346142 | K23: -7.7609142 | L23: 13.914747 | M23: 37.12705 | N23: 33.786219 | O23: -55.835278
B24: Septiembre | C24: 12.936512 | D24: -29.263675 | E24: 14.180785 | F24: 46.85327 | G24: 48.093329 | H24: 43.423928 | I24: 16.795457 | J24: 29.021813 | K24: 13.782752 | L24: 35.763591 | M24: 55.224236 | N24: 59.267024 | O24: -41.975986
B25: Octubre | C25: 37.295529 | D25: -9.7818161 | E25: 39.234447 | F25: 70.199315 | G25: 73.118356 | H25: 58.742406 | I25: 39.002213 | J25: 68.875138 | K25: 36.226693 | L25: 57.901578 | M25: 64.951308 | N25: 87.372706 | O25: -20.34702
B27: Fuente: DANE, EMA
B28: (p): Cifra provisional
B29: Nota metodológica: Regiones: Bogotá DC, Cartagena, Región Central (Boyacá, Cundinamarca, Huila y Tolima), Región Costa Caribe (Atlántico, Cesar, La Guajira y Magdalena), Región Eje Cafetero (Caldas, Quindío y Risaralda), Antioquia, San Andrés y Providencia, Región Pacífico (Valle del Cauca, Cauca, Nariño y Chocó), Región Santanderes (Santander y Norte de Santander), Llanos Orinoquía (Meta, Casanare, Arauca y Vichada), Región Golfo Morrosquillo y Sabana (Bolívar, Córdoba y Sucre), Región Amazonía (Amazonas, Caquetá, Guainía, Putumayo, Guaviare y Vaupés).
B33: * Ajuste de información histórica de algunas fuentes.
B34: ='1.1 V.A Ing.real'!B45 -> Actualizado el 15 de diciembre de 2021

Sheet 2.1 V.A Per.categ
L4: Inicio
A7: ENCUESTA MENSUAL DE ALOJAMIENTO - EMA
A10: 2.1 Variaciones anuales del personal total y por categoría
A11: Total nacional y 12 regiones
A12: ='1.1 V.A Ing.real'!A12 -> Enero 2020 - octubre 2021
A14: Año | B14: Meses | C14: Total nacional | F14: Bogotá D.C. | I14: Cartagena | L14: Central | O14: Caribe | R14: Eje Cafetero | U14: Antioquia | X14: San Andrés y Providencia | AA14: Pacífico | AD14: Santanderes | AG14: Llanos Orinoquía | AJ14: Golfo de Morrosquillo y Sabana | AM14: Amazonía
C15: Total del personal | D15: Personal permanente | E15: Resto de personal | F15: Total del personal | G15: Personal permanente | H15: Resto de personal | I15: Total del personal | J15: Personal permanente | K15: Resto de personal | L15: Total del personal | M15: Personal permanente | N15: Resto de personal | O15: Total del personal | P15: Personal permanente | Q15: Resto de personal | R15: Total del personal | S15: Personal permanente | T15: Resto de personal | U15: Total del personal | V15: Personal permanente | W15: Resto de personal | X15: Total del personal | Y15: Personal permanente | Z15: Resto de personal | AA15: Total del personal | AB15: Personal permanente | AC15: Resto de personal | AD15: Total del personal | AE15: Personal permanente | AF15: Resto de personal | AG15: Total del personal | AH15: Personal permanente | AI15: Resto de personal | AJ15: Total del personal | AK15: Personal permanente | AL15: Resto de personal | AM15: Total del personal | AN15: Personal permanente | AO15: Resto de personal
A16: 2020(p) | B16: Enero | C16: 2.1770988 | D16: 1.0500609 | E16: 3.6622839 | F16: 1.3476145 | G16: 2.2650545 | H16: -0.44416244 | I16: 3.9930471 | J16: 2.2090602 | K16: 6.4614258 | L16: 2.0052343 | M16: 3.9928562 | N16: 0.066651357 | O16: 4.7674563 | P16: -0.94763238 | Q16: 12.224642 | R16: 4.1703674 | S16: 8.2823025 | T16: 2.362939 | U16: 4.0186164 | V16: 0.90153469 | W16: 8.8948853 | X16: -6.8581622 | Y16: -0.92100287 | Z16: -15.238006 | AA16: 1.9062285 | AB16: -0.087296466 | AC16: 5.0870553 | AD16: 2.4784314 | AE16: -1.0030316 | AF16: 5.5127871 | AG16: -8.2130078 | AH16: -14.400871 | AI16: -2.4307818 | AJ16: 6.0587337 | AK16: -3.5000699 | AL16: 16.424242 | AM16: 0.96618357 | AN16: 11.260054 | AO16: -11.146162
B17: Febrero | C17: 2.4349063 | D17: 0.29154968 | E17: 5.4032132 | F17: 2.044 | G17: 1.4240517 | H17: 3.2363325 | I17: 4.1387457 | J17: 2.3209316 | K17: 6.8077568 | L17: 2.3862805 | M17: 4.2823152 | N17: 0.42806705 | O17: 2.7718323 | P17: -3.333541 | Q17: 11.226286 | R17: 6.6262601 | S17: 4.8020127 | T17: 7.4917485 | U17: 3.968371 | V17: -2.8959359 | W17: 16.511697 | X17: -4.2476602 | Y17: -0.15185351 | Z17: -10.315622 | AA17: 2.002956 | AB17: 1.3415793 | AC17: 3.0369158 | AD17: 3.8464974 | AE17: 0.65145339 | AF17: 6.6680124 | AG17: -8.1596492 | AH17: -12.222374 | AI17: -4.2927546 | AJ17: 3.2247377 | AK17: -3.5271754 | AL17: 10.62418 | AM17: 2.6666667 | AN17: 13.388735 | AO17: -9.6602972
B18: Marzo | C18: -6.6450653 | D18: -2.9136001 | E18: -11.681285 | F18: -6.257584 | G18: -1.7847118 | H18: -14.59523 | I18: -6.159635 | J18: 1.9250636 | K18: -17.562463 | L18: -5.7614015 | M18: -0.14157342 | N18: -11.452291 | O18: -6.7471244 | P18: -6.3018544 | Q18: -7.3527447 | R18: -6.7589385 | S18: 1.4760228 | T18: -10.728591 | U18: -6.2121916 | V18: -5.9789435 | W18: -6.6101476 | X18: -11.966506 | Y18: -6.7209412 | Z18: -19.388013 | AA18: -6.2106095 | AB18: -1.6038045 | AC18: -13.235855 | AD18: -4.1777825 | AE18: -8.7323837 | AF18: -0.14750251 | AG18: -12.079414 | AH18: -16.314396 | AI18: -8.0627396 | AJ18: -3.0726973 | AK18: -4.3101016 | AL18: -1.7366136 | AM18: -5.0756467 | AN18: 3.240324 | AO18: -14.925373
B19: Abril | C19: -24.469863 | D19: -10.879952 | E19: -42.814927 | F19: -24.642457 | G19: -12.962374 | H19: -47.007496 | I19: -24.957286 | J19: -6.6133298 | K19: -51.530412 | L19: -21.722348 | M19: -6.905674 | N19: -36.626759 | O19: -24.666247 | P19: -8.3551536 | Q19: -46.104866 | R19: -29.465395 | S19: -20.548965 | T19: -33.673923 | U19: -26.755048 | V19: -13.651547 | W19: -48.660175 | X19: -20.078478 | Y19: -11.368726 | Z19: -32.511059 | AA19: -21.164365 | AB19: -8.3531042 | AC19: -41.36146 | AD19: -24.90225 | AE19: -14.538003 | AF19: -33.961895 | AG19: -32.84946 | AH19: -27.004082 | AI19: -38.059208 | AJ19: -14.743246 | AK19: -10.142776 | AL19: -19.460752 | AM19: -22.516226 | AN19: -5.1959891 | AO19: -43.487859
B20: Mayo | C20: -30.848459 | D20: -18.667199 | E20: -47.649193 | F20: -33.495014 | G20: -22.085224 | H20: -54.881618 | I20: -31.804577 | J20: -15.443074 | K20: -55.658881 | L20: -24.653736 | M20: -11.892664 | N20: -37.918661 | O20: -30.05295 | P20: -17.204483 | Q20: -47.991938 | R20: -36.76747 | S20: -26.031963 | T20: -41.821507 | U20: -35.371422 | V20: -25.69167 | W20: -52.590741 | X20: -21.289199 | Y20: -11.805865 | Z20: -35.597095 | AA20: -25.795697 | AB20: -10.615484 | AC20: -49.012284 | AD20: -33.326307 | AE20: -22.302944 | AF20: -42.971478 | AG20: -31.832637 | AH20: -29.670382 | AI20: -34.017176 | AJ20: -23.158532 | AK20: -23.194131 | AL20: -23.12226 | AM20: -31.065089 | AN20: -13.26624 | AO20: -51.871658
B21: Junio | C21: -37.80748 | D21: -25.216767 | E21: -55.047502 | F21: -41.753682 | G21: -31.430353 | H21: -61.228103 | I21: -38.637938 | J21: -23.925704 | K21: -60.916844 | L21: -32.248954 | M21: -15.21035 | N21: -48.80627 | O21: -38.590749 | P21: -25.743467 | Q21: -56.776192 | R21: -45.810029 | S21: -34.783576 | T21: -50.770371 | U21: -41.667557 | V21: -31.376664 | W21: -58.76255 | X21: -26.612369 | Y21: -12.697849 | Z21: -48.326751 | AA21: -30.136247 | AB21: -15.901234 | AC21: -52.176202 | AD21: -41.119277 | AE21: -23.557343 | AF21: -55.832157 | AG21: -30.687704 | AH21: -26.421975 | AI21: -35.02262 | AJ21: -26.323183 | AK21: -24.201301 | AL21: -28.418848 | AM21: -32.070831 | AN21: -13.394495 | AO21: -53.658537
B22: Julio | C22: -42.72799 | D22: -29.335902 | E22: -60.388391 | F22: -48.665213 | G22: -35.029565 | H22: -71.190214 | I22: -41.239708 | J22: -26.221034 | K22: -63.076385 | L22: -33.639287 | M22: -15.458943 | N22: -50.983817 | O22: -42.722827 | P22: -30.015612 | Q22: -60.202171 | R22: -48.863135 | S22: -40.037034 | T22: -53.095656 | U22: -47.477632 | V22: -37.315057 | W22: -63.770329 | X22: -37.363299 | Y22: -17.332057 | Z22: -69.321492 | AA22: -36.308437 | AB22: -22.495676 | AC22: -57.373058 | AD22: -43.650905 | AE22: -28.58884 | AF22: -56.402154 | AG22: -33.633769 | AH22: -34.217172 | AI22: -33.060272 | AJ22: -34.403234 | AK22: -33.249016 | AL22: -35.558995 | AM22: -36.194213 | AN22: -25.760286 | AO22: -48.859935
B23: Agosto | C23: -45.036908 | D23: -32.40973 | E23: -61.754792 | F23: -50.089873 | G23: -39.197064 | H23: -68.779625 | I23: -42.91999 | J23: -28.499882 | K23: -64.286882 | L23: -34.97265 | M23: -17.038947 | N23: -52.223011 | O23: -47.041655 | P23: -34.854973 | Q23: -63.540013 | R23: -50.802085 | S23: -41.366143 | T23: -55.240157 | U23: -49.17185 | V23: -39.645508 | W23: -64.402856 | X23: -37.58111 | Y23: -16.515451 | Z23: -71.011084 | AA23: -42.626828 | AB23: -30.237008 | AC23: -61.453206 | AD23: -46.231511 | AE23: -30.627545 | AF23: -59.180773 | AG23: -35.925346 | AH23: -30.710792 | AI23: -40.843066 | AJ23: -36.861327 | AK23: -35.637848 | AL23: -38.07889 | AM23: -41.863834 | AN23: -25.670841 | AO23: -60.860441
B24: Septiembre | C24: -44.651599 | D24: -34.015973 | E24: -58.80056 | F24: -52.580842 | G24: -41.837274 | H24: -70.786491 | I24: -42.870429 | J24: -28.855149 | K24: -63.915933 | L24: -34.609272 | M24: -20.191546 | N24: -48.939119 | O24: -44.771115 | P24: -37.414917 | Q24: -54.676603 | R24: -42.859961 | S24: -40.721257 | T24: -43.930263 | U24: -47.307908 | V24: -39.51743 | W24: -59.513607 | X24: -37.544089 | Y24: -16.214632 | Z24: -71.748798 | AA24: -44.463303 | AB24: -36.014013 | AC24: -57.261507 | AD24: -44.64181 | AE24: -29.215746 | AF24: -57.461791 | AG24: -34.669051 | AH24: -33.626889 | AI24: -35.64395 | AJ24: -38.676746 | AK24: -34.937179 | AL24: -42.339697 | AM24: -40.970221 | AN24: -22.232223 | AO24: -62.409887
B25: Octubre | C25: -41.55028 | D25: -34.880453 | E25: -50.265563 | F25: -53.375589 | G25: -44.484784 | H25: -68.681104 | I25: -40.592699 | J25: -29.59231 | K25: -56.515146 | L25: -28.976223 | M25: -18.694426 | N25: -38.856066 | O25: -38.089302 | P25: -36.231427 | Q25: -40.449874 | R25: -35.738279 | S25: -41.056162 | T25: -33.064449 | U25: -44.75881 | V25: -39.360374 | W25: -53.084694 | X25: -30.59494 | Y25: -16.640488 | Z25: -53.024128 | AA25: -43.2217 | AB25: -37.290357 | AC25: -52.262529 | AD25: -45.01442 | AE25: -34.685405 | AF25: -53.399499 | AG25: -26.073216 | AH25: -32.321619 | AI25: -20.424569 | AJ25: -35.36954 | AK25: -36.907449 | AL25: -33.876601 | AM25: -36.131211 | AN25: -29.133155 | AO25: -44.339623
B26: Noviembre | C26: -40.237918 | D26: -35.419401 | E26: -46.525069 | F26: -54.095795 | G26: -46.483855 | H26: -66.942863 | I26: -40.158499 | J26: -30.203131 | K26: -54.45278 | L26: -27.12587 | M26: -19.275313 | N26: -34.957789 | O26: -35.990754 | P26: -39.536936 | Q26: -31.36182 | R26: -32.411778 | S26: -35.797462 | T26: -30.775681 | U26: -41.898783 | V26: -37.146354 | W26: -49.195324 | X26: -28.906131 | Y26: -15.735175 | Z26: -50.293164 | AA26: -40.853826 | AB26: -37.099118 | AC26: -46.61358 | AD26: -41.872989 | AE26: -32.554428 | AF26: -49.366044 | AG26: -26.628833 | AH26: -32.659933 | AI26: -21.429543 | AJ26: -33.254223 | AK26: -38.856368 | AL26: -27.895384 | AM26: -34.608121 | AN26: -33.611343 | AO26: -35.908596
B27: Diciembre | C27: -37.951461 | D27: -34.212301 | E27: -42.609097 | F27: -53.062108 | G27: -47.414005 | H27: -62.894731 | I27: -37.76886 | J27: -29.592864 | K27: -48.925625 | L27: -28.356787 | M27: -20.68836 | N27: -35.585257 | O27: -30.251776 | P27: -36.798341 | Q27: -22.49804 | R27: -31.703556 | S27: -36.16794 | T27: -29.620578 | U27: -38.657227 | V27: -33.003385 | W27: -46.362849 | X27: -25.50444 | Y27: -13.44255 | Z27: -45.507949 | AA27: -40.273011 | AB27: -35.872259 | AC27: -46.663713 | AD27: -39.17768 | AE27: -29.113113 | AF27: -47.155662 | AG27: -26.252568 | AH27: -25.943421 | AI27: -26.485915 | AJ27: -33.480237 | AK27: -39.350384 | AL27: -27.870177 | AM27: -28.943489 | AN27: -30.099502 | AO27: -27.261761
A28: 2021(p) | B28: Enero | C28: -37.469315 | D28: -35.218167 | E28: -40.361074 | F28: -53.149096 | G28: -49.467861 | H28: -60.534264 | I28: -37.228732 | J28: -29.685621 | K28: -47.248734 | L28: -28.851783 | M28: -23.614355 | N28: -34.160416 | O28: -28.373298 | P28: -33.705219 | Q28: -22.232675 | R28: -32.815785 | S28: -36.33334 | T28: -31.180211 | U28: -40.114058 | V28: -37.803486 | W28: -43.463321 | X28: -22.357826 | Y28: -11.201922 | Z28: -40.763104 | AA28: -41.392969 | AB28: -38.578863 | AC28: -45.662008 | AD28: -37.998537 | AE28: -31.635855 | AF28: -43.201632 | AG28: -27.355072 | AH28: -31.967422 | AI28: -23.573843 | AJ28: -29.118262 | AK28: -36.885543 | AL28: -22.136908 | AM28: -27.416268 | AN28: -24.899598 | AO28: -31.12426
B29: Febrero | C29: -37.979844 | D29: -35.258913 | E29: -41.565284 | F29: -54.870684 | G29: -49.396351 | H29: -65.214519 | I29: -40.471871 | J29: -32.272727 | K29: -52.004573 | L29: -25.572851 | M29: -21.369689 | N29: -30.080452 | O29: -28.745326 | P29: -32.759215 | Q29: -23.91466 | R29: -32.518205 | S29: -41.388164 | T29: -28.415279 | U29: -39.812668 | V29: -38.025126 | W29: -42.534994 | X29: -22.634364 | Y29: -11.404097 | Z29: -41.157592 | AA29: -39.512455 | AB29: -37.694412 | AC29: -42.307919 | AD29: -36.137013 | AE29: -29.87888 | AF29: -41.351795 | AG29: -25.214036 | AH29: -28.852323 | AI29: -22.038032 | AJ29: -20.309547 | AK29: -18.017952 | AL29: -22.499651 | AM29: -31.216931 | AN29: -35.423453 | AO29: -25.146886
B30: Marzo | C30: -30.481481 | D30: -32.728664 | E30: -27.147453 | F30: -50.936187 | G30: -47.386843 | H30: -58.544739 | I30: -31.632872 | J30: -32.042793 | K30: -30.918038 | L30: -19.318775 | M30: -19.027394 | N30: -19.651531 | O30: -19.236711 | P30: -30.258262 | Q30: -4.0760507 | R30: -21.067767 | S30: -39.734086 | T30: -10.839532 | U30: -32.891462 | V30: -35.185136 | W30: -28.951661 | X30: -12.9099 | Y30: -2.5631804 | Z30: -29.848871 | AA30: -32.873774 | AB30: -34.913709 | AC30: -29.345877 | AD30: -26.889025 | AE30: -22.825952 | AF30: -30.17525 | AG30: -14.909212 | AH30: -23.030808 | AI30: -7.8976374 | AJ30: -13.058263 | AK30: -16.373019 | AL30: -9.5729013 | AM30: -24.37018 | AN30: -29.642546 | AO30: -16.79198
B31: Abril | C31: -15.140756 | D31: -27.715271 | E31: 11.312957 | F31: -40.587979 | G31: -42.884886 | H31: -33.364278 | I31: -13.330706 | J31: -26.066021 | K31: 22.213998 | L31: -5.0529388 | M31: -15.810076 | N31: 10.842703 | O31: -3.2125006 | P31: -28.894473 | Q31: 54.186007 | R31: 4.2259968 | S31: -23.866329 | T31: 20.109347 | U31: -15.689174 | V31: -30.251566 | W31: 25.25492 | X31: -2.4165765 | Y31: 4.6372151 | Z31: -15.639652 | AA31: -20.608989 | AB31: -31.503956 | AC31: 6.2356483 | AD31: -6.7939373 | AE31: -18.314587 | AF31: 6.2385955 | AG31: 7.0223987 | AH31: -12.983794 | AI31: 28.035512 | AJ31: -4.3525708 | AK31: -8.6289625 | AL31: 0.5399568 | AM31: -8.7628866 | AN31: -24.326923 | AO31: 22.851562
B32: Mayo | C32: -9.7631038 | D32: -21.380808 | E32: 15.131127 | F32: -34.703733 | G32: -36.251752 | H32: -29.692937 | I32: -7.3930935 | J32: -19.74913 | K32: 26.959955 | L32: -2.1640544 | M32: -11.233923 | N32: 11.216361 | O32: 3.1219497 | P32: -21.271933 | Q32: 57.342471 | R32: 4.8428369 | S32: -13.438181 | T32: 15.784867 | U32: -6.0182262 | V32: -20.442709 | W32: 34.200316 | X32: -0.20601355 | Y32: 2.2967305 | Z32: -5.3769054 | AA32: -21.239351 | AB32: -30.121665 | AC32: 2.5752547 | AD32: 6.1729371 | AE32: -10.459765 | AF32: 26.000578 | AG32: 4.6931031 | AH32: -8.6483583 | AI32: 19.060014 | AJ32: 3.840808 | AK32: 5.9331374 | AL32: 1.71092 | AM32: -0.35765379 | AN32: -17.510549 | AO32: 35.777778
B33: Junio | C33: 3.4815158 | D33: -14.693538 | E33: 44.882777 | F33: -22.166135 | G33: -27.315127 | H33: -4.9877671 | I33: 7.7341733 | J33: -11.28943 | K33: 63.807501 | L33: 7.545624 | M33: -8.2853269 | N33: 33.025013 | O33: 20.588354 | P33: -15.0244 | Q33: 107.19074 | R33: 27.199633 | S33: 1.6720696 | T33: 42.412657 | U33: 8.0168026 | V33: -13.551827 | W33: 67.64044 | X33: 10.895415 | Y33: 4.9609683 | Z33: 26.541968 | AA33: -15.297539 | AB33: -26.693773 | AC33: 15.730887 | AD33: 22.169518 | AE33: -6.5771678 | AF33: 63.850959 | AG33: 8.8817715 | AH33: -12.82827 | AI33: 33.864158 | AJ33: 6.2446372 | AK33: 6.5087654 | AL33: 5.9684026 | AM33: 2.7516293 | AN33: -18.855932 | AO33: 49.427918
B34: Julio | C34: 17.201273 | D34: -7.6549162 | E34: 75.675326 | F34: -11.801465 | G34: -20.95605 | H34: 22.302385 | I34: 19.556941 | J34: -6.0829555 | K34: 94.047215 | L34: 13.263431 | M34: -5.2752918 | N34: 43.768249 | O34: 35.097281 | P34: -7.3652077 | Q34: 137.80947 | R34: 44.719944 | S34: 0.73474603 | T34: 71.685344 | U34: 25.970834 | V34: -4.3475465 | W34: 110.07047 | X34: 34.197933 | Y34: 12.311795 | Z34: 128.28856 | AA34: 0.027031898 | AB34: -16.990339 | AC34: 47.212401 | AD34: 34.499535 | AE34: 2.0641101 | AF34: 79.47637 | AG34: 25.954429 | AH34: 5.0978887 | AI34: 46.102499 | AJ34: 22.13945 | AK34: 18.778947 | AL34: 25.625068 | AM34: 15.603382 | AN34: -5.6626506 | AO34: 53.078556
B35: Agosto | C35: 25.741992 | D35: -0.95401504 | E35: 88.205804 | F35: -3.8197223 | G35: -13.207803 | H35: 27.551175 | I35: 26.901841 | J35: -1.6982303 | K35: 111.74541 | L35: 17.791593 | M35: -1.0943431 | N35: 49.335986 | O35: 49.066018 | P35: 0.30332557 | Q35: 167.01866 | R35: 51.785493 | S35: 8.0463097 | T35: 78.734313 | U35: 33.59084 | V35: 3.3338349 | W35: 115.6114 | X35: 39.017392 | Y35: 14.811427 | Z35: 149.64347 | AA35: 14.410611 | AB35: -4.5895229 | AC35: 66.661688 | AD35: 42.957566 | AE35: 6.0014263 | AF35: 95.079304 | AG35: 32.548973 | AH35: 7.8401922 | AI35: 59.842389 | AJ35: 28.309232 | AK35: 25.246117 | AL35: 31.47771 | AM35: 27.740864 | AN35: 8.543923 | AO35: 70.509383
B36: Septiembre | C36: 28.656329 | D36: 3.653997 | E36: 81.927165 | F36: 6.3174577 | G36: -6.6242369 | H36: 49.980081 | I36: 29.349019 | J36: -0.27158946 | K36: 117.04496 | L36: 22.406015 | M36: 4.810586 | N36: 49.740145 | O36: 47.373694 | P36: 8.3867864 | Q36: 119.86561 | R36: 39.038376 | S36: 10.602659 | T36: 54.083307 | U36: 27.945309 | V36: 4.0497345 | W36: 83.874325 | X36: 44.431598 | Y36: 15.580012 | Z36: 181.64832 | AA36: 20.605848 | AB36: 5.5909307 | AC36: 54.65587 | AD36: 43.102804 | AE36: 6.350314 | AF36: 93.927697 | AG36: 34.962797 | AH36: 21.747664 | AI36: 47.712468 | AJ36: 39.902074 | AK36: 27.166996 | AL36: 53.977686 | AM36: 25.874695 | AN36: 8.2175926 | AO36: 67.671233
B37: Octubre | C37: 25.755171 | D37: 8.199421 | E37: 55.791056 | F37: 13.368157 | G37: 0.33749954 | H37: 53.13113 | I37: 27.550156 | J37: 0.84291992 | K37: 90.141286 | L37: 15.698756 | M37: 5.4417827 | N37: 28.804664 | O37: 32.718459 | P37: 10.943969 | Q37: 62.344432 | R37: 24.723279 | S37: 12.200604 | T37: 30.267925 | U37: 27.64821 | V37: 8.4332448 | W37: 65.9522 | X37: 34.393622 | Y37: 17.617766 | Z37: 82.241843 | AA37: 22.922937 | AB37: 9.2924643 | AC37: 50.215295 | AD37: 50.563297 | AE37: 29.371975 | AF37: 74.674894 | AG37: 22.297459 | AH37: 40.118017 | AI37: 8.5959712 | AJ37: 39.123656 | AK37: 37.701252 | AL37: 40.441176 | AM37: 19.637462 | AN37: 18.537201 | AO37: 21.280603
B39: Fuente: DANE, EMA
B40: (p): Cifra provisional
B41: Nota metodológica: Regiones: Bogotá DC, Cartagena, Región Central (Boyacá, Cundinamarca, Huila y Tolima), Región Costa Caribe (Atlántico, Cesar, La Guajira y Magdalena), Región Eje Cafetero (Caldas, Quindío y Risaralda), Antioquia, San Andrés y Providencia, Región Pacífico (Valle del Cauca, Cauca, Nariño y Chocó), Región Santanderes (Santander y Norte de Santander), Llanos Orinoquía (Meta, Casanare, Arauca y Vichada), Región Golfo Morrosquillo y Sabana (Bolívar, Córdoba y Sucre), Región Amazonía (Amazonas, Caquetá, Guainía, Putumayo, Guaviare y Vaupés).
B45: Variación anual = ((Valor mes año actual-valor mes año anterior)/(valor mes año anterior))*100
B46: 1 El resto del personal lo conforman las siguientes categorías de contratación: los Propietarios, Socios y Familiares sin remuneración, el Temporal Directo, Temporal contratado a través de Agencias y los Aprendices.
B47: ='1.1 V.A Ing.real'!B45 -> Actualizado el 15 de diciembre de 2021

Sheet 2.2 V.A.C Per.categ
L4: Inicio
A7: ENCUESTA MENSUAL DE ALOJAMIENTO - EMA
A10: 2.2 Variaciones año corrido del personal total y por categoría
A11: Total nacional y 12 regiones
A12: ='1.1 V.A Ing.real'!A12 -> Enero 2020 - octubre 2021
A14: Año | B14: Meses | C14: Total nacional | F14: Bogotá D.C. | I14: Cartagena | L14: Central | O14: Caribe | R14: Eje Cafetero | U14: Antioquia | X14: San Andrés y Providencia | AA14: Pacífico | AD14: Santanderes | AG14: Llanos Orinoquía | AJ14: Golfo de Morrosquillo y Sabana | AM14: Amazonía
C15: Total del personal | D15: Personal permanente | E15: Resto de personal | F15: Total del personal | G15: Personal permanente | H15: Resto de personal | I15: Total del personal | J15: Personal permanente | K15: Resto de personal | L15: Total del personal | M15: Personal permanente | N15: Resto de personal | O15: Total del personal | P15: Personal permanente | Q15: Resto de personal | R15: Total del personal | S15: Personal permanente | T15: Resto de personal | U15: Total del personal | V15: Personal permanente | W15: Resto de personal | X15: Total del personal | Y15: Personal permanente | Z15: Resto de personal | AA15: Total del personal | AB15: Personal permanente | AC15: Resto de personal | AD15: Total del personal | AE15: Personal permanente | AF15: Resto de personal | AG15: Total del personal | AH15: Personal permanente | AI15: Resto de personal | AJ15: Total del personal | AK15: Personal permanente | AL15: Resto de personal | AM15: Total del personal | AN15: Personal permanente | AO15: Resto de personal
A16: 2020(p) | B16: Enero | C16: 2.1770988 | D16: 1.0500609 | E16: 3.6622839 | F16: 1.3476145 | G16: 2.2650545 | H16: -0.44416244 | I16: 3.9930471 | J16: 2.2090602 | K16: 6.4614258 | L16: 2.0052343 | M16: 3.9928562 | N16: 0.066651357 | O16: 4.7674563 | P16: -0.94763238 | Q16: 12.224642 | R16: 4.1703674 | S16: 8.2823025 | T16: 2.362939 | U16: 4.0186164 | V16: 0.90153469 | W16: 8.8948853 | X16: -6.8581622 | Y16: -0.92100287 | Z16: -15.238006 | AA16: 1.9062285 | AB16: -0.087296466 | AC16: 5.0870553 | AD16: 2.4784314 | AE16: -1.0030316 | AF16: 5.5127871 | AG16: -8.2130078 | AH16: -14.400871 | AI16: -2.4307818 | AJ16: 6.0587337 | AK16: -3.5000699 | AL16: 16.424242 | AM16: 0.96618357 | AN16: 11.260054 | AO16: -11.146162
B17: Febrero | C17: 2.3047158 | D17: 0.67058447 | E17: 4.5116406 | F17: 1.6994358 | G17: 1.841269 | H17: 1.4245749 | I17: 4.0651423 | J17: 2.2651014 | K17: 6.6297796 | L17: 2.1903939 | M17: 4.135578 | N17: 0.23968424 | O17: 3.7849315 | P17: -2.1374369 | Q17: 11.741616 | R17: 5.3659489 | S17: 6.542424 | T17: 4.8290903 | U17: 3.9938695 | V17: -1.0236225 | W17: 12.460762 | X17: -5.5683278 | Y17: -0.53716107 | Z17: -12.841125 | AA17: 1.9542673 | AB17: 0.6195157 | AC17: 4.0624669 | AD17: 3.1540036 | AE17: -0.18312944 | AF17: 6.0814839 | AG17: -8.1870083 | AH17: -13.334223 | AI17: -3.3338925 | AJ17: 4.65078 | AK17: -3.5135704 | AL17: 13.550705 | AM17: 1.8070818 | AN17: 12.306994 | AO17: -10.406762
B18: Marzo | C18: -0.68434926 | D18: -0.52625334 | E18: -0.89781555 | F18: -0.99624669 | G18: 0.62371707 | H18: -4.0943767 | I18: 0.64648533 | J18: 2.1517263 | K18: -1.4908828 | L18: -0.42131353 | M18: 2.7262045 | N18: -3.5878746 | O18: 0.27656131 | P18: -3.5295019 | Q18: 5.4109713 | R18: 1.4234439 | S18: 4.8532789 | T18: -0.17003289 | U18: 0.55915673 | V18: -2.6957876 | W18: 6.0721566 | X18: -7.7087297 | Y18: -2.5936835 | Z18: -15.049746 | AA18: -0.78543224 | AB18: -0.11970758 | AC18: -1.8245768 | AD18: 0.72298819 | AE18: -3.0265612 | AF18: 4.0217271 | AG18: -9.4445621 | AH18: -14.299034 | AI18: -4.8587137 | AJ18: 2.0784543 | AK18: -3.7780484 | AL18: 8.4423517 | AM18: -0.48828125 | AN18: 9.2665258 | AO18: -11.903921
B19: Abril | C19: -6.6648919 | D19: -3.1293472 | E19: -11.438407 | F19: -7.0495416 | G19: -2.8553274 | H19: -15.073348 | I19: -5.7232235 | J19: -0.042317112 | K19: -13.829969 | L19: -5.7576093 | M19: 0.31335947 | N19: -11.865113 | O19: -5.9882667 | P19: -4.7314486 | Q19: -7.6726643 | R19: -6.2320724 | S19: -1.4935658 | T19: -8.4422111 | U19: -6.309519 | V19: -5.4407692 | W19: -7.776105 | X19: -10.774881 | Y19: -4.7651566 | Z19: -19.388353 | AA19: -5.910356 | AB19: -2.1962556 | AC19: -11.722273 | AD19: -5.7696626 | AE19: -5.9357463 | AF19: -5.6237853 | AG19: -15.306776 | AH19: -17.409426 | AI19: -13.349194 | AJ19: -2.1977822 | AK19: -5.3622322 | AL19: 1.1904986 | AM19: -5.9040137 | AN19: 5.6689342 | AO19: -19.561145
B20: Mayo | C20: -11.501304 | D20: -6.2591865 | E20: -18.609135 | F20: -12.509857 | G20: -6.803629 | H20: -23.380215 | I20: -10.919917 | J20: -3.1325429 | K20: -22.080144 | L20: -9.4733548 | M20: -2.1181904 | N20: -16.920544 | O20: -10.714759 | P20: -7.2154549 | Q20: -15.442308 | R20: -12.264468 | S20: -6.3659036 | T20: -15.020747 | U20: -12.10983 | V20: -9.5448761 | W20: -16.485107 | X20: -12.850936 | Y20: -6.1786719 | Z20: -22.511027 | AA20: -9.9276599 | AB20: -3.8849664 | AC20: -19.339687 | AD20: -11.292497 | AE20: -9.2106651 | AF20: -13.119641 | AG20: -18.404883 | AH20: -19.786498 | AI20: -17.098715 | AJ20: -6.4636497 | AK20: -8.9216818 | AL20: -3.858209 | AM20: -10.918919 | AN20: 1.9080502 | AO20: -26.027397
B21: Junio | C21: -15.927138 | D21: -9.4596917 | E21: -24.710867 | F21: -17.5032 | G21: -10.996838 | H21: -29.877094 | I21: -15.529985 | J21: -6.6555899 | K21: -28.364639 | L21: -13.346922 | M21: -4.3069847 | N21: -22.436227 | O21: -15.416921 | P21: -10.391978 | Q21: -22.259067 | R21: -17.905375 | S21: -11.041862 | T21: -21.092248 | U21: -17.120748 | V21: -13.215757 | W21: -23.751902 | X21: -15.102107 | Y21: -7.2721112 | Z21: -26.57743 | AA21: -13.338306 | AB21: -5.9090273 | AC21: -24.898369 | AD21: -16.298406 | AE21: -11.568745 | AF21: -20.417212 | AG21: -20.334591 | AH21: -20.861433 | AI21: -19.830831 | AJ21: -9.8599924 | AK21: -11.459972 | AL21: -8.1844451 | AM21: -14.44135 | AN21: -0.62187168 | AO21: -30.667854
B22: Julio | C22: -19.800616 | D22: -12.301542 | E22: -29.942094 | F22: -22.13732 | G22: -14.418892 | H22: -36.506817 | I22: -19.191193 | J22: -9.4470085 | K22: -33.294458 | L22: -16.289901 | M22: -5.8880024 | N22: -26.669273 | O22: -19.363046 | P22: -13.238322 | Q22: -27.714943 | R22: -22.365391 | S22: -15.29812 | T22: -25.662237 | U22: -21.567104 | V22: -16.680674 | W22: -29.794826 | X22: -18.200697 | Y22: -8.7133356 | Z22: -32.269036 | AA22: -16.655285 | AB22: -8.2880172 | AC22: -29.637023 | AD22: -20.228198 | AE22: -13.982392 | AF22: -25.645314 | AG22: -22.06715 | AH22: -22.622735 | AI22: -21.533987 | AJ22: -13.441335 | AK22: -14.57977 | AL22: -12.256903 | AM22: -17.554573 | AN22: -4.2666321 | AO22: -33.231334
B23: Agosto | C23: -22.981111 | D23: -14.81571 | E23: -33.994164 | F23: -25.713351 | G23: -17.508737 | H23: -40.82769 | I23: -22.148974 | J23: -11.841819 | K23: -37.110703 | L23: -18.631285 | M23: -7.262984 | N23: -29.922945 | O23: -22.866886 | P23: -15.967452 | Q23: -32.266585 | R23: -25.99815 | S23: -18.644543 | T23: -29.432172 | U23: -25.093297 | V23: -19.564368 | W23: -34.341146 | X23: -20.555199 | Y23: -9.6837266 | Z23: -36.808566 | AA23: -19.945487 | AB23: -11.048731 | AC23: -33.712269 | AD23: -23.528342 | AE23: -16.051216 | AF23: -29.977236 | AG23: -23.652193 | AH23: -23.540526 | AI23: -23.75914 | AJ23: -16.426528 | AK23: -17.212725 | AL23: -15.61319 | AM23: -20.639784 | AN23: -6.9770076 | AO23: -36.747229
B24: Septiembre | C24: -25.399346 | D24: -16.947133 | E24: -36.781751 | F24: -28.774861 | G24: -20.207644 | H24: -44.406124 | I24: -24.434649 | J24: -13.741436 | K24: -40.014728 | L24: -20.38301 | M24: -8.6808018 | N24: -32.007157 | O24: -25.334339 | P24: -18.372825 | Q24: -34.80612 | R24: -27.845342 | S24: -21.165323 | T24: -30.988806 | U24: -27.61431 | V24: -21.779083 | W24: -37.301813 | X24: -22.382609 | Y24: -10.40366 | Z24: -40.426392 | AA24: -22.69333 | AB24: -13.825835 | AC24: -36.381974 | AD24: -25.907772 | AE24: -17.50857 | AF24: -33.121744 | AG24: -24.785694 | AH24: -24.567089 | AI24: -24.994553 | AJ24: -18.928818 | AK24: -19.158373 | AL24: -18.692794 | AM24: -22.940217 | AN24: -8.6820926 | AO24: -39.692671
B25: Octubre | C25: -27.036295 | D25: -18.74367 | E25: -38.16964 | F25: -31.279733 | G25: -22.633395 | H25: -46.961562 | I25: -26.070175 | J25: -15.342002 | K25: -41.690771 | L25: -21.244672 | M25: -9.6698285 | N25: -32.704113 | O25: -26.654185 | P25: -20.172362 | Q25: -35.410791 | R25: -28.636812 | S25: -23.241288 | T25: -31.192919 | U25: -29.383704 | V25: -23.54797 | W25: -38.998101 | X25: -23.182967 | Y25: -11.025565 | Z25: -41.611046 | AA25: -24.761973 | AB25: -16.179741 | AC25: -37.993332 | AD25: -27.861315 | AE25: -19.216943 | AF25: -35.243274 | AG25: -24.905394 | AH25: -25.269499 | AI25: -24.559304 | AJ25: -20.615613 | AK25: -20.932955 | AL25: -20.291245 | AM25: -24.275876 | AN25: -10.751424 | AO25: -40.163586
B26: Noviembre | C26: -28.260734 | D26: -20.273181 | E26: -38.956103 | F26: -33.412116 | G26: -24.810119 | H26: -48.907991 | I26: -27.37815 | J26: -16.714593 | K26: -42.884515 | L26: -21.787012 | M26: -10.558693 | N26: -32.91122 | O26: -27.530108 | P26: -21.964928 | Q26: -35.024133 | R26: -28.986114 | S26: -24.417352 | T26: -31.154536 | U26: -30.560502 | V26: -24.795442 | W26: -39.995226 | X26: -23.689627 | Y26: -11.452794 | Z26: -42.350711 | AA26: -26.240042 | AB26: -18.097785 | AC26: -38.787305 | AD26: -29.170107 | AE26: -20.426096 | AF26: -36.595411 | AG26: -25.057073 | AH26: -25.890155 | AI26: -24.271974 | AJ26: -21.786947 | AK26: -22.544514 | AL26: -21.017351 | AM26: -25.244566 | AN26: -12.987437 | AO26: -39.785154
B27: Diciembre | C27: -29.092193 | D27: -21.435111 | E27: -39.281399 | F27: -35.077283 | G27: -26.70408 | H27: -50.117169 | I27: -28.275686 | J27: -17.800466 | K27: -43.424338 | L27: -22.36438 | M27: -11.428576 | N27: -33.151517 | O27: -27.767237 | P27: -23.19194 | Q27: -33.859283 | R27: -29.225144 | S27: -25.440049 | T27: -31.018932 | U27: -31.247658 | V27: -25.446655 | W27: -40.592349 | X27: -23.837899 | Y27: -11.620259 | Z27: -42.596725 | AA27: -27.433599 | AB27: -19.576993 | AC27: -39.479356 | AD27: -30.037606 | AE27: -21.153512 | AF27: -37.5371 | AG27: -25.161795 | AH27: -25.894333 | AI27: -24.48465 | AJ27: -22.791154 | AK27: -23.947714 | AL27: -21.622377 | AM27: -25.550231 | AN27: -14.520202 | AO27: -38.855044
A28: 2021(p) | B28: Enero | C28: -37.469315 | D28: -35.218167 | E28: -40.361074 | F28: -53.149096 | G28: -49.467861 | H28: -60.534264 | I28: -37.228732 | J28: -29.685621 | K28: -47.248734 | L28: -28.851783 | M28: -23.614355 | N28: -34.160416 | O28: -28.373298 | P28: -33.705219 | Q28: -22.232675 | R28: -32.815785 | S28: -36.33334 | T28: -31.180211 | U28: -40.114058 | V28: -37.803486 | W28: -43.463321 | X28: -22.357826 | Y28: -11.201922 | Z28: -40.763104 | AA28: -41.392969 | AB28: -38.578863 | AC28: -45.662008 | AD28: -37.998537 | AE28: -31.635855 | AF28: -43.201632 | AG28: -27.355072 | AH28: -31.967422 | AI28: -23.573843 | AJ28: -29.118262 | AK28: -36.885543 | AL28: -22.136908 | AM28: -27.416268 | AN28: -24.899598 | AO28: -31.12426
B29: Febrero | C29: -37.722353 | D29: -35.238475 | E29: -40.953591 | F29: -54.021808 | G29: -49.431975 | H29: -62.95307 | I29: -38.834652 | J29: -30.982323 | K29: -49.564437 | L29: -27.255416 | M29: -22.506031 | N29: -32.203405 | O29: -28.554674 | P29: -33.239232 | Q29: -23.042703 | R29: -32.669184 | S29: -38.819085 | T29: -29.816944 | U29: -39.965653 | V29: -37.913722 | W29: -43.013062 | X29: -22.496373 | Y29: -11.303208 | Z29: -40.96076 | AA29: -40.458582 | AB29: -38.138218 | AC29: -44.002271 | AD29: -37.073116 | AE29: -30.757882 | AF29: -42.285955 | AG29: -26.311521 | AH29: -30.422622 | AI29: -22.836319 | AJ29: -24.80165 | AK29: -27.489461 | AL29: -22.311991 | AM29: -29.311586 | AN29: -30.125354 | AO29: -28.125
B30: Marzo | C30: -35.449175 | D30: -34.420508 | E30: -36.843324 | F30: -53.032013 | G30: -48.761686 | H30: -61.60065 | I30: -36.589568 | J30: -31.335119 | K30: -44.326517 | L30: -24.788477 | M30: -21.391778 | N30: -28.429523 | O30: -25.668144 | P30: -32.271402 | Q30: -17.51582 | R30: -29.201221 | S30: -39.114322 | T30: -24.36392 | U30: -37.74524 | V30: -37.024033 | W30: -38.865799 | X30: -19.437333 | Y30: -8.5197205 | Z30: -37.403554 | AA30: -38.05269 | AB30: -37.082043 | AC30: -39.594105 | AD30: -33.860656 | AE30: -28.274993 | AF30: -38.441783 | AG30: -22.734863 | AH30: -28.085846 | AI30: -18.181547 | AJ30: -21.08785 | AK30: -23.818797 | AL30: -18.454714 | AM30: -27.739614 | AN30: -29.972376 | AO30: -24.498797
B31: Abril | C31: -31.316994 | D31: -32.86958 | E31: -29.024097 | F31: -50.449356 | G31: -47.413361 | H31: -57.092992 | I31: -31.983738 | J31: -30.102879 | K31: -35.097211 | L31: -20.681903 | M31: -20.094152 | N31: -21.354895 | O31: -21.148577 | P31: -31.462288 | Q31: -6.885725 | R31: -22.969313 | S31: -36.041528 | T31: -16.409423 | U31: -33.409186 | V31: -35.474522 | W31: -29.834284 | X31: -15.658234 | Y31: -5.4896613 | Z31: -32.876194 | AA31: -34.377115 | AB31: -35.763755 | AC31: -31.973118 | AD31: -28.395206 | AE31: -25.987988 | AF31: -30.502563 | AG31: -16.825391 | AH31: -24.818141 | AI31: -9.7327639 | AJ31: -17.379294 | AK31: -20.229022 | AL31: -14.525587 | AM31: -23.89773 | AN31: -28.712446 | AO31: -16.433799
B32: Mayo | C32: -27.948826 | D32: -30.861682 | E32: -23.39997 | F32: -47.97808 | G32: -45.497425 | H32: -53.72611 | I32: -28.232786 | J32: -28.289381 | K32: -28.131956 | L32: -17.651161 | M32: -18.505371 | N32: -16.632163 | O32: -17.414118 | P32: -29.65136 | Q32: 0.72685155 | R32: -19.009398 | S32: -32.496056 | T32: -12.065517 | U32: -29.389253 | V32: -32.97193 | W32: -22.770093 | X32: -12.902609 | Y32: -4.0201987 | Z32: -28.473035 | AA32: -32.190558 | AB32: -34.711323 | AC32: -27.511953 | AD32: -23.187986 | AE32: -23.328992 | AF32: -23.058662 | AG32: -13.455184 | AH32: -22.069532 | AI32: -5.5752767 | AJ32: -13.83146 | AK32: -15.825114 | AL32: -11.829543 | AM32: -20.26699 | AN32: -26.81883 | AO32: -9.6354167
B33: Junio | C33: -24.037097 | D33: -28.607141 | E33: -16.57302 | F33: -44.866296 | G33: -43.112279 | H33: -49.100265 | I33: -23.887221 | J33: -25.941937 | K33: -20.015019 | L33: -14.300593 | M33: -16.99143 | N33: -10.962688 | O33: -12.760085 | P33: -27.573267 | Q33: 10.489043 | R33: -13.880253 | S33: -28.374373 | T33: -6.2931488 | U33: -24.92599 | V33: -30.389887 | W33: -14.365512 | X33: -9.5374027 | Y33: -2.6019603 | Z33: -22.374249 | AA33: -29.892121 | AB33: -33.504239 | AC33: -22.850474 | AD33: -17.832917 | AE33: -20.94887 | AF33: -14.817697 | AG33: -10.401966 | AH33: -20.677654 | AI33: -0.70277541 | AJ33: -11.025154 | AK33: -12.648861 | AL33: -9.385421 | AM33: -17.223552 | AN33: -25.671551 | AO33: -3.0053943
B34: Julio | C34: -19.780864 | D34: -26.193323 | E34: -8.9252859 | F34: -41.624464 | G34: -40.717213 | H34: -43.901088 | I34: -19.388556 | J34: -23.633479 | K34: -11.048195 | L34: -11.131533 | M34: -15.499347 | N34: -5.5380598 | O34: -7.8474946 | P34: -25.20895 | Q34: 20.568581 | R34: -8.3193583 | S34: -25.349401 | T34: 0.73267758 | U34: -19.933883 | V34: -27.572893 | W34: -4.6687137 | X34: -4.8758845 | Y34: -0.667086 | Z34: -13.287426 | AA34: -26.59046 | AB34: -31.502611 | AC34: -16.65695 | AD34: -12.521857 | AE34: -18.239531 | AF34: -6.784947 | AG34: -6.3685711 | AH34: -17.78782 | AI34: 4.4377831 | AJ34: -7.3577347 | AK34: -9.1324524 | AL34: -5.5601947 | AM34: -13.587604 | AN34: -23.421837 | AO34: 3.0476627
B35: Agosto | C35: -15.686631 | D35: -23.689386 | E35: -1.7567668 | F35: -38.375059 | G35: -38.188699 | H35: -38.853658 | I35: -15.157966 | J35: -21.397347 | K35: -2.4618653 | L35: -8.2347531 | M35: -13.910362 | N35: -0.77452596 | O35: -2.9008708 | P35: -22.711949 | Q35: 30.584346 | R35: -3.2146476 | S35: -22.259638 | T35: 7.0386442 | U35: -15.294499 | V35: -24.660836 | W35: 3.8976948 | X35: -0.68616669 | Y35: 1.1124375 | Z35: -4.5294141 | AA35: -22.867888 | AB35: -28.847741 | AC35: -10.451074 | AD35: -7.5711921 | AE35: -15.749766 | AF35: 0.88555382 | AG35: -2.6328932 | AH35: -15.152404 | AI35: 9.3918513 | AJ35: -3.9231124 | AK35: -5.7906601 | AL35: -2.0277124 | AM35: -9.7451737 | AN35: -20.187508 | AO35: 8.3597213
B36: Septiembre | C36: -12.015355 | D36: -21.27782 | E36: 4.3717528 | F36: -34.984557 | G36: -35.636269 | H36: -33.277907 | I36: -11.44637 | J36: -19.451851 | K36: 5.3264636 | L36: -5.4757379 | M36: -12.116105 | N36: 3.3832519 | O36: 1.2881692 | P36: -20.037802 | Q36: 37.618113 | R36: 0.45092415 | S36: -19.438138 | T36: 11.142529 | U36: -11.722487 | V36: -22.19674 | W36: 9.9717832 | X36: 3.2189407 | Y36: 2.6038329 | Z36: 4.612407 | AA36: -19.36763 | AB36: -26.003215 | AC36: -5.4925459 | AD36: -3.3043392 | AE36: -13.650433 | AF36: 7.6563217 | AG36: 0.72696202 | AH36: -11.847878 | AI36: 12.809669 | AJ36: -0.19502729 | AK36: -2.8789671 | AL36: 2.5487554 | AM36: -6.6577333 | AN36: -17.48375 | AO36: 12.602901
B37: Octubre | C37: -8.9486925 | D37: -18.911267 | E37: 8.6289493 | F37: -31.644246 | G37: -33.057021 | H37: -27.906584 | I37: -8.2745055 | J37: -17.74751 | K37: 11.751311 | L37: -3.560961 | M37: -10.555199 | N37: 5.733689 | O37: 4.0334265 | P37: -17.543937 | Q37: 40.060607 | R37: 2.6426479 | S37: -16.902443 | T37: 12.972109 | U37: -8.5439242 | V37: -19.752389 | W37: 14.599009 | X37: 5.9640096 | Y37: 4.0064679 | Z37: 10.485534 | AA37: -16.151603 | AB37: -23.354201 | AC37: -1.1407997 | AD37: 0.89370584 | AE37: -10.190847 | AF37: 12.702124 | AG37: 2.70118 | AH37: -7.5849695 | AI37: 12.386358 | AJ37: 3.0892695 | AK37: 0.35858919 | AL37: 5.8579336 | AM37: -4.4120493 | AN37: -14.589666 | AO37: 13.420912
B39: Fuente: DANE, EMA
B40: (p): Cifra provisional
B41: Nota metodológica: Regiones: Bogotá DC, Cartagena, Región Central (Boyacá, Cundinamarca, Huila y Tolima), Región Costa Caribe (Atlántico, Cesar, La Guajira y Magdalena), Región Eje Cafetero (Caldas, Quindío y Risaralda), Antioquia, San Andrés y Providencia, Región Pacífico (Valle del Cauca, Cauca, Nariño y Chocó), Región Santanderes (Santander y Norte de Santander), Llanos Orinoquía (Meta, Casanare, Arauca y Vichada), Región Golfo Morrosquillo y Sabana (Bolívar, Córdoba y Sucre), Región Amazonía (Amazonas, Caquetá, Guainía, Putumayo, Guaviare y Vaupés).
B45: Variación año corrido=((valor de los meses transcurridos del año de referencia-valor de los mismos meses transcurridos del año anterior)/(valor de los meses transcurridos del año anterior))*100
B46: 1 El resto del personal lo conforman las siguientes categorías de contratación: los Propietarios, Socios y Familiares sin remuneración, el Temporal Directo, Temporal contratado a través de Agencias y los Aprendices.
B47: ='1.1 V.A Ing.real'!B45 -> Actualizado el 15 de diciembre de 2021

Sheet 2.3 V.12Meses Per.categ
L4: Inicio
A7: ENCUESTA MENSUAL DE ALOJAMIENTO - EMA
A10: 2.3 Variaciones 12 meses del personal total y por categoría
A11: Total nacional y 12 regiones
A12: ='1.3 V.12Meses Ing.real'!A12 -> Diciembre 2020 - octubre 2021
A14: Año | B14: Meses | C14: Total nacional | F14: Bogotá D.C. | I14: Cartagena | L14: Central | O14: Caribe | R14: Eje Cafetero | U14: Antioquia | X14: San Andrés y Providencia | AA14: Pacífico | AD14: Santanderes | AG14: Llanos Orinoquía | AJ14: Golfo de Morrosquillo y Sabana | AM14: Amazonía
C15: Total del personal | D15: Personal permanente | E15: Resto de personal | F15: Total del personal | G15: Personal permanente | H15: Resto de personal | I15: Total del personal | J15: Personal permanente | K15: Resto de personal | L15: Total del personal | M15: Personal permanente | N15: Resto de personal | O15: Total del personal | P15: Personal permanente | Q15: Resto de personal | R15: Total del personal | S15: Personal permanente | T15: Resto de personal | U15: Total del personal | V15: Personal permanente | W15: Resto de personal | X15: Total del personal | Y15: Personal permanente | Z15: Resto de personal | AA15: Total del personal | AB15: Personal permanente | AC15: Resto de personal | AD15: Total del personal | AE15: Personal permanente | AF15: Resto de personal | AG15: Total del personal | AH15: Personal permanente | AI15: Resto de personal | AJ15: Total del personal | AK15: Personal permanente | AL15: Resto de personal | AM15: Total del personal | AN15: Personal permanente | AO15: Resto de personal
A16: 2020(p) | B16: Diciembre | C16: -29.092193 | D16: -21.435111 | E16: -39.281399 | F16: -35.077283 | G16: -26.70408 | H16: -50.117169 | I16: -28.275686 | J16: -17.800466 | K16: -43.424338 | L16: -22.36438 | M16: -11.428576 | N16: -33.151517 | O16: -27.767237 | P16: -23.19194 | Q16: -33.859283 | R16: -29.225144 | S16: -25.440049 | T16: -31.018932 | U16: -31.247658 | V16: -25.446655 | W16: -40.592349 | X16: -23.837899 | Y16: -11.620259 | Z16: -42.596725 | AA16: -27.433599 | AB16: -19.576993 | AC16: -39.479356 | AD16: -30.037606 | AE16: -21.153512 | AF16: -37.5371 | AG16: -25.161795 | AH16: -25.894333 | AI16: -24.48465 | AJ16: -22.791154 | AK16: -23.947714 | AL16: -21.622377 | AM16: -25.550231 | AN16: -14.520202 | AO16: -38.855044
A17: 2021(p) | B17: Enero | C17: -32.389648 | D17: -24.439959 | E17: -42.945155 | F17: -39.37084 | G17: -30.920109 | H17: -54.582797 | I17: -31.75252 | J17: -20.444704 | K17: -48.044348 | L17: -25.011469 | M17: -13.810857 | N17: -36.096713 | O17: -30.518599 | P17: -25.890077 | Q17: -36.613923 | R17: -32.410225 | S17: -29.135747 | T17: -33.969286 | U17: -34.893073 | V17: -28.599534 | W17: -44.963632 | X17: -25.197935 | Y17: -12.482332 | Z17: -44.980925 | AA17: -31.014179 | AB17: -22.794048 | AC17: -43.565081 | AD17: -33.402201 | AE17: -23.730072 | AF17: -41.523441 | AG17: -26.937305 | AH17: -27.475371 | AI17: -26.445514 | AJ17: -25.669974 | AK17: -26.729051 | AL17: -24.616441 | AM17: -27.935568 | AN17: -17.593819 | AO17: -40.647612
B18: Febrero | C18: -35.674032 | D18: -27.378949 | E18: -46.643853 | F18: -43.946854 | G18: -35.102143 | H18: -59.847112 | I18: -35.423514 | J18: -23.317199 | K18: -52.803371 | L18: -27.265837 | M18: -15.945718 | N18: -38.505125 | O18: -33.044407 | P18: -28.296138 | Q18: -39.226059 | R18: -35.578644 | S18: -32.917899 | T18: -36.842716 | U18: -38.379261 | V18: -31.517711 | W18: -49.201478 | X18: -26.778364 | Y18: -13.422167 | Z18: -47.745018 | AA18: -34.389066 | AB18: -26.001908 | AC18: -47.178006 | AD18: -36.627314 | AE18: -26.263481 | AF18: -45.288515 | AG18: -28.478546 | AH18: -28.988005 | AI18: -28.016342 | AJ18: -27.532429 | AK18: -27.972897 | AL18: -27.099066 | AM18: -30.720648 | AN18: -21.63087 | AO18: -42.106703
B19: Marzo | C19: -37.668995 | D19: -29.839729 | E19: -48.096613 | F19: -47.552548 | G19: -38.834997 | H19: -63.384264 | I19: -37.564531 | J19: -26.120711 | K19: -54.264895 | L19: -28.408019 | M19: -17.492629 | N19: -39.34481 | O19: -34.143391 | P19: -30.284125 | Q19: -39.170758 | R19: -36.80996 | S19: -36.255514 | T19: -37.075957 | U19: -40.596537 | V19: -33.96812 | W19: -51.052214 | X19: -27.00704 | Y19: -13.134723 | Z19: -49.057386 | AA19: -36.603115 | AB19: -28.736015 | AC19: -48.715186 | AD19: -38.501886 | AE19: -27.471783 | AF19: -47.653879 | AG19: -28.875106 | AH19: -29.689022 | AI19: -28.142432 | AJ19: -28.37032 | AK19: -29.03061 | AL19: -27.722166 | AM19: -32.354854 | AN19: -24.304698 | AO19: -42.595843
B20: Abril | C20: -37.345774 | D20: -31.276962 | E20: -45.647964 | F20: -49.044935 | G20: -41.341144 | H20: -63.423188 | I20: -37.094669 | J20: -27.729663 | K20: -51.293227 | L20: -27.428614 | M20: -18.246581 | N20: -36.861844 | O20: -32.97993 | P20: -32.005653 | Q20: -34.289863 | R20: -35.003759 | S20: -36.736736 | T20: -34.16292 | U20: -40.227867 | V20: -35.417432 | W20: -48.029089 | X20: -25.886288 | Y20: -11.964126 | Z20: -48.485621 | AA20: -36.841739 | AB20: -30.666078 | AC20: -46.613339 | AD20: -37.636491 | AE20: -27.91326 | AF20: -45.829467 | AG20: -26.217722 | AH20: -28.79886 | AI20: -23.869079 | AJ20: -27.800263 | AK20: -29.077687 | AL20: -26.537236 | AM20: -31.654587 | AN20: -25.834913 | AO20: -39.305915
B21: Mayo | C21: -36.258584 | D21: -31.668494 | E21: -42.695884 | F21: -49.576603 | G21: -42.681819 | H21: -62.823124 | I21: -35.799247 | J21: -28.194922 | K21: -47.754578 | L21: -26.058842 | M21: -18.261272 | N21: -34.245303 | O21: -31.105421 | P21: -32.504921 | Q21: -29.176529 | R21: -32.693844 | S21: -36.193897 | T21: -30.971171 | U21: -38.75171 | V21: -35.294245 | W21: -44.470623 | X21: -24.495209 | Y21: -10.898273 | Z21: -47.080145 | AA21: -36.795598 | AB21: -32.31973 | AC21: -44.126068 | AD21: -35.489159 | AE21: -27.219873 | AF21: -42.574918 | AG21: -23.824926 | AH21: -27.376669 | AI21: -20.590149 | AJ21: -26.122159 | AK21: -27.258006 | AL21: -24.999849 | AM21: -29.84478 | AN21: -26.265753 | AO21: -34.727529
B22: Junio | C22: -33.883676 | D22: -31.116058 | E22: -37.875156 | F22: -48.831075 | G22: -42.746214 | H22: -60.856695 | I22: -33.149172 | J22: -27.445866 | K22: -42.434057 | L22: -23.44269 | M22: -17.79852 | N22: -29.564918 | O22: -27.584639 | P22: -31.946835 | Q22: -21.408632 | R22: -28.53118 | S22: -34.216842 | T22: -25.68256 | U22: -36.009088 | V22: -34.302538 | W22: -38.902622 | X22: -21.957105 | Y22: -9.5355218 | Z22: -43.310298 | AA22: -36.046644 | AB22: -33.331099 | AC22: -40.650639 | AD22: -31.9271 | AE22: -26.159619 | AF22: -37.018578 | AG22: -21.118117 | AH22: -26.434108 | AI22: -16.253179 | AJ22: -23.994269 | AK22: -25.267901 | AL22: -22.731099 | AM22: -27.677908 | AN22: -26.789838 | AO22: -28.940678
B23: Julio | C23: -30.284357 | D23: -29.787891 | E23: -31.024758 | F23: -46.981711 | G23: -42.162292 | H23: -56.960026 | I23: -29.517926 | J23: -26.172489 | K23: -35.184663 | L23: -20.231668 | M23: -17.091919 | N23: -23.766069 | O23: -22.814014 | P23: -30.553499 | Q23: -11.527451 | R23: -23.000399 | S23: -31.751844 | T23: -18.552566 | U23: -31.777202 | V23: -32.273025 | W23: -30.912238 | X23: -17.283542 | Y23: -7.2557261 | Z23: -35.440001 | AA23: -33.894787 | AB23: -33.170624 | AC23: -35.168686 | AD23: -27.324057 | AE23: -24.121682 | AF23: -30.230353 | AG23: -17.178646 | AH23: -23.765333 | AI23: -11.170162 | AJ23: -20.286223 | AK23: -21.846362 | AL23: -18.736102 | AM23: -24.348023 | AN23: -25.542444 | AO23: -22.602892
B24: Agosto | C24: -25.801167 | D24: -27.745146 | E24: -22.798988 | F24: -44.473479 | G24: -40.785325 | H24: -52.437666 | I24: -25.102169 | J24: -24.37726 | K24: -26.382218 | L24: -16.488302 | M24: -15.951877 | N24: -17.116015 | O24: -16.705152 | P24: -28.263023 | Q24: 0.69849186 | R24: -16.389012 | S24: -28.587812 | T24: -10.078038 | U24: -26.670472 | V24: -29.485172 | W24: -21.610557 | X24: -12.012281 | Y24: -4.8003777 | Z24: -25.862649 | AA24: -30.364406 | AB24: -31.633338 | AC24: -28.046465 | AD24: -21.706267 | AE24: -21.576425 | AF24: -21.827958 | AG24: -12.511964 | AH24: -21.070897 | AI24: -4.6396845 | AJ24: -15.822659 | AK24: -17.68229 | AL24: -13.970807 | AM24: -19.69141 | AN24: -23.326588 | AO24: -14.137931
B25: Septiembre | C25: -20.774758 | D25: -25.174184 | E25: -13.751408 | F25: -40.993542 | G25: -38.735658 | H25: -46.111738 | I25: -20.192552 | J25: -22.366463 | K25: -16.181149 | L25: -12.294132 | M25: -14.127344 | N25: -10.076167 | O25: -10.177371 | P25: -25.139789 | Q25: 12.885389 | R25: -10.405272 | S25: -25.038484 | T25: -2.7990487 | U25: -21.423638 | V25: -26.458875 | W25: -12.104279 | X25: -6.0679803 | Y25: -2.2466256 | Z25: -13.895984 | AA25: -26.088259 | AB25: -29.011732 | AC25: -20.578748 | AD25: -15.604177 | AE25: -18.955588 | AF25: -12.352508 | AG25: -7.4327315 | AH25: -17.125065 | AI25: 1.4942205 | AJ25: -10.266427 | AK25: -13.212953 | AL25: -7.3091511 | AM25: -14.77579 | AN25: -21.260217 | AO25: -4.3054844
B26: Octubre | C26: -15.576368 | D26: -22.06713 | E26: -4.9353479 | F26: -36.689015 | G26: -35.922738 | H26: -38.511889 | I26: -14.974249 | J26: -20.099618 | K26: -5.1140236 | L26: -8.6103948 | M26: -12.30324 | N26: -4.0188588 | O26: -4.1960061 | P26: -21.702356 | Q26: 23.14173 | R26: -5.1942407 | S26: -20.978891 | T26: 2.9506257 | U26: -15.717332 | V26: -22.890753 | W26: -2.0930943 | X26: -0.74327427 | Y26: 0.58348635 | Z26: -3.593894 | AA26: -21.348426 | AB26: -25.893442 | AC26: -12.55089 | AD26: -8.3639751 | AE26: -14.289204 | AF26: -2.44493 | AG26: -3.4689824 | AH26: -11.882346 | AI26: 4.1942449 | AJ26: -4.413097 | AK26: -7.5733926 | AL26: -1.2472959 | AM26: -10.205535 | AN26: -17.971487 | AO26: 2.7096599
B28: Fuente: DANE, EMA
B29: (p): Cifra provisional
B30: Nota metodológica: Regiones: Bogotá DC, Cartagena, Región Central (Boyacá, Cundinamarca, Huila y Tolima), Región Costa Caribe (Atlántico, Cesar, La Guajira y Magdalena), Región Eje Cafetero (Caldas, Quindío y Risaralda), Antioquia, San Andrés y Providencia, Región Pacífico (Valle del Cauca, Cauca, Nariño y Chocó), Región Santanderes (Santander y Norte de Santander), Llanos Orinoquía (Meta, Casanare, Arauca y Vichada), Región Golfo Morrosquillo y Sabana (Bolívar, Córdoba y Sucre), Región Amazonía (Amazonas, Caquetá, Guainía, Putumayo, Guaviare y Vaupés).
B34: 1 El resto del personal lo conforman las siguientes categorías de contratación: los Propietarios, Socios y Familiares sin remuneración, el Temporal Directo, Temporal contratado a través de Agencias y los Aprendices.
B35: ='1.1 V.A Ing.real'!B45 -> Actualizado el 15 de diciembre de 2021

Sheet 3.1 V.A Salarios
O3: Inicio
A7: ENCUESTA MENSUAL DE ALOJAMIENTO - EMA
A10: 3.1 Total variaciones de salarios por región
A11: Total nacional y 12 regiones
A12: ='1.1 V.A Ing.real'!A12 -> Enero 2020 - octubre 2021
A14: Año | B14: Meses | C14: TOTAL NACIONAL | D14: Bogotá D.C. | E14: Cartagena | F14: Central | G14: Caribe | H14: Eje Cafetero | I14: Antioquia | J14: San Andrés y Providencia | K14: Pacífico | L14: Santanderes | M14: Llanos Orinoquía | N14: Golfo de Morrosquillo y Sabana | O14: Amazonía*
A15: 2020 (p) | B15: Enero | C15: 2.4118129 | D15: 4.1900928 | E15: 0.66011114 | F15: 2.1534004 | G15: 1.1936767 | H15: 5.2961596 | I15: 4.0671728 | J15: 3.4091139 | K15: 0.94197684 | L15: -0.16992225 | M15: 2.5284915 | N15: 2.9806049 | O15: -4.094513
B16: Febrero | C16: 1.7235125 | D16: 3.4512459 | E16: -1.5156621 | F16: -1.1007849 | G16: 4.4451728 | H16: 3.6977233 | I16: 1.9542967 | J16: 2.4594225 | K16: 3.3475223 | L16: -1.9871009 | M16: -0.064341728 | N16: 2.3312691 | O16: -6.3223893
B17: Marzo | C17: -6.3896803 | D17: -3.9696922 | E17: -11.094363 | F17: -7.7104929 | G17: -6.595905 | H17: -11.2019 | I17: -5.9478797 | J17: -2.4083608 | K17: -5.3700487 | L17: -5.0857502 | M17: -5.5628984 | N17: -3.3977228 | O17: -3.4832589
B18: Abril | C18: -35.903745 | D18: -36.963687 | E18: -31.912269 | F18: -41.926715 | G18: -40.369689 | H18: -39.51238 | I18: -38.595134 | J18: -12.460966 | K18: -45.31738 | L18: -41.917008 | M18: -43.692727 | N18: -36.739321 | O18: -35.244369
B19: Mayo | C19: -36.495478 | D19: -41.349646 | E19: -40.615526 | F19: -30.667274 | G19: -31.908864 | H19: -31.038049 | I19: -35.405942 | J19: -12.835773 | K19: -45.778934 | L19: -47.753537 | M19: -35.19304 | N19: -47.635977 | O19: -51.354547
B20: Junio | C20: -34.881175 | D20: -40.124432 | E20: -35.302 | F20: -30.039132 | G20: -31.353597 | H20: -25.399985 | I20: -30.675572 | J20: -27.288731 | K20: -42.234359 | L20: -41.30615 | M20: -32.554967 | N20: -45.681897 | O20: -47.372119
B21: Julio | C21: -36.539677 | D21: -42.647036 | E21: -37.753372 | F21: -31.329589 | G21: -35.506036 | H21: -27.59826 | I21: -26.297238 | J21: -37.994436 | K21: -39.036967 | L21: -36.283819 | M21: -20.267332 | N21: -40.638747 | O21: -44.657304
B22: Agosto | C22: -36.533795 | D22: -42.342023 | E22: -43.1806 | F22: -27.570894 | G22: -34.481505 | H22: -19.76441 | I22: -31.129912 | J22: -39.189914 | K22: -30.498248 | L22: -34.70576 | M22: -16.173265 | N22: -34.051847 | O22: -42.568424
B23: Septiembre | C23: -29.850556 | D23: -37.612442 | E23: -38.333736 | F23: -20.759137 | G23: -19.236931 | H23: -12.120875 | I23: -22.489542 | J23: -37.709128 | K23: -24.821379 | L23: -27.778404 | M23: -9.2175624 | N23: -24.835201 | O23: -35.084813
B24: Octubre | C24: -20.565247 | D24: -31.515257 | E24: -26.065123 | F24: -12.578307 | G24: -7.3421734 | H24: -4.6931865 | I24: -17.828472 | J24: -19.220533 | K24: -19.045235 | L24: -15.482567 | M24: -1.8095745 | N24: -13.643958 | O24: -37.935862
B25: Noviembre | C25: -14.896877 | D25: -21.284184 | E25: -18.475609 | F25: -4.8966727 | G25: -0.4154349 | H25: -3.4899431 | I25: -15.68322 | J25: -21.841296 | K25: -13.897151 | L25: -13.545746 | M25: -4.9624416 | N25: -7.1286523 | O25: -35.321311
B26: Diciembre | C26: -11.333386 | D26: -12.23979 | E26: -14.072091 | F26: -4.3081474 | G26: -8.0135644 | H26: -2.2976809 | I26: -12.697942 | J26: -8.8650963 | K26: -12.81827 | L26: -12.402304 | M26: -6.1001426 | N26: -6.2761516 | O26: -32.550226
A27: 2021(p) | B27: Enero | C27: -5.9258878 | D27: -9.3469125 | E27: -9.2873925 | F27: -3.7007103 | G27: 4.754445 | H27: -0.94657746 | I27: -4.7607441 | J27: -3.1746506 | K27: -8.155971 | L27: -9.128519 | M27: -6.03918 | N27: -4.2417277 | O27: -22.406535
B28: Febrero | C28: -6.3929591 | D28: -8.6868055 | E28: -10.604126 | F28: -0.71844724 | G28: 1.2112775 | H28: 2.5615784 | I28: -3.788936 | J28: -1.0135881 | K28: -7.4342544 | L28: -7.721444 | M28: -2.8011121 | N28: -5.2784621 | O28: -27.67467
B29: Marzo | C29: 3.1040943 | D29: -0.8423683 | E29: 4.1652568 | F29: 8.0202951 | G29: 12.163138 | H29: 15.525548 | I29: 6.9172746 | J29: 6.6356305 | K29: -0.44348283 | L29: -3.7126908 | M29: 3.1915686 | N29: -0.10686796 | O29: -32.363601
B30: Abril | C30: 52.031387 | D30: 55.314629 | E30: 39.106465 | F30: 74.298258 | G30: 71.910547 | H30: 70.428738 | I30: 64.172773 | J30: 19.545492 | K30: 75.854048 | L30: 56.13173 | M30: 74.847343 | N30: 49.332695 | O30: -8.3173969
B31: Mayo | C31: 51.634119 | D31: 66.278307 | E31: 57.921318 | F31: 44.286563 | G31: 49.029403 | H31: 52.623656 | I31: 54.375595 | J31: 16.287288 | K31: 70.099575 | L31: 73.345408 | M31: 50.507245 | N31: 88.084574 | O31: 23.012504
B32: Junio | C32: 52.104188 | D32: 67.107636 | E32: 52.444816 | F32: 44.606172 | G32: 51.254284 | H32: 44.005007 | I32: 46.8512 | J32: 40.103266 | K32: 60.595825 | L32: 64.829573 | M32: 50.480225 | N32: 77.589526 | O32: 19.619836
B33: Julio | C33: 53.312966 | D33: 68.761202 | E33: 57.460364 | F33: 44.936172 | G33: 58.223463 | H33: 43.348401 | I33: 32.600117 | J33: 63.538122 | K33: 56.5296 | L33: 48.56814 | M33: 32.445821 | N33: 71.345797 | O33: 26.844129
B34: Agosto | C34: 57.128875 | D34: 77.779626 | E34: 75.386955 | F34: 42.330433 | G34: 58.879359 | H34: 34.218228 | I34: 43.639025 | J34: 66.823253 | K34: 36.574524 | L34: 46.753853 | M34: 25.089468 | N34: 51.410623 | O34: 53.948334
B35: Septiembre | C35: 42.736817 | D35: 69.272418 | E35: 62.448596 | F35: 25.448851 | G35: 26.938736 | H35: 17.664209 | I35: 30.387225 | J35: 62.536562 | K35: 27.524466 | L35: 33.230377 | M35: 19.269984 | N35: 32.902472 | O35: 42.001961
B36: Octubre | C36: 26.139821 | D36: 50.586141 | E36: 38.197114 | F36: 18.13167 | G36: 10.375244 | H36: 11.080697 | I36: 19.644955 | J36: 27.523262 | K36: 18.178741 | L36: 18.967666 | M36: 3.4009713 | N36: 12.795401 | O36: 46.988623
B38: Fuente: DANE, EMA
B39: (p): Cifra provisional
B40: * Ajuste de información histórica de algunas fuentes.
B41: ='1.1 V.A Ing.real'!B45 -> Actualizado el 15 de diciembre de 2021

Sheet 3.2 V.A.C Salarios
L3: Inicio
A7: ENCUESTA MENSUAL DE ALOJAMIENTO - EMA
A10: 3.2 Total variaciones salarios año corrido
A11: Total nacional y 12 regiones
A12: ='1.1 V.A Ing.real'!A12 -> Enero 2020 - octubre 2021
A14: Año | B14: Meses | C14: TOTAL NACIONAL | D14: Bogotá D.C. | E14: Cartagena | F14: Central | G14: Caribe | H14: Eje Cafetero | I14: Antioquia | J14: San Andrés y Providencia | K14: Pacífico | L14: Santanderes | M14: Llanos Orinoquía | N14: Golfo de Morrosquillo y Sabana | O14: Amazonía*
A15: 2020 (p) | B15: Enero | C15: 2.4118129 | D15: 4.1900928 | E15: 0.66011114 | F15: 2.1534004 | G15: 1.1936767 | H15: 5.2961596 | I15: 4.0671728 | J15: 3.4091139 | K15: 0.94197684 | L15: -0.16992225 | M15: 2.5284915 | N15: 2.9806049 | O15: -4.094513
B16: Febrero | C16: 2.0682702 | D16: 3.8120632 | E16: -0.42768275 | F16: 0.54660078 | G16: 2.778431 | H16: 4.5189652 | I16: 3.0101083 | J16: 2.9414894 | K16: 2.1187496 | L16: -1.0777403 | M16: 1.2225918 | N16: 2.6561218 | O16: -5.2061743
B17: Marzo | C17: -0.75097564 | D17: 1.1567152 | E17: -3.9343552 | F17: -2.1417633 | G17: -0.32332006 | H17: -0.80380023 | I17: 0.044359409 | J17: 1.1599898 | K17: -0.36286969 | L17: -2.407947 | M17: -1.0445153 | N17: 0.6328111 | O17: -4.6380387
B18: Abril | C18: -9.60757 | D18: -8.5532039 | E18: -10.913316 | F18: -12.07342 | G18: -10.352603 | H18: -10.680081 | I18: -9.7519607 | J18: -2.2451344 | K18: -11.569438 | L18: -12.416457 | M18: -11.669386 | N18: -8.9790673 | O18: -12.618317
B19: Mayo | C19: -14.971482 | D19: -15.213265 | E19: -16.767489 | F19: -15.667259 | G19: -14.588376 | H19: -14.670806 | I19: -14.95084 | J19: -4.3617917 | K19: -18.354093 | L19: -19.517 | M19: -16.376288 | N19: -16.61517 | O19: -20.50739
B20: Junio | C20: -18.301278 | D20: -19.466667 | E20: -19.77444 | F20: -18.061998 | G20: -17.398768 | H20: -16.426044 | I20: -17.565092 | J20: -8.3170574 | K20: -22.389329 | L20: -23.135218 | M20: -19.072398 | N20: -21.501259 | O20: -25.008747
B21: Julio | C21: -20.955689 | D21: -22.934288 | E21: -22.324249 | F21: -19.99795 | G21: -20.038604 | H21: -18.031535 | I21: -18.853531 | J21: -12.643777 | K21: -24.771489 | L21: -25.004997 | M21: -19.235483 | N21: -24.161749 | O21: -27.93214
B22: Agosto | C22: -22.934111 | D22: -25.45302 | E22: -24.931475 | F22: -20.939544 | G22: -21.889876 | H22: -18.247331 | I22: -20.440014 | J22: -15.982916 | K22: -25.491549 | L22: -26.230226 | M22: -18.864782 | N22: -25.40707 | O22: -29.629857
B23: Septiembre | C23: -23.699192 | D23: -26.831971 | E23: -26.391256 | F23: -20.919853 | G23: -21.599186 | H23: -17.570808 | I23: -20.668292 | J23: -18.346229 | K23: -25.417745 | L23: -26.402115 | M23: -17.825357 | N23: -25.343126 | O23: -30.189889
B24: Octubre | C24: -23.386182 | D24: -27.313523 | E24: -26.359422 | F24: -20.095291 | G24: -20.191512 | H24: -16.281057 | I24: -20.383545 | J24: -18.432281 | K24: -24.77824 | L24: -25.320937 | M24: -16.229894 | N24: -24.167267 | O24: -30.919959
B25: Noviembre | C25: -22.607545 | D25: -26.752808 | E25: -25.645436 | F25: -18.709896 | G25: -18.375861 | H25: -15.105271 | I25: -19.949961 | J25: -18.749037 | K25: -23.805715 | L25: -24.251305 | M25: -15.165817 | N25: -22.62023 | O25: -31.294387
B26: Diciembre | C26: -21.65904 | D26: -25.55188 | E26: -24.689566 | F26: -17.516149 | G26: -17.462836 | H26: -14.024408 | I26: -19.33372 | J26: -17.888467 | K26: -22.871344 | L26: -23.265648 | M26: -14.401099 | N26: -21.240378 | O26: -31.39352
A27: 2021(p) | B27: Enero | C27: -5.9258878 | D27: -9.3469125 | E27: -9.2873925 | F27: -3.7007103 | G27: 4.754445 | H27: -0.94657746 | I27: -4.7607441 | J27: -3.1746506 | K27: -8.155971 | L27: -9.128519 | M27: -6.03918 | N27: -4.2417277 | O27: -22.406535
B28: Febrero | C28: -6.1582238 | D28: -9.0103438 | E28: -9.9385103 | F28: -2.2523025 | G28: 2.9995272 | H28: 0.7457615 | I28: -4.2795352 | J28: -2.1155347 | K28: -7.798665 | L28: -8.4320406 | M28: -4.4290378 | N28: -4.7581603 | O28: -25.004265
B29: Marzo | C29: -3.2462667 | D29: -6.3644532 | E29: -5.6474732 | F29: 0.90194728 | G29: 5.840751 | H29: 5.2253456 | I29: -0.79460415 | J29: 0.6958082 | K29: -5.4838097 | L29: -6.9087265 | M29: -1.9991674 | N29: -3.2658721 | O29: -27.460411
B30: Abril | C30: 6.629195 | D30: 4.4652945 | E30: 2.8847607 | F30: 13.003283 | G30: 16.846994 | H30: 16.49147 | I30: 10.412461 | J30: 4.9156175 | K30: 7.0545007 | L30: 3.6818235 | M30: 10.204778 | N30: 6.1362712 | O30: -23.761497
B31: Mayo | C31: 13.334596 | D31: 13.148381 | E31: 10.624173 | F31: 17.97428 | G31: 21.888396 | H31: 22.215785 | I31: 17.178993 | J31: 6.9869963 | K31: 15.358091 | L31: 12.768802 | M31: 16.454406 | N31: 16.301813 | O31: -17.932033
B32: Junio | C32: 18.502752 | D32: 19.99825 | E32: 16.095768 | F32: 21.763211 | G32: 25.979421 | H32: 25.397632 | I32: 21.327474 | J32: 11.517893 | K32: 21.047652 | L32: 19.370113 | M32: 21.18 | N32: 23.430682 | O32: -13.516351
B33: Julio | C33: 22.570179 | D33: 25.426951 | E33: 20.796905 | F33: 24.665579 | G33: 29.77093 | H33: 27.676156 | I33: 22.83819 | J33: 16.901115 | K33: 25.162084 | L33: 22.897732 | M33: 22.697924 | N33: 28.644597 | O33: -8.9049632
B34: Agosto | C34: 26.184627 | D34: 30.681982 | E34: 25.962171 | F34: 26.677741 | G34: 32.900547 | H34: 28.475726 | I34: 25.165112 | J34: 21.446121 | K34: 26.500616 | L34: 25.564638 | M34: 22.99704 | N34: 31.178983 | O34: -2.9548571
B35: Septiembre | C35: 27.867978 | D35: 34.413558 | E35: 29.291518 | F35: 26.543341 | G35: 32.227613 | H35: 27.202913 | I35: 25.733403 | J35: 24.855899 | K35: 26.614271 | L35: 26.399821 | M35: 22.55341 | N35: 31.373005 | O35: 1.3370028
B36: Octubre | C36: 27.689019 | D36: 35.980354 | E36: 30.164263 | F36: 25.633624 | G36: 29.722628 | H36: 25.364704 | I36: 25.103327 | J36: 25.115892 | K36: 25.703216 | L36: 25.566994 | M36: 20.317045 | N36: 29.246696 | O36: 5.2027429
B37: Fuente: DANE, EMA
B38: (p): Cifra provisional
B39: * Ajuste de información histórica de algunas fuentes.
B40: ='1.1 V.A Ing.real'!B45 -> Actualizado el 15 de diciembre de 2021

Sheet 3.3 V.12Meses Salarios
L3: Inicio
A7: ENCUESTA MENSUAL DE ALOJAMIENTO - EMA
A10: 3.3 Total variaciones salarios 12 meses
A11: Total nacional y 12 regiones
A12: ='1.3 V.12Meses Ing.real'!A12 -> Diciembre 2020 - octubre 2021
A14: Año | B14: Meses | C14: TOTAL NACIONAL | D14: Bogotá D.C. | E14: Cartagena | F14: Central | G14: Caribe | H14: Eje Cafetero | I14: Antioquia | J14: San Andrés y Providencia | K14: Pacífico | L14: Santanderes | M14: Llanos Orinoquía | N14: Golfo de Morrosquillo y Sabana | O14: Amazonía*
A15: 2020(p) | B15: Diciembre | C15: -21.65904 | D15: -25.55188 | E15: -24.689566 | F15: -17.516149 | G15: -17.462836 | H15: -14.024408 | I15: -19.33372 | J15: -17.888467 | K15: -22.871344 | L15: -23.265648 | M15: -14.401099 | N15: -21.240378 | O15: -31.39352
A16: 2021(p) | B16: Enero | C16: -22.316043 | D16: -26.546407 | E16: -25.529594 | F16: -17.994203 | G16: -17.137553 | H16: -14.493636 | I16: -20.004868 | J16: -18.395131 | K16: -23.635472 | L16: -24.013439 | M16: -15.098541 | N16: -21.794167 | O16: -32.983396
B17: Febrero | C17: -22.960258 | D17: -27.477482 | E17: -26.325199 | F17: -17.978062 | G17: -17.33234 | H17: -14.533961 | I17: -20.44692 | J17: -18.640745 | K17: -24.46954 | L17: -24.517743 | M17: -15.33101 | N17: -22.388115 | O17: -34.831655
B18: Marzo | C18: -22.31265 | D18: -27.307584 | E18: -25.322129 | F18: -16.84369 | G18: -15.950861 | H18: -12.5534 | I18: -19.536915 | J18: -17.949634 | K18: -24.168112 | L18: -24.491561 | M18: -14.676197 | N18: -22.17827 | O18: -37.272737
B19: Abril | C19: -17.035038 | D19: -22.073191 | E19: -20.893351 | F19: -10.01415 | G19: -9.3570294 | H19: -5.7033912 | I19: -13.489592 | J19: -15.68482 | K19: -17.621677 | L19: -18.830109 | M19: -7.7344406 | N19: -16.880589 | O19: -35.715999
B20: Mayo | C20: -11.486603 | D20: -15.82389 | E20: -14.938233 | F20: -4.985994 | G20: -3.9904402 | H20: 0.0093656707 | I20: -7.6544768 | J20: -13.591301 | K20: -10.870875 | L20: -11.794244 | M20: -1.8300563 | N20: -9.3064718 | O20: -31.480662
B21: Junio | C21: -5.5641643 | D21: -8.9881663 | E21: -9.1326246 | F21: 0.49134609 | G21: 1.9368101 | H21: 5.1866362 | I21: -2.1987816 | J21: -8.8755569 | K21: -3.9638523 | L21: -4.7953389 | M21: 4.3246566 | N21: -1.4270408 | O21: -27.239259
B22: Julio | C22: 1.0204567 | D22: -1.2213427 | E22: -2.4191831 | F22: 6.5288743 | G22: 8.9845642 | H22: 10.83916 | I22: 2.565196 | J22: -2.0999519 | K22: 3.0539307 | L22: 1.5644567 | M22: 8.5582771 | N22: 6.3211558 | O22: -22.105613
B23: Agosto | C23: 8.3238458 | D23: 7.7299501 | E23: 6.1382723 | F23: 12.337156 | G23: 16.576825 | H23: 15.495899 | I23: 8.7200939 | J23: 5.2991499 | K23: 8.7986289 | L23: 8.2883389 | M23: 12.117351 | N23: 13.385829 | O23: -15.712344
B24: Septiembre | C24: 14.598816 | D24: 16.593113 | E24: 14.243166 | F24: 16.566802 | G24: 20.884787 | H24: 18.304134 | I24: 13.445817 | J24: 12.701438 | K24: 13.662727 | L24: 13.912839 | M24: 14.699437 | N24: 18.851172 | O24: -9.9247645
B25: Octubre | C25: 19.171701 | D25: 24.495706 | E25: 20.300152 | F25: 19.586693 | G25: 22.700205 | H25: 19.855965 | I25: 17.092116 | J25: 16.923534 | K25: 17.494226 | L25: 17.434788 | M25: 15.216273 | N25: 21.706931 | O25: -3.1217655
B26: Fuente: DANE, EMA
B27: (p): Cifra provisional
B28: * Ajuste de información histórica de algunas fuentes.
B29: ='1.1 V.A Ing.real'!B45 -> Actualizado el 15 de diciembre de 2021

Sheet 4.1 VAR_Bienales
L4: Inicio
A7: ENCUESTA MENSUAL DE ALOJAMIENTO - EMA
A10: 4.1 Variaciones bienales de ingresos reales, personal ocupado y salarios
A11: Total nacional y 12 regiones
A12: Enero 2021 - octubre 2021
A14: Año | B14: Meses | C14: Total nacional | F14: Bogotá D.C. | I14: Cartagena | L14: Central | O14: Caribe | R14: Eje Cafetero | U14: Antioquia | X14: San Andrés y Providencia | AA14: Pacífico | AD14: Santanderes | AG14: Llanos Orinoquía | AJ14: Golfo de Morrosquillo y Sabana | AM14: Amazonía
C15: Total de Ingresos | D15: Total de personal | E15: Salarios | F15: Total de Ingresos | G15: Total de personal | H15: Salarios | I15: Total de Ingresos | J15: Total de personal | K15: Salarios | L15: Total de Ingresos | M15: Total de personal | N15: Salarios | O15: Total de Ingresos | P15: Total de personal | Q15: Salarios | R15: Total de Ingresos | S15: Total de personal | T15: Salarios | U15: Total de Ingresos | V15: Total de personal | W15: Salarios | X15: Total de Ingresos | Y15: Total de personal | Z15: Salarios | AA15: Total de Ingresos | AB15: Total de personal | AC15: Salarios | AD15: Total de Ingresos | AE15: Total de personal | AF15: Salarios | AG15: Total de Ingresos | AH15: Total de personal | AI15: Salarios | AJ15: Total de Ingresos | AK15: Total de personal | AL15: Salarios | AM15: Total de Ingresos | AN15: Total de personal | AO15: Salarios
A16: 2021(p) | B16: Enero | C16: -41.120777 | D16: -36.107961 | E16: -3.6569962 | F16: -65.82764 | G16: -52.517727 | H16: -5.548464 | I16: -45.43161 | J16: -34.722246 | K16: -8.6885884 | L16: -30.965919 | M16: -27.425094 | N16: -1.6270011 | O16: -10.53585 | P16: -24.958526 | Q16: 6.0048744 | R16: -19.577945 | S16: -30.013957 | T16: 4.2994499 | U16: -41.041619 | V16: -37.707472 | W16: -0.88719895 | X16: -48.354012 | Y16: -27.682652 | Z16: 0.12623578 | AA16: -44.798181 | AB16: -40.275785 | AC16: -7.2908215 | AD16: -17.242597 | AE16: -36.461874 | AF16: -9.2829299 | AG16: -18.550778 | AH16: -33.321406 | AI16: -3.6633886 | AJ16: -13.728773 | AK16: -24.823726 | AL16: -1.387552 | AM16: -66.730561 | AN16: -26.714976 | AO16: -25.58361
B17: Febrero | C17: -47.126935 | D17: -36.469711 | E17: -4.77963 | F17: -68.523725 | G17: -53.948241 | H17: -5.5353626 | I17: -57.136664 | J17: -38.008153 | K17: -11.959066 | L17: -21.672017 | M17: -23.796811 | N17: -1.8113235 | O17: -16.813093 | P17: -26.770266 | Q17: 5.7102937 | R17: -23.342897 | S17: -28.046686 | T17: 6.3540218 | U17: -39.189546 | V17: -37.424211 | W17: -1.9086864 | X17: -38.636579 | Y17: -25.920593 | Z17: 1.4209059 | AA17: -44.535426 | AB17: -38.300916 | AC17: -4.3355954 | AD17: -25.090637 | AE17: -33.680525 | AF17: -9.5551121 | AG17: -22.119971 | AH17: -31.316308 | AI17: -2.8636516 | AJ17: -5.9659757 | AK17: -17.739739 | AL17: -3.0702481 | AM17: -76.565334 | AN17: -29.382716 | AO17: -32.247358
B18: Marzo | C18: -36.932576 | D18: -35.101032 | E18: -3.4839276 | F18: -62.853094 | G18: -54.006397 | H18: -4.7786211 | I18: -40.629166 | J18: -35.844037 | K18: -7.3912145 | L18: 1.6756916 | M18: -23.967144 | N18: -0.30860216 | O18: -22.783671 | P18: -24.685911 | Q18: 4.7649645 | R18: -10.989802 | S18: -26.402748 | T18: 2.584492 | U18: -31.057893 | V18: -37.060373 | W18: 0.55796377 | X18: -28.969059 | Y18: -23.331542 | Z18: 4.0674597 | AA18: -28.071908 | AB18: -37.042722 | AC18: -5.7897163 | AD18: -12.174537 | AE18: -29.943443 | AF18: -8.6096229 | AG18: -4.6436582 | AH18: -25.187681 | AI18: -2.5488735 | AJ18: -7.2947672 | AK18: -15.72972 | AL18: -3.5009597 | AM18: -74.961123 | AN18: -28.208882 | AO18: -34.719552
B19: Abril | C19: -44.767679 | D19: -35.905696 | E19: -2.5535745 | F19: -66.675415 | G19: -55.228561 | H19: -2.0953851 | I19: -40.112829 | J19: -34.96101 | K19: -5.2855652 | L19: -30.281057 | M19: -25.67767 | N19: 1.2207248 | O19: -45.444742 | P19: -27.086345 | Q19: 2.510794 | R19: -24.741198 | S19: -26.484605 | T19: 3.0882871 | U19: -47.68359 | V19: -38.246577 | W19: 0.81007182 | X19: -29.035015 | Y19: -22.009843 | Z19: 4.6489695 | AA19: -33.463232 | AB19: -37.411593 | AC19: -3.8383989 | AD19: -21.523603 | AE19: -30.004344 | AF19: -9.3140201 | AG19: -25.460762 | AH19: -28.133881 | AI19: -1.54823 | AJ19: -27.710834 | AK19: -18.454106 | AL19: -5.5311234 | AM19: -76.411744 | AN19: -29.306041 | AO19: -40.630352
B20: Mayo | C20: -51.176636 | D20: -37.599796 | E20: -3.7054766 | F20: -70.662882 | G20: -56.574727 | H20: -2.4771835 | I20: -48.287012 | J20: -36.846328 | K20: -6.2192558 | L20: -34.862809 | M20: -26.28427 | N20: 0.037807453 | O20: -30.370596 | P20: -27.869238 | Q20: 1.4758129 | R20: -55.708123 | S20: -33.705222 | T20: 5.2522503 | U20: -48.511412 | V20: -39.260916 | W20: -0.28253902 | X20: -27.763109 | Y20: -21.451354 | Z20: 1.3609159 | AA20: -61.552129 | AB20: -41.556209 | AC20: -7.7701979 | AD20: -31.190804 | AE20: -29.210582 | AF20: -9.4331564 | AG20: -30.570277 | AH20: -28.633473 | AI20: -2.46083 | AJ20: -29.333488 | AK20: -20.207199 | AL20: -1.5113508 | AM20: -79.935542 | AN20: -31.311637 | AO20: -40.16001
B21: Junio | C21: -31.083072 | D21: -35.642238 | E21: -0.95154029 | F21: -59.23309 | G21: -54.664639 | H21: 0.056645831 | I21: -18.905857 | J21: -33.89209 | K21: -1.3712526 | L21: -21.431609 | M21: -27.136715 | N21: 1.1677325 | O21: -3.2239199 | P21: -25.947594 | Q21: 3.8306258 | R21: -26.762891 | S21: -31.070556 | T21: 7.4277559 | U21: -34.876756 | V21: -36.99116 | W21: 1.8037542 | X21: -14.083965 | Y21: -18.616482 | Z21: 1.8708624 | AA21: -45.591407 | AB21: -40.823682 | AC21: -7.2307924 | AD21: -25.279163 | AE21: -28.065704 | AF21: -3.2551782 | AG21: 18.448086 | AH21: -24.531545 | AI21: 1.4914382 | AJ21: -9.3807387 | AK21: -21.722333 | AL21: -3.536738 | AM21: -73.66435 | AN21: -30.201672 | AO21: -37.046615
B22: Julio | C22: -19.594688 | D22: -32.876475 | E22: -2.7070975 | F22: -55.819185 | G22: -54.72347 | H22: -3.2104485 | I22: -8.3839105 | J22: -29.747993 | K22: -1.9862324 | L22: 0.76561481 | M22: -24.837579 | N22: -0.47173514 | O22: 10.43564 | P22: -22.620097 | Q22: 2.0445826 | R22: -0.32356362 | S22: -25.994757 | T22: 3.7867356 | U22: -18.843369 | V22: -33.837135 | W22: -2.2700513 | X22: -4.5821999 | Y22: -15.942842 | Z22: 1.4027357 | AA22: -28.398328 | AB22: -36.29122 | AC22: -4.5748077 | AD22: -8.8594 | AE22: -24.210729 | AF22: -5.3380542 | AG22: 30.763993 | AH22: -16.408793 | AI22: 5.6025864 | AJ22: 16.044545 | AK22: -19.880471 | AL22: 1.7130126 | AM22: -61.763381 | AN22: -26.238352 | AO22: -29.80104
B23: Agosto | C23: -21.235511 | D23: -30.888313 | E23: -0.27626609 | F23: -50.8861 | G23: -51.996301 | H23: 2.5041356 | I23: -14.201141 | J23: -27.564416 | K23: -0.34618389 | L23: -4.3377657 | M23: -23.403249 | N23: 3.0886596 | O23: -0.42635202 | P23: -21.057104 | Q23: 4.0953647 | R23: -11.434644 | S23: -25.324702 | T23: 7.6907876 | U23: -21.399973 | V23: -32.098248 | W23: -1.0756773 | X23: -6.0428032 | Y23: -13.226886 | Z23: 1.4453646 | AA23: -21.840474 | AB23: -34.359004 | AC23: -5.0783135 | AD23: -7.5305677 | AE23: -23.133878 | AF23: -4.1781874 | AG23: 31.915807 | AH23: -15.069704 | AI23: 4.8584174 | AJ23: 9.291217 | AK23: -18.987253 | AL23: -0.14749028 | AM23: -42.048301 | AN23: -25.736359 | AO23: -11.585046
B24: Septiembre | C24: -17.085586 | D24: -28.790779 | E24: 0.12908303 | F24: -47.378718 | G24: -49.585156 | H24: 5.6049281 | I24: -5.6731065 | J24: -26.10346 | K24: 0.17597983 | L24: 4.0526849 | M24: -19.957815 | N24: -0.59324761 | O24: 6.0263742 | P24: -18.607153 | Q24: 2.5196183 | R24: 4.4638186 | S24: -20.553418 | T24: 3.4022775 | U24: -13.674844 | V24: -32.58294 | W24: 1.0637349 | X24: -8.0722336 | Y24: -9.793929 | Z24: 1.245441 | AA24: -14.838077 | AB24: -33.019495 | AC24: -4.1288649 | AD24: -3.3679518 | AE24: -20.780878 | AF24: -3.7788955 | AG24: 24.264965 | AH24: -11.827524 | AI24: 8.2761989 | AJ24: 6.180686 | AK24: -14.207496 | AL24: -0.10412372 | AM24: -43.31721 | AN24: -25.696446 | AO24: -7.8191607
B25: Octubre | C25: -2.4847919 | D25: -26.496455 | E25: 0.19885597 | F25: -40.279419 | G25: -47.142764 | H25: 3.1285323 | I25: 14.218575 | J25: -24.225894 | K25: 2.1758659 | L25: 21.462009 | M25: -17.826374 | N25: 3.2727055 | O25: 43.938748 | P25: -17.833075 | Q25: 2.2713027 | R25: 17.326406 | S25: -19.850675 | T25: 5.8674724 | U25: 0.84899308 | V25: -29.485609 | W25: -1.6859114 | X25: -1.660268 | Y25: -6.7240258 | Z25: 3.0126109 | AA25: -8.7629808 | AB25: -30.206446 | AC25: -4.3286779 | AD25: 11.844519 | AE25: -17.211898 | AF25: 0.54841767 | AG25: 33.849333 | AH25: -9.5894221 | AI25: 1.5298537 | AJ25: 14.388368 | AK25: -10.083742 | AL25: -2.5943562 | AM25: -34.613103 | AN25: -23.589001 | AO25: -8.7727782
B27: Fuente: DANE, EMA
B28: (p): Cifra provisional
B29: Nota metodológica: Regiones: Bogotá DC, Cartagena, Región Central (Boyacá, Cundinamarca, Huila y Tolima), Región Costa Caribe (Atlántico, Cesar, La Guajira y Magdalena), Región Eje Cafetero (Caldas, Quindío y Risaralda), Antioquia, San Andrés y Providencia, Región Pacífico (Valle del Cauca, Cauca, Nariño y Chocó), Región Santanderes (Santander y Norte de Santander), Llanos Orinoquía (Meta, Casanare, Arauca y Vichada), Región Golfo Morrosquillo y Sabana (Bolívar, Córdoba y Sucre), Región Amazonía (Amazonas, Caquetá, Guainía, Putumayo, Guaviare y Vaupés).
B33: 1 El resto del personal lo conforman las siguientes categorías de contratación: los Propietarios, Socios y Familiares sin remuneración, el Temporal Directo, Temporal contratado a través de Agencias y los Aprendices.
B34: Variación anual2019_2021 =((valor del mes transcurridos del año de referencia - valor de los mismo mes transcurridos del año 2019 )/(valor del mes transcurridos del año 2019))*100
B36: ='1.1 V.A Ing.real'!B45 -> Actualizado el 15 de diciembre de 2021

Sheet 5.1 Porc Ocupación.escala.hab
G5: Inicio
A7: ENCUESTA MENSUAL DE ALOJAMIENTO - EMA
A10: 5.1 Porcentaje de ocupación por escala de habitación
A11: Total nacional
A12: Enero 2019 - octubre 2021
A14: Año | B14: Meses | C14: Menos de 50 habitaciones | D14: de 51 a 100 habitaciones | E14: de 101 a 150 habitaciones | F14: más de 150 habitaciones
A15: 2019(p) | B15: Enero | C15: 43.746919 | D15: 41.803128 | E15: 48.502208 | F15: 57.887688
B16: Febrero | C16: 42.447154 | D16: 44.261238 | E16: 52.139686 | F16: 58.471329
B17: Marzo | C17: 41.849484 | D17: 43.677659 | E17: 50.541078 | F17: 57.810291
B18: Abril | C18: 40.627692 | D18: 41.844001 | E18: 48.851228 | F18: 56.032635
B19: Mayo | C19: 38.842175 | D19: 42.5588 | E19: 50.302156 | F19: 56.465519
B20: Junio | C20: 42.677297 | D20: 44.60886 | E20: 52.498728 | F20: 58.318918
B21: Julio | C21: 42.740114 | D21: 46.173601 | E21: 55.114486 | F21: 59.862763
B22: Agosto | C22: 45.681563 | D22: 48.123518 | E22: 57.860175 | F22: 61.487085
B23: Septiembre | C23: 43.308597 | D23: 47.217591 | E23: 55.473609 | F23: 60.02025
B24: Octubre | C24: 42.184744 | D24: 46.820898 | E24: 56.212745 | F24: 59.828951
B25: Noviembre | C25: 45.121987 | D25: 48.694709 | E25: 60.648978 | F25: 66.167736
B26: Diciembre | C26: 44.237634 | D26: 45.160937 | E26: 54.142869 | F26: 60.790497
A27: 2020(p) | B27: Enero | C27: 44.902584 | D27: 44.937745 | E27: 56.251683 | F27: 60.768545
B28: Febrero | C28: 43.721009 | D28: 45.085053 | E28: 57.314655 | F28: 62.150085
B29: Marzo | C29: 31.169111 | D29: 31.745566 | E29: 38.370909 | F29: 33.348233
B30: Abril | C30: 12.879165 | D30: 9.5182813 | E30: 10.128516 | F30: 3.3562609
B31: Mayo | C31: 15.390642 | D31: 12.523618 | E31: 10.608024 | F31: 5.4621912
B32: Junio | C32: 17.142728 | D32: 14.00369 | E32: 11.708401 | F32: 6.8745838
B33: Julio | C33: 18.336766 | D33: 14.641026 | E33: 12.012768 | F33: 9.526489
B34: Agosto | C34: 17.420297 | D34: 16.003779 | E34: 12.243413 | F34: 6.0208835
B35: Septiembre | C35: 21.615686 | D35: 19.51335 | E35: 18.193683 | F35: 10.524196
B36: Octubre | C36: 28.192102 | D36: 25.125311 | E36: 26.152116 | F36: 23.22779
B37: Noviembre | C37: 31.653136 | D37: 30.690159 | E37: 31.497479 | F37: 28.658083
B38: DIciembre | C38: 31.972321 | D38: 31.436788 | E38: 35.376746 | F38: 33.755111
A39: 2021(p) | B39: Enero | C39: 29.89971 | D39: 29.461544 | E39: 35.269854 | F39: 35.315981
B40: Febrero | C40: 30.641282 | D40: 29.72167 | E40: 33.609179 | F40: 33.191998
B41: Marzo | C41: 32.362696 | D41: 34.140076 | E41: 38.274058 | F41: 38.709398
B42: Abril | C42: 28.011317 | D42: 28.036855 | E42: 29.409745 | F42: 30.671273
B43: Mayo | C43: 23.991827 | D43: 24.727611 | E43: 28.541995 | F43: 27.056343
B44: Junio | C44: 32.18914 | D44: 34.607168 | E44: 39.664119 | F44: 41.181241
B45: Julio | C45: 37.880242 | D45: 40.883197 | E45: 49.050693 | F45: 50.241217
B46: Agosto | C46: 38.896968 | D46: 44.232834 | E46: 51.456798 | F46: 50.951204
B47: Septiembre | C47: 39.611667 | D47: 46.383373 | E47: 53.877488 | F47: 53.530858
B48: Octubre | C48: 43.425971 | D48: 51.934189 | E48: 59.125879 | F48: 56.907753
B50: Fuente: DANE, EMA
B51: (p): Cifra provisional
B52: El indicador de ocupación hotelera publicado por el DANE en la Muestra Mensual de Hoteles - MMH, entre julio 2004 y mayo 2020, se refería únicamente a los hoteles de inclusión forzosa de esa muestra. Con las nuevas estimaciones de la nueva Encuesta Mensual de Alojamiento - EMA, se amplía la cobertura de esta variable, al total de las unidades de alojamiento incluidas en la muestra para cada una de las 12 regiones investigadas.
B54: ='1.1 V.A Ing.real'!B45 -> Actualizado el 15 de diciembre de 2021

Sheet 5.2 Porc Mens Ocupación.reg
L2: Inicio
A7: ENCUESTA MENSUAL DE ALOJAMIENTO EMA
A10: 5.2 Porcentaje de ocupación mensual por región
A11: Totales nacional y 12 regiones
A12: ='5.1 Porc Ocupación.escala.hab'!A12 -> Enero 2019 - octubre 2021
A14: Año | B14: Meses | C14: Total nacional | D14: Bogotá D.C. | E14: Cartagena | F14: Central | G14: Caribe | H14: Eje Cafetero | I14: Antioquia | J14: San Andrés y Providencia | K14: Pacífico | L14: Santanderes | M14: Llanos Orinoquía | N14: Golfo de Morrosquillo y Sabana | O14: Amazonía
A15: 2019 (p) | B15: Enero | C15: 47.077251 | D15: 44.804505 | E15: 67.211304 | F15: 38.314227 | G15: 51.075059 | H15: 49.560509 | I15: 46.662411 | J15: 71.543295 | K15: 35.020081 | L15: 38.039893 | M15: 37.988932 | N15: 31.219588 | O15: 39.585658
B16: Febrero | C16: 48.0528 | D16: 58.725596 | E16: 65.323641 | F16: 31.017232 | G16: 45.726525 | H16: 39.068687 | I16: 45.553222 | J16: 71.301658 | K16: 38.917249 | L16: 40.461185 | M16: 33.181169 | N16: 30.417501 | O16: 46.867362
B17: Marzo | C17: 47.271481 | D17: 55.613889 | E17: 65.873969 | F17: 30.793354 | G17: 49.468632 | H17: 39.481411 | I17: 44.618278 | J17: 69.893682 | K17: 35.765243 | L17: 38.732789 | M17: 33.602007 | N17: 30.588667 | O17: 45.014364
B18: Abril | C18: 45.680373 | D18: 53.262452 | E18: 56.891085 | F18: 32.568682 | G18: 44.551978 | H18: 40.564177 | I18: 43.593683 | J18: 71.010904 | K18: 36.246945 | L18: 41.507004 | M18: 38.111038 | N18: 30.348441 | O18: 44.91234
B19: Mayo | C19: 45.553118 | D19: 58.275363 | E19: 51.67878 | F19: 28.073872 | G19: 41.651362 | H19: 39.478227 | I19: 44.689158 | J19: 72.393931 | K19: 38.488178 | L19: 38.994371 | M19: 34.84816 | N19: 33.441111 | O19: 49.865031
B20: Junio | C20: 48.245083 | D20: 57.03571 | E20: 52.007796 | F20: 39.430106 | G20: 46.824913 | H20: 44.290256 | I20: 48.444632 | J20: 72.345819 | K20: 39.977722 | L20: 43.552892 | M20: 31.509214 | N20: 35.549227 | O20: 51.585873
B21: Julio | C21: 49.442265 | D21: 59.187644 | E21: 58.624365 | F21: 36.797819 | G21: 48.488852 | H21: 43.731396 | I21: 49.63836 | J21: 73.334959 | K21: 41.640078 | L21: 40.850368 | M21: 30.546865 | N21: 32.322388 | O21: 54.841541
B22: Agosto | C22: 51.761378 | D22: 59.711529 | E22: 63.79831 | F22: 37.359726 | G22: 51.826227 | H22: 47.678343 | I22: 52.877619 | J22: 76.559956 | K22: 43.301815 | L22: 44.961286 | M22: 30.31856 | N22: 32.423974 | O22: 51.474653
B23: Septiembre | C23: 50.041144 | D23: 61.857672 | E23: 57.013854 | F23: 34.568291 | G23: 48.199832 | H23: 44.79119 | I23: 48.262521 | J23: 76.419761 | K23: 43.857181 | L23: 44.608532 | M23: 33.453137 | N23: 32.4616 | O23: 52.587161
B24: Octubre | C24: 49.616036 | D24: 60.823349 | E24: 55.550845 | F24: 37.106404 | G24: 47.334796 | H24: 43.978189 | I24: 47.127153 | J24: 74.420636 | K24: 42.962662 | L24: 44.730647 | M24: 35.477295 | N24: 36.651452 | O24: 54.863191
B25: Noviembre | C25: 53.280749 | D25: 64.886565 | E25: 66.527276 | F25: 37.600932 | G25: 53.124727 | H25: 44.408285 | I25: 50.800297 | J25: 75.587635 | K25: 43.766116 | L25: 45.708899 | M25: 36.974081 | N25: 34.337167 | O25: 57.785576
B26: Diciembre | C26: 49.775092 | D26: 48.834049 | E26: 65.43277 | F26: 39.115595 | G26: 53.446669 | H26: 44.322454 | I26: 52.848952 | J26: 74.089583 | K26: 40.258228 | L26: 42.097559 | M26: 39.719546 | N26: 33.31655 | O26: 49.568885
A27: 2020 (p) | B27: Enero | C27: 50.256675 | D27: 47.248005 | E27: 72.190292 | F27: 39.837978 | G27: 55.117836 | H27: 55.227662 | I27: 50.705839 | J27: 71.81015 | K27: 36.939249 | L27: 41.42329 | M27: 37.73824 | N27: 35.628051 | O27: 44.084203
B28: Febrero | C28: 50.683894 | D28: 61.136735 | E28: 69.247765 | F28: 31.33414 | G28: 51.358085 | H28: 39.927161 | I28: 49.493723 | J28: 75.634759 | K28: 39.545602 | L28: 39.374846 | M28: 37.608739 | N28: 30.369334 | O28: 47.172209
B29: Marzo | C29: 32.761553 | D29: 37.545358 | E29: 36.920561 | F29: 20.521753 | G29: 31.260175 | H29: 29.816606 | I29: 30.581263 | J29: 62.666415 | K29: 28.704413 | L29: 28.407673 | M29: 31.647757 | N29: 25.119243 | O29: 35.572029
B30: Abril | C30: 8.8571185 | D30: 8.7766727 | E30: 5.6035864 | F30: 7.0003919 | G30: 9.3129094 | H30: 11.840152 | I30: 9.6944658 | J30: - | K30: 7.7367628 | L30: 12.225021 | M30: 9.4956641 | N30: 8.4601867 | O30: 24.34056
B31: Mayo | C31: 11.260216 | D31: 10.05522 | E31: 13.478204 | F31: 12.02862 | G31: 9.0772607 | H31: 11.484788 | I31: 13.849317 | J31: - | K31: 10.447961 | L31: 11.489354 | M31: 8.1058637 | N31: 17.121447 | O31: 29.603399
B32: Junio | C32: 12.713057 | D32: 11.801439 | E32: 15.75258 | F32: 9.1694964 | G32: 10.786249 | H32: 9.2255835 | I32: 15.369311 | J32: - | K32: 12.115263 | L32: 13.155807 | M32: 12.909866 | N32: 17.97315 | O32: 25.949468
B33: Julio | C33: 14.053146 | D33: 10.04876 | E33: 17.758599 | F33: 10.716128 | G33: 14.014141 | H33: 10.141391 | I33: 20.197585 | J33: - | K33: 14.08996 | L33: 12.672523 | M33: 16.051903 | N33: 19.017199 | O33: 31.511088
B34: Agosto | C34: 13.576261 | D34: 10.034897 | E34: 9.2816507 | F34: 13.533 | G34: 13.684509 | H34: 12.10186 | I34: 17.800137 | J34: - | K34: 13.638376 | L34: 13.566934 | M34: 17.637568 | N34: 16.591448 | O34: 35.520059
B35: Septiembre | C35: 17.93415 | D35: 13.019532 | E35: 8.8357662 | F35: 19.286774 | G35: 19.352167 | H35: 21.460317 | I35: 22.238408 | J35: 0.83333333 | K35: 18.519748 | L35: 20.76626 | M35: 25.194425 | N35: 23.638328 | O35: 29.141203
B36: Octubre | C36: 25.809958 | D36: 19.349053 | E36: 23.109353 | F36: 28.843595 | G36: 28.150604 | H36: 33.274457 | I36: 27.107909 | J36: 20.393189 | K36: 26.177645 | L36: 28.318167 | M36: 34.800554 | N36: 26.50351 | O36: 25.960295
B37: Noviembre | C37: 30.657788 | D37: 25.870876 | E37: 29.760833 | F37: 29.777267 | G37: 33.240682 | H37: 34.13499 | I37: 31.981304 | J37: 34.127775 | K37: 30.42275 | L37: 33.013667 | M37: 34.642937 | N37: 33.536076 | O37: 32.28585
B38: Diciembre | C38: 32.783767 | D38: 26.027208 | E38: 35.220979 | F38: 30.352045 | G38: 37.496188 | H38: 35.750727 | I38: 36.693032 | J38: 39.044603 | K38: 30.802796 | L38: 31.467241 | M38: 34.4513 | N38: 34.975531 | O38: 26.12272
A39: 2021(p) | B39: Enero | C39: 31.921742 | D39: 20.633425 | E39: 43.148347 | F39: 28.415236 | G39: 42.441537 | H39: 36.47009 | I39: 33.807589 | J39: 45.033653 | K39: 23.004982 | L39: 29.223806 | M39: 31.830373 | N39: 30.730472 | O39: 25.002527
B40: Febrero | C40: 31.499437 | D40: 24.071177 | E40: 34.848467 | F40: 26.311059 | G40: 35.779491 | H40: 30.541558 | I40: 35.991555 | J40: 49.715613 | K40: 27.965372 | L40: 32.347374 | M40: 30.240651 | N40: 31.237624 | O40: 28.87165
B41: Marzo | C41: 35.318372 | D41: 25.956023 | E41: 45.561538 | F41: 30.792195 | G41: 38.917067 | H41: 33.985958 | I41: 37.933731 | J41: 52.814266 | K41: 33.425271 | L41: 34.995957 | M41: 34.859722 | N41: 31.543332 | O41: 24.423211
B42: Abril | C42: 28.89168 | D42: 22.508869 | E42: 35.97654 | F42: 24.406465 | G42: 25.590365 | H42: 31.262201 | I42: 28.045258 | J42: 53.716977 | K42: 29.014691 | L42: 32.545237 | M42: 30.699263 | N42: 25.408504 | O42: 26.652661
B43: Mayo | C43: 25.678645 | D43: 22.789915 | E43: 27.854991 | F43: 18.529061 | G43: 28.291551 | H43: 19.00385 | I43: 29.18014 | J43: 51.602975 | K43: 17.794851 | L43: 27.909793 | M43: 25.716355 | N43: 23.154836 | O43: 19.906027
B44: Junio | C44: 36.253892 | D44: 28.9756 | E44: 45.477612 | F44: 31.162796 | G44: 44.059506 | H44: 32.200327 | I44: 37.104074 | J44: 65.387928 | K44: 25.80583 | L44: 32.861182 | M44: 36.554703 | N44: 31.443652 | O44: 29.999391
B45: Julio | C45: 43.421885 | D45: 33.854047 | E45: 56.146161 | F45: 35.56366 | G45: 52.076943 | H45: 41.133115 | I45: 48.487105 | J45: 70.320653 | K45: 33.76319 | L45: 37.8099 | M45: 36.94508 | N45: 35.492777 | O45: 38.500816
B46: Agosto | C46: 45.284723 | D46: 38.426952 | E46: 57.499572 | F46: 34.196108 | G46: 52.661708 | H46: 41.314565 | I46: 50.236673 | J46: 70.95487 | K46: 36.467677 | L46: 41.870346 | M46: 38.222435 | N46: 36.318567 | O46: 42.853704
B47: Septiembre | C47: 47.093685 | D47: 42.587706 | E47: 57.753607 | F47: 37.347838 | G47: 52.439489 | H47: 40.451308 | I47: 51.956235 | J47: 71.326982 | K47: 39.375006 | L47: 42.926434 | M47: 42.082264 | N47: 36.942264 | O47: 40.957434
B48: Octubre | C48: 51.569682 | D48: 47.166608 | E48: 65.110208 | F48: 45.21011 | G48: 60.88401 | H48: 48.35597 | I48: 52.816084 | J48: 72.262132 | K48: 39.639295 | L48: 47.874993 | M48: 40.887367 | N48: 40.128882 | O48: 40.317066
B49: Fuente: DANE, EMA
B50: (p): Cifra provisional
B51: Nota: El indicador de ocupación hotelera publicado por el DANE en la Muestra Mensual de Hoteles - MMH, entre julio 2004 y mayo 2020, se refería únicamente a los hoteles de inclusión forzosa de esa muestra. Con las nuevas estimaciones de la nueva Encuesta Mensual de Alojamiento - EMA, se amplía la cobertura de esta variable, al total de las unidades de alojamiento incluidas en la muestra para cada una de las 12 regiones investigadas.
B55: Nota: Para la región San Andrés y Providencia para los meses de abril hasta agosto de 2020 no se presenta porcentaje de ocupación al no tener oferta de habitaciones.
B57: ='1.1 V.A Ing.real'!B45 -> Actualizado el 15 de diciembre de 2021

Sheet 5.3 Porc A.C Ocupación.reg
L2: Inicio
A7: ENCUESTA MENSUAL DE ALOJAMIENTO EMA
A10: 5.3 Porcentaje de ocupación año corrido* por región
A11: Total nacional y 12 regiones
A12: ='5.1 Porc Ocupación.escala.hab'!A12 -> Enero 2019 - octubre 2021
A14: Año | B14: Meses | C14: Total nacional | D14: Bogotá D.C. | E14: Cartagena | F14: Central | G14: Caribe | H14: Eje Cafetero | I14: Antioquia | J14: San Andrés y Providencia | K14: Pacífico | L14: Santanderes | M14: Llanos Orinoquía | N14: Golfo de Morrosquillo y Sabana | O14: Amazonía
A15: 2019 (p) | B15: Enero | C15: 47.077251 | D15: 44.804505 | E15: 67.211304 | F15: 38.314227 | G15: 51.075059 | H15: 49.560509 | I15: 46.662411 | J15: 71.543295 | K15: 35.020081 | L15: 38.039893 | M15: 37.988932 | N15: 31.219588 | O15: 39.585658
B16: Febrero | C16: 47.542134 | D16: 51.451338 | E16: 66.311073 | F16: 34.86633 | G16: 48.532108 | H16: 44.594046 | I16: 46.134314 | J16: 71.427654 | K16: 36.875819 | L16: 39.188059 | M16: 35.612383 | N16: 30.838904 | O16: 43.044936
B17: Marzo | C17: 47.448785 | D17: 52.886152 | E17: 66.161222 | F17: 33.466807 | G17: 48.85406 | H17: 42.821216 | I17: 45.607309 | J17: 70.903019 | K17: 36.493525 | L17: 39.031018 | M17: 34.903987 | N17: 30.752933 | O17: 43.719933
B18: Abril | C18: 47.005929 | D18: 52.980668 | E18: 63.853473 | F18: 33.241279 | G18: 47.776895 | H18: 42.255658 | I18: 45.096945 | J18: 70.929623 | K18: 36.431868 | L18: 39.656069 | M18: 35.670517 | N18: 30.65218 | O18: 44.023051
B19: Mayo | C19: 46.707285 | D19: 54.071904 | E19: 61.366574 | F19: 32.171887 | G19: 46.517453 | H19: 41.683775 | I19: 45.01243 | J19: 71.227684 | K19: 36.853513 | L19: 39.519575 | M19: 35.507774 | N19: 31.223801 | O19: 45.238158
B20: Junio | C20: 46.963377 | D20: 54.565498 | E20: 59.801194 | F20: 33.3867 | G20: 46.56894 | H20: 42.11745 | I20: 45.587526 | J20: 71.41333 | K20: 37.370084 | L20: 40.191792 | M20: 34.871807 | N20: 31.937353 | O20: 46.311114
B21: Julio | C21: 47.327539 | D21: 55.240858 | E21: 59.627874 | F21: 33.889351 | G21: 46.853328 | H21: 42.354446 | I21: 46.187526 | J21: 71.692672 | K21: 37.996408 | L21: 40.288508 | M21: 34.249873 | N21: 31.993438 | O21: 47.548015
B22: Agosto | C22: 47.894095 | D22: 55.808529 | E22: 60.158636 | F22: 34.333483 | G22: 47.494296 | H22: 43.032712 | I22: 47.050287 | J22: 72.305726 | K22: 38.677675 | L22: 40.8852 | M22: 33.756132 | N22: 32.048514 | O22: 48.052514
B23: Septiembre | C23: 48.130814 | D23: 56.473722 | E23: 59.813042 | F23: 34.359497 | G23: 47.5726 | H23: 43.226153 | I23: 47.185172 | J23: 72.756577 | K23: 39.245668 | L23: 41.294761 | M23: 33.723286 | N23: 32.093677 | O23: 48.560275
B24: Octubre | C24: 48.282539 | D24: 56.916378 | E24: 59.37902 | F24: 34.642301 | G24: 47.548324 | H24: 43.303106 | I24: 47.179159 | J24: 72.923288 | K24: 39.623713 | L24: 41.6453 | M24: 33.899494 | N24: 32.560053 | O24: 49.206117
B25: Noviembre | C25: 48.733869 | D25: 57.638124 | E25: 60.02754 | F25: 34.908869 | G25: 48.050689 | H25: 43.402126 | I25: 47.509683 | J25: 73.162711 | K25: 39.993969 | L25: 42.011454 | M25: 34.171918 | N25: 32.720293 | O25: 49.993415
B26: Diciembre | C26: 48.822125 | D26: 56.891725 | E26: 60.489714 | F26: 35.260527 | G26: 48.50377 | H26: 43.480575 | I26: 47.966955 | J26: 73.240502 | K26: 40.016351 | L26: 42.01882 | M26: 34.632679 | N26: 32.771284 | O26: 49.957888
A27: 2020 (p) | B27: Enero | C27: 50.256675 | D27: 47.248005 | E27: 72.190292 | F27: 39.837978 | G27: 55.117836 | H27: 55.227662 | I27: 50.705839 | J27: 71.81015 | K27: 36.939249 | L27: 41.42329 | M27: 37.73824 | N27: 35.628051 | O27: 44.084203
B28: Febrero | C28: 50.463213 | D28: 53.987592 | E28: 70.768106 | F28: 35.752564 | G28: 53.305673 | H28: 47.895534 | I28: 50.120432 | J28: 73.656803 | K28: 38.204158 | L28: 40.430356 | M28: 37.675125 | N28: 33.081709 | O28: 45.575181
B29: Marzo | C29: 45.184139 | D29: 48.973778 | E29: 59.975229 | F29: 31.555641 | G29: 46.805669 | H29: 43.154933 | I29: 43.990898 | J29: 70.701302 | K29: 35.500947 | L29: 36.751781 | M29: 35.835258 | N29: 30.851265 | O29: 42.581981
B30: Abril | C30: 41.580594 | D30: 42.679515 | E30: 54.654025 | F30: 30.335989 | G30: 44.114046 | H30: 41.425532 | I30: 40.255642 | J30: 70.701302 | K30: 33.00034 | L30: 34.149204 | M30: 32.957572 | N30: 29.392717 | O30: 41.241115
B31: Mayo | C31: 38.720315 | D31: 38.388032 | E31: 52.137905 | F31: 29.052848 | G31: 41.469678 | H31: 39.208701 | I31: 37.431003 | J31: 70.701302 | K31: 30.472175 | L31: 31.975693 | M31: 29.7698 | N31: 28.959691 | O31: 40.621297
B32: Junio | C32: 36.105103 | D32: 35.250006 | E32: 50.085946 | F32: 27.24808 | G32: 38.757126 | H32: 36.634345 | I32: 34.931589 | J32: 70.701302 | K32: 28.277606 | L32: 29.495853 | M32: 27.543956 | N32: 28.24085 | O32: 39.07056
B33: Julio | C33: 33.738581 | D33: 32.370524 | E33: 48.576331 | F33: 25.45892 | G33: 36.32141 | H33: 33.538154 | I33: 33.166877 | J33: 70.701302 | K33: 26.483764 | L33: 26.917037 | M33: 25.990669 | N33: 27.409065 | O33: 38.327491
B34: Agosto | C34: 31.586472 | D34: 29.863808 | E34: 46.224313 | F34: 24.150963 | G34: 34.241023 | H34: 30.920829 | I34: 31.342043 | J34: 70.701302 | K34: 24.967118 | L34: 24.970218 | M34: 25.008541 | N34: 26.250443 | O34: 38.049712
B35: Septiembre | C35: 29.954164 | D35: 27.968811 | E35: 41.618783 | F35: 23.58197 | G35: 32.522595 | H35: 29.639675 | I35: 30.211285 | J35: 70.525423 | K35: 24.14094 | L35: 24.381719 | M35: 25.031542 | N35: 25.913538 | O35: 37.040127
B36: Octubre | C36: 29.421484 | D36: 26.983359 | E36: 38.933568 | F36: 24.321398 | G36: 31.889926 | H36: 30.130185 | I36: 29.825675 | J36: 64.664358 | K36: 24.391372 | L36: 24.889669 | M36: 26.227448 | N36: 25.996745 | O36: 35.751676
B37: Noviembre | C37: 29.564931 | D37: 26.865959 | E37: 37.814115 | F37: 25.027155 | G37: 32.069073 | H37: 30.62071 | I37: 30.062837 | J37: 60.624197 | K37: 25.048237 | L37: 25.821438 | M37: 27.144329 | N37: 26.977144 | O37: 35.398561
B38: Diciembre | C38: 29.918458 | D38: 26.782764 | E38: 37.512317 | F38: 25.68047 | G38: 32.738823 | H38: 31.213078 | I38: 30.727267 | J38: 56.742079 | K38: 25.63929 | L38: 26.414759 | M38: 27.883143 | N38: 27.964659 | O38: 34.44994
A39: 2021(p) | B39: Enero | C39: 31.921742 | D39: 20.633425 | E39: 43.148347 | F39: 28.415236 | G39: 42.441537 | H39: 36.47009 | I39: 33.807589 | J39: 45.033653 | K39: 23.004982 | L39: 29.223806 | M39: 31.830373 | N39: 30.730472 | O39: 25.002527
B40: Febrero | C40: 31.719248 | D40: 22.299661 | E40: 39.126291 | F40: 27.407476 | G40: 39.280915 | H40: 33.647309 | I40: 34.85474 | J40: 47.317462 | K40: 25.362788 | L40: 30.70173 | M40: 31.066603 | N40: 30.976821 | O40: 26.60265
B41: Marzo | C41: 32.968092 | D41: 23.573658 | E41: 41.382421 | F41: 28.593333 | G41: 39.157375 | H41: 33.763745 | I41: 35.930869 | J41: 49.248211 | K41: 28.151265 | L41: 32.164347 | M41: 32.396772 | N41: 31.174333 | O41: 25.885851
B42: Abril | C42: 31.937509 | D42: 23.306802 | E42: 39.976092 | F42: 27.529129 | G42: 35.776263 | H42: 33.137333 | I42: 33.94076 | J42: 50.41203 | K42: 28.369259 | L42: 32.259429 | M42: 31.966016 | N42: 29.702142 | O42: 26.071539
B43: Mayo | C43: 30.648953 | D43: 23.201229 | E43: 37.394524 | F43: 25.697353 | G43: 34.234568 | H43: 30.240077 | I43: 32.962153 | J43: 50.664689 | K43: 26.223073 | L43: 31.37657 | M43: 30.681346 | N43: 28.337927 | O43: 24.837537
B44: Junio | C44: 31.589762 | D44: 24.157638 | E44: 38.773676 | F44: 26.624702 | G44: 35.899592 | H44: 30.566707 | I44: 33.652831 | J44: 53.171326 | K44: 26.152966 | L44: 31.623611 | M44: 31.657837 | N44: 28.860769 | O44: 25.689992
B45: Julio | C45: 33.340853 | D45: 25.578024 | E45: 41.390067 | F45: 27.956308 | G45: 38.314876 | H45: 32.119824 | I45: 35.811574 | J45: 55.752547 | K45: 27.291665 | L45: 32.525032 | M45: 32.435153 | N45: 29.841015 | O45: 27.773001
B46: Agosto | C46: 34.893431 | D46: 27.241017 | E46: 43.519419 | F46: 28.770305 | G46: 40.176315 | H46: 33.314289 | I46: 37.666624 | J46: 57.73333 | K46: 28.485439 | L46: 33.721895 | M46: 33.194951 | N46: 30.672106 | O46: 30.114704
B47: Septiembre | C47: 36.254537 | D47: 28.933628 | E47: 45.148673 | F47: 29.73659 | G47: 41.550464 | H47: 34.115906 | I47: 39.196902 | J47: 59.263321 | K47: 29.713522 | L47: 34.746841 | M47: 34.222208 | N47: 31.367055 | O47: 31.49007
B48: Octubre | C48: 37.848053 | D48: 30.788564 | E48: 47.266744 | F48: 31.36229 | G48: 43.549214 | H48: 35.580051 | I48: 40.595272 | J48: 60.615256 | K48: 30.804008 | L48: 36.092915 | M48: 34.902255 | N48: 32.277738 | O48: 32.539968
B49: Fuente: DANE, EMA
B50: (p): Cifra provisional
B51: Nota: El indicador de ocupación hotelera publicado por el DANE en la Muestra Mensual de Hoteles - MMH, entre julio 2004 y mayo 2020, se refería únicamente a los hoteles de inclusión forzosa de esa muestra. Con las nuevas estimaciones de la nueva Encuesta Mensual de Alojamiento - EMA, se amplía la cobertura de esta variable, al total de las unidades de alojamiento incluidas en la muestra para cada una de las 12 regiones investigadas.
B55: * El porcentaje de ocupación año corrido se refiere al periodo comprendido entre el primero de enero del año en curso y el último día para el que se tienen datos de habitaciones disponibles y ocupadas. Para el caso de San Andrés el porcentaje de ocupación año corrido no refleja cambios desde el mes de marzo da julio de 2020. Último mes en el que la región registró actividad de alojamiento.
B56: ='1.1 V.A Ing.real'!B45 -> Actualizado el 15 de diciembre de 2021

Sheet 5.4 Porc 12.meses Ocupación.reg
L2: Inicio
A7: ENCUESTA MENSUAL DE ALOJAMIENTO EMA
A10: 5.4 Porcentaje de ocupación 12 meses por región
A11: Total nacional y 12 regiones
A12: Diciembre 2019 - octubre 2021
A14: Año | B14: Meses | C14: TOTAL NACIONAL | D14: Bogotá D.C. | E14: Cartagena | F14: Central | G14: Caribe | H14: Eje Cafetero | I14: Antioquia | J14: San Andrés y Providencia | K14: Pacífico | L14: Santanderes | M14: Llanos Orinoquía | N14: Golfo de Morrosquillo y Sabana | O14: Amazonía
A15: 2019 (p) | B15: Diciembre | C15: 48.822125 | D15: 56.891725 | E15: 60.489714 | F15: 35.260527 | G15: 48.50377 | H15: 43.480575 | I15: 47.966955 | J15: 73.240502 | K15: 40.016351 | L15: 42.01882 | M15: 34.632679 | N15: 32.771284 | O15: 49.957888
A16: 2020 (p) | B16: Enero | C16: 49.090925 | D16: 57.090653 | E16: 60.922404 | F16: 35.38832 | G16: 48.858209 | H16: 43.969522 | I16: 48.308293 | J16: 73.265401 | K16: 40.179837 | L16: 42.302511 | M16: 34.607831 | N16: 33.138374 | O16: 50.335114
B17: Febrero | C17: 49.296594 | D17: 57.287802 | E17: 61.248447 | F17: 35.403452 | G17: 49.295756 | H17: 44.024024 | I17: 48.607833 | J17: 73.606697 | K17: 40.226467 | L17: 42.206369 | M17: 34.9644 | N17: 33.135249 | O17: 50.350926
B18: Marzo | C18: 48.299909 | D18: 55.990775 | E18: 58.963736 | F18: 34.860345 | G18: 48.012099 | H18: 43.572362 | I18: 47.57849 | J18: 73.258709 | K18: 39.846522 | L18: 41.48164 | M18: 34.848839 | N18: 32.849235 | O18: 49.767695
B19: Abril | C19: 47.437544 | D19: 54.045475 | E19: 57.647791 | F19: 34.707966 | G19: 47.553722 | H19: 43.390328 | I19: 46.744335 | J19: 73.46479 | K19: 39.377365 | L19: 40.592846 | M19: 33.776926 | N19: 32.662493 | O19: 49.698614
B20: Mayo | C20: 46.498289 | D20: 51.59154 | E20: 57.33576 | F20: 34.900394 | G20: 47.204303 | H20: 43.072134 | I20: 45.746314 | J20: 73.577228 | K20: 38.405696 | L20: 39.808365 | M20: 32.548143 | N20: 32.421669 | O20: 49.351706
B21: Junio | C21: 45.006541 | D21: 49.095961 | E21: 56.99846 | F21: 33.591745 | G21: 46.038676 | H21: 41.911719 | I21: 44.102287 | J21: 73.71816 | K21: 37.023631 | L21: 38.024806 | M21: 31.582785 | N21: 31.765082 | O21: 48.208939
B22: Julio | C22: 42.991257 | D22: 45.849898 | E22: 56.018803 | F22: 32.16089 | G22: 44.360939 | H22: 40.1086 | I22: 42.150219 | J22: 73.769056 | K22: 35.166188 | L22: 35.825974 | M22: 30.657465 | N22: 31.231545 | O22: 46.750138
B23: Agosto | C23: 40.267381 | D23: 42.047046 | E23: 53.635561 | F23: 30.469949 | G23: 41.972268 | H23: 37.41427 | I23: 39.338105 | J23: 73.345868 | K23: 32.825177 | L23: 32.965467 | M23: 29.807064 | N23: 30.308636 | O23: 45.59815
B24: Septiembre | C24: 37.411562 | D24: 37.747748 | E24: 49.86503 | F24: 29.146457 | G24: 39.56995 | H24: 35.161859 | I24: 36.953729 | J24: 72.725642 | K24: 30.383463 | L24: 30.604195 | M24: 29.033497 | N24: 29.515723 | O24: 43.562803
B25: Octubre | C25: 34.778043 | D25: 33.540744 | E25: 46.260959 | F25: 28.029194 | G25: 37.328783 | H25: 33.811057 | I25: 34.830567 | J25: 68.695595 | K25: 28.493441 | L25: 28.872621 | M25: 28.869023 | N25: 28.194104 | O25: 40.530766
B26: Noviembre | C26: 32.098414 | D26: 29.353344 | E26: 41.738923 | F26: 26.940593 | G26: 34.842711 | H26: 32.470094 | I26: 32.731299 | J26: 63.633456 | K26: 26.890877 | L26: 27.562203 | M26: 28.544958 | N26: 27.912415 | O26: 37.381812
B27: Diciembre | C27: 29.918458 | D27: 26.782764 | E27: 37.512317 | F27: 25.68047 | G27: 32.738823 | H27: 31.213078 | I27: 30.727267 | J27: 56.742079 | K27: 25.63929 | L27: 26.414759 | M27: 27.883143 | N27: 27.964659 | O27: 34.44994
A28: 2021(p) | B28: Enero | C28: 27.494708 | D28: 23.781549 | E28: 32.96867 | F28: 24.021252 | G28: 30.939967 | H28: 28.447074 | I28: 28.621214 | J28: 50.539955 | K28: 23.938025 | L28: 25.090994 | M28: 27.17878 | N28: 27.174905 | O28: 31.883695
B29: Febrero | C29: 25.039348 | D29: 19.591821 | E29: 27.931825 | F29: 23.318086 | G29: 28.896781 | H29: 27.153758 | I29: 26.927833 | J29: 44.542674 | K29: 22.440576 | L29: 24.323037 | M29: 26.340833 | N29: 27.212496 | O29: 29.335452
B30: Marzo | C30: 25.399689 | D30: 18.415252 | E30: 28.992282 | F30: 24.564491 | G30: 29.883864 | H30: 27.712241 | I30: 27.728127 | J30: 43.340865 | K30: 23.014454 | L30: 25.047066 | M30: 26.757463 | N30: 28.01424 | O30: 27.960611
B31: Abril | C31: 26.384881 | D31: 19.382173 | E31: 30.886902 | F31: 24.855292 | G31: 29.945238 | H31: 28.399485 | I31: 28.482312 | J31: 45.224138 | K31: 24.095357 | L31: 26.185211 | M31: 27.782459 | N31: 28.204992 | O31: 27.954676
B32: Mayo | C32: 26.866343 | D32: 20.221532 | E32: 31.00389 | F32: 24.508691 | G32: 30.341146 | H32: 27.896012 | I32: 29.159278 | J32: 46.232064 | K32: 24.079943 | L32: 26.804781 | M32: 28.506274 | N32: 27.797203 | O32: 27.158866
B33: Junio | C33: 28.330227 | D33: 21.45431 | E33: 32.86763 | F33: 25.662293 | G33: 32.337332 | H33: 28.87817 | I33: 30.528872 | J33: 48.771426 | K33: 24.825904 | L33: 27.979408 | M33: 30.067822 | N33: 28.386587 | O33: 27.47449
B34: Julio | C34: 30.399841 | D34: 23.214327 | E34: 35.459305 | F34: 27.22679 | G34: 34.937914 | H34: 30.859436 | I34: 32.690049 | J34: 51.383955 | K34: 26.26118 | L34: 29.812784 | M34: 31.555237 | N34: 29.374873 | O34: 28.372542
B35: Agosto | C35: 32.581198 | D35: 25.37268 | E35: 38.154674 | F35: 28.480044 | G35: 37.340988 | H35: 32.783852 | I35: 35.125698 | J35: 53.491315 | K35: 27.913948 | L35: 31.993368 | M35: 32.976028 | N35: 30.543387 | O35: 29.539744
B36: Septiembre | C36: 34.725332 | D36: 27.661207 | E36: 41.521297 | F36: 29.725888 | G36: 39.549084 | H36: 34.191002 | I36: 37.409647 | J36: 55.219579 | K36: 29.578379 | L36: 33.786441 | M36: 34.318668 | N36: 31.481986 | O36: 30.672056
B37: Octubre | C37: 36.874059 | D37: 29.974827 | E37: 45.044788 | F37: 31.158999 | G37: 42.242175 | H37: 35.481026 | I37: 39.574283 | J37: 57.937909 | K37: 30.774064 | L37: 35.441333 | M37: 34.846179 | N37: 32.59538 | O37: 31.99523
B38: Fuente: DANE, EMA
B39: (p): Cifra provisional
B40: Nota: El indicador de ocupación hotelera publicado por el DANE en la Muestra Mensual de Hoteles - MMH, entre julio 2004 y mayo 2020, se refería únicamente a los hoteles de inclusión forzosa de esa muestra. Con las nuevas estimaciones de la nueva Encuesta Mensual de Alojamiento - EMA, se amplía la cobertura de esta variable, al total de las unidades de alojamiento incluidas en la muestra para cada una de las 12 regiones investigadas.
B44: ='1.1 V.A Ing.real'!B45 -> Actualizado el 15 de diciembre de 2021

Sheet 6.1 Porc Mens Motivo.viaje.reg
L3: Inicio
A7: ENCUESTA MENSUAL DE ALOJAMIENTO - EMA
A10: 6.1 Distribución porcentual de los motivos de viaje total huéspedes regional mensual
A11: Total nacional y 12 regiones
A12: Enero 2019 - octubre 2021
A14: Año | B14: Meses | C14: Total nacional | I14: Bogotá D.C. | O14: Cartagena | U14: Central | AA14: Caribe | AG14: Eje Cafetero | AM14: Antioquia | AS14: San Andrés y Providencia | AY14: Pacífico | BE14: Santanderes | BK14: Llanos Orinoquía | BQ14: Golfo de Morrosquillo y Sabana | BW14: Amazonía
C15: Vacaciones, Ocio y Recreo | D15: Trabajo y Negocios | E15: Salud y atención médica | F15: Convenciones (MICE) | G15: **Amercos | H15: Otros | I15: Vacaciones, Ocio y Recreo | J15: Trabajo y Negocios | K15: Salud y atención médica | L15: Convenciones (MICE) | M15: **Amercos | N15: Otros | O15: Vacaciones, Ocio y Recreo | P15: Trabajo y Negocios | Q15: Salud y atención médica | R15: Convenciones (MICE) | S15: **Amercos | T15: Otros | U15: Vacaciones, Ocio y Recreo | V15: Trabajo y Negocios | W15: Salud y atención médica | X15: Convenciones (MICE) | Y15: **Amercos | Z15: Otros | AA15: Vacaciones, Ocio y Recreo | AB15: Trabajo y Negocios | AC15: Salud y atención médica | AD15: Convenciones (MICE) | AE15: **Amercos | AF15: Otros | AG15: Vacaciones, Ocio y Recreo | AH15: Trabajo y Negocios | AI15: Salud y atención médica | AJ15: Convenciones (MICE) | AK15: **Amercos | AL15: Otros | AM15: Vacaciones, Ocio y Recreo | AN15: Trabajo y Negocios | AO15: Salud y atención médica | AP15: Convenciones (MICE) | AQ15: **Amercos | AR15: Otros | AS15: Vacaciones, Ocio y Recreo | AT15: Trabajo y Negocios | AU15: Salud y atención médica | AV15: Convenciones (MICE) | AW15: **Amercos | AX15: Otros | AY15: Vacaciones, Ocio y Recreo | AZ15: Trabajo y Negocios | BA15: Salud y atención médica | BB15: Convenciones (MICE) | BC15: **Amercos | BD15: Otros | BE15: Vacaciones, Ocio y Recreo | BF15: Trabajo y Negocios | BG15: Salud y atención médica | BH15: Convenciones (MICE) | BI15: **Amercos | BJ15: Otros | BK15: Vacaciones, Ocio y Recreo | BL15: Trabajo y Negocios | BM15: Salud y atención médica | BN15: Convenciones (MICE) | BO15: **Amercos | BP15: Otros | BQ15: Vacaciones, Ocio y Recreo | BR15: Trabajo y Negocios | BS15: Salud y atención médica | BT15: Convenciones (MICE) | BU15: **Amercos | BV15: Otros | BW15: Vacaciones, Ocio y Recreo | BX15: Trabajo y Negocios | BY15: Salud y atención médica | BZ15: Convenciones (MICE) | CA15: **Amercos | CB15: Otros
A16: 2019 (p) | B16: Enero | C16: 59.351587 | D16: 31.651939 | E16: 2.1107109 | F16: 3.805331 | G16: 0.54023396 | H16: 2.5401985 | I16: 22.930371 | J16: 59.113075 | K16: 3.5527493 | L16: 5.6307112 | M16: 1.8776882 | N16: 6.8954059 | O16: 72.491639 | P16: 19.342518 | Q16: 0.32908111 | R16: 7.3531603 | S16: 0.004943397 | T16: 0.47865799 | U16: 77.897124 | V16: 17.04277 | W16: 1.1805062 | X16: 2.1542722 | Y16: 0.26314647 | Z16: 1.4621807 | AA16: 69.118497 | AB16: 25.437721 | AC16: 1.3598424 | AD16: 1.3662281 | AE16: 0.22298918 | AF16: 2.494723 | AG16: 74.527486 | AH16: 19.478441 | AI16: 1.9213021 | AJ16: 2.6771355 | AK16: 0.062943326 | AL16: 1.3326921 | AM16: 50.748694 | AN16: 39.059939 | AO16: 3.6122003 | AP16: 4.439916 | AQ16: 0.67025614 | AR16: 1.4689945 | AS16: 98.670452 | AT16: 0.66738578 | AU16: 0 | AV16: 0.053755997 | AW16: 0 | AX16: 0.60840632 | AY16: 42.431445 | AZ16: 43.659846 | BA16: 5.6980213 | BB16: 3.4771138 | BC16: 0.096829838 | BD16: 4.6367442 | BE16: 38.092318 | BF16: 51.319391 | BG16: 2.853029 | BH16: 2.616057 | BI16: 1.7021667 | BJ16: 3.417038 | BK16: 57.968457 | BL16: 38.067744 | BM16: 0.75414007 | BN16: 2.5258986 | BO16: 0.067313561 | BP16: 0.61644676 | BQ16: 61.119958 | BR16: 34.980022 | BS16: 0.54919377 | BT16: 0.50037655 | BU16: 0 | BV16: 2.8504496 | BW16: 80.425022 | BX16: 11.211522 | BY16: 4.2521213 | BZ16: 0.31962254 | CA16: 0.47562878 | CB16: 3.3160839
B17: Febrero | C17: 48.562554 | D17: 40.747057 | E17: 2.5573874 | F17: 5.0965629 | G17: 0.58154887 | H17: 2.45489 | I17: 19.343095 | J17: 62.456438 | K17: 3.4228016 | L17: 6.4574821 | M17: 2.0313173 | N17: 6.2888658 | O17: 65.571269 | P17: 24.490201 | Q17: 0.96711064 | R17: 7.495869 | S17: 0 | T17: 1.4755507 | U17: 59.59705 | V17: 31.485202 | W17: 0.65722058 | X17: 6.83257 | Y17: 0.035245544 | Z17: 1.3927118 | AA17: 61.04321 | AB17: 34.37451 | AC17: 0.98348773 | AD17: 2.3831188 | AE17: 0.1287632 | AF17: 1.0869095 | AG17: 63.300643 | AH17: 28.685609 | AI17: 3.6690807 | AJ17: 2.9841494 | AK17: 0 | AL17: 1.360518 | AM17: 41.149643 | AN17: 43.736755 | AO17: 6.1805635 | AP17: 6.027847 | AQ17: 0.58693981 | AR17: 2.3182513 | AS17: 98.549214 | AT17: 1.3382849 | AU17: 0 | AV17: 0.073045655 | AW17: 0 | AX17: 0.039455721 | AY17: 31.793214 | AZ17: 57.434669 | BA17: 3.9820054 | BB17: 5.4804422 | BC17: 0.082345129 | BD17: 1.2273233 | BE17: 26.384479 | BF17: 62.997824 | BG17: 4.1389369 | BH17: 2.8225285 | BI17: 1.0232114 | BJ17: 2.6330199 | BK17: 36.910398 | BL17: 58.689163 | BM17: 0.92530734 | BN17: 2.8426129 | BO17: 0.10282484 | BP17: 0.52969314 | BQ17: 42.652076 | BR17: 53.627281 | BS17: 1.2259479 | BT17: 1.4999503 | BU17: 0 | BV17: 0.99474514 | BW17: 85.206153 | BX17: 13.483207 | BY17: 0.41867662 | BZ17: 0.2912533 | CA17: 0.13652498 | CB17: 0.46418495
B18: Marzo | C18: 50.253155 | D18: 39.63336 | E18: 2.1757461 | F18: 4.712805 | G18: 0.60836947 | H18: 2.6165641 | I18: 18.062294 | J18: 62.903754 | K18: 4.2037659 | L18: 6.1162556 | M18: 1.9975358 | N18: 6.7163952 | O18: 68.530274 | P18: 22.696771 | Q18: 0.43990537 | R18: 8.2375668 | S18: 0.029607168 | T18: 0.065875949 | U18: 61.99732 | V18: 26.631272 | W18: 1.9042194 | X18: 6.419666 | Y18: 0.33645167 | Z18: 2.7110707 | AA18: 66.377636 | AB18: 30.636232 | AC18: 0.84574346 | AD18: 1.8123884 | AE18: 0.091538175 | AF18: 0.23646212 | AG18: 61.631562 | AH18: 32.322353 | AI18: 0.52787176 | AJ18: 4.1494658 | AK18: 0.044291706 | AL18: 1.3244554 | AM18: 43.303518 | AN18: 43.073265 | AO18: 4.2828821 | AP18: 3.9750589 | AQ18: 0.97041243 | AR18: 4.3948638 | AS18: 98.694589 | AT18: 0.64240919 | AU18: 0 | AV18: 0.067088769 | AW18: 0 | AX18: 0.59591257 | AY18: 32.630808 | AZ18: 58.486 | BA18: 2.6726878 | BB18: 4.0163025 | BC18: 0.10205798 | BD18: 2.0921439 | BE18: 24.399134 | BF18: 66.316924 | BG18: 4.0199265 | BH18: 1.6527394 | BI18: 0.37158377 | BJ18: 3.2396926 | BK18: 33.862399 | BL18: 61.869833 | BM18: 0.51391003 | BN18: 2.2247686 | BO18: 0.096237069 | BP18: 1.4328517 | BQ18: 55.087293 | BR18: 41.857043 | BS18: 0.69687783 | BT18: 2.3587862 | BU18: 0 | BV18: 0 | BW18: 73.933557 | BX18: 20.931975 | BY18: 1.0268935 | BZ18: 2.5394799 | CA18: 0.83261636 | CB18: 0.73547778
B19: Abril | C19: 52.99717 | D19: 37.974027 | E19: 2.2632739 | F19: 4.3143183 | G19: 0.44047357 | H19: 2.0107374 | I19: 20.835228 | J19: 62.578168 | K19: 3.7183255 | L19: 5.9700401 | M19: 1.2699166 | N19: 5.6283221 | O19: 71.667968 | P19: 20.276162 | Q19: 0.36420993 | R19: 7.6756497 | S19: 0 | T19: 0.016009814 | U19: 66.329257 | V19: 28.255731 | W19: 0.58677384 | X19: 2.9651835 | Y19: 0.15184411 | Z19: 1.7112099 | AA19: 64.766737 | AB19: 30.229589 | AC19: 1.7781536 | AD19: 1.9397363 | AE19: 0.031455716 | AF19: 1.2543281 | AG19: 64.99983 | AH19: 29.446919 | AI19: 0.25851155 | AJ19: 4.4482186 | AK19: 0.0046909617 | AL19: 0.84182981 | AM19: 51.14623 | AN19: 38.595457 | AO19: 4.6244664 | AP19: 3.1165642 | AQ19: 0.88744859 | AR19: 1.6298347 | AS19: 99.565249 | AT19: 0.36582578 | AU19: 0 | AV19: 0.061582845 | AW19: 0 | AX19: 0.00734257 | AY19: 37.120996 | AZ19: 53.793451 | BA19: 2.0846754 | BB19: 5.7825483 | BC19: 0.1942728 | BD19: 1.0240559 | BE19: 29.567952 | BF19: 59.64058 | BG19: 5.1952391 | BH19: 1.4672785 | BI19: 0.58817399 | BJ19: 3.5407764 | BK19: 34.087865 | BL19: 54.033589 | BM19: 5.0704427 | BN19: 4.3803483 | BO19: 0.15007156 | BP19: 2.2776833 | BQ19: 58.551597 | BR19: 38.738378 | BS19: 0.51333337 | BT19: 2.1966915 | BU19: 0 | BV19: 0 | BW19: 77.914383 | BX19: 18.136202 | BY19: 0.71841209 | BZ19: 2.638498 | CA19: 0.18515775 | CB19: 0.40734706
B20: Mayo | C20: 46.344313 | D20: 42.764109 | E20: 2.4342227 | F20: 5.1955383 | G20: 0.55289423 | H20: 2.7089231 | I20: 19.800228 | J20: 62.599181 | K20: 4.4686601 | L20: 6.0199339 | M20: 1.7518828 | N20: 5.3601137 | O20: 64.86303 | P20: 23.381791 | Q20: 0.46735777 | R20: 8.9822045 | S20: 0 | T20: 2.305617 | U20: 57.344072 | V20: 35.000859 | W20: 0.27734178 | X20: 5.3765276 | Y20: 0.19450329 | Z20: 1.8066963 | AA20: 56.323577 | AB20: 40.074128 | AC20: 1.2350432 | AD20: 2.0066499 | AE20: 0.10316953 | AF20: 0.25743206 | AG20: 56.323861 | AH20: 34.341857 | AI20: 0.13206268 | AJ20: 6.6217081 | AK20: 0.042407929 | AL20: 2.538104 | AM20: 44.419796 | AN20: 41.792623 | AO20: 4.7797165 | AP20: 5.2715284 | AQ20: 0.72375669 | AR20: 3.0125792 | AS20: 99.286698 | AT20: 0.55453416 | AU20: 0 | AV20: 0.066364129 | AW20: 0 | AX20: 0.092403613 | AY20: 32.970672 | AZ20: 56.825835 | BA20: 2.2007312 | BB20: 6.0459035 | BC20: 0.025562565 | BD20: 1.9312959 | BE20: 22.656472 | BF20: 65.083393 | BG20: 5.8050586 | BH20: 2.3760068 | BI20: 0.29459703 | BJ20: 3.7844725 | BK20: 26.810339 | BL20: 67.664054 | BM20: 0.94339623 | BN20: 2.0816823 | BO20: 0.065956998 | BP20: 2.4345709 | BQ20: 50.619559 | BR20: 44.337287 | BS20: 0.73486123 | BT20: 4.3017771 | BU20: 0 | BV20: 0.0065155524 | BW20: 82.160587 | BX20: 15.630551 | BY20: 0.37193909 | BZ20: 0.46302622 | CA20: 0.15181187 | CB20: 1.2220856
B21: Junio | C21: 52.9803 | D21: 37.419835 | E21: 2.1656934 | F21: 4.4408303 | G21: 0.35375562 | H21: 2.6395847 | I21: 21.028652 | J21: 60.616216 | K21: 3.5015046 | L21: 7.8902012 | M21: 1.1883543 | N21: 5.7750718 | O21: 65.112749 | P21: 24.16468 | Q21: 0.40395773 | R21: 7.3882171 | S21: 0 | T21: 2.9303956 | U21: 72.297185 | V21: 20.927469 | W21: 0.38398251 | X21: 4.8909788 | Y21: 0.12188343 | Z21: 1.3785018 | AA21: 66.807315 | AB21: 29.98525 | AC21: 0.96852656 | AD21: 1.4504601 | AE21: 0.094344018 | AF21: 0.69410423 | AG21: 66.777994 | AH21: 29.347645 | AI21: 0.25261714 | AJ21: 2.2236959 | AK21: 0.034250291 | AL21: 1.3637976 | AM21: 50.237206 | AN21: 38.563104 | AO21: 4.4396337 | AP21: 3.233059 | AQ21: 0.55314166 | AR21: 2.9738554 | AS21: 99.451187 | AT21: 0.44367991 | AU21: 0 | AV21: 0.046627189 | AW21: 0 | AX21: 0.05850602 | AY21: 36.686627 | AZ21: 53.220229 | BA21: 2.8434404 | BB21: 4.9313924 | BC21: 0.06571232 | BD21: 2.2525988 | BE21: 31.416184 | BF21: 58.124496 | BG21: 7.418248 | BH21: 1.3642422 | BI21: 0.21095495 | BJ21: 1.465875 | BK21: 22.624567 | BL21: 68.003843 | BM21: 1.0567976 | BN21: 1.8229821 | BO21: 0.11000539 | BP21: 6.3818045 | BQ21: 57.190741 | BR21: 39.79349 | BS21: 0.5156171 | BT21: 2.4973213 | BU21: 0 | BV21: 0.002830284 | BW21: 82.567997 | BX21: 16.832804 | BY21: 0.19190943 | BZ21: 0.20019329 | CA21: 0.20709651 | CB21: 0
B22: Julio | C22: 52.281604 | D22: 36.967779 | E22: 2.9567814 | F22: 4.3581584 | G22: 0.37515477 | H22: 3.060522 | I22: 24.654227 | J22: 56.506633 | K22: 4.992249 | L22: 6.581333 | M22: 1.1581517 | N22: 6.1074063 | O22: 70.445038 | P22: 18.980149 | Q22: 1.4946993 | R22: 6.721611 | S22: 0.0085834229 | T22: 2.3499185 | U22: 69.510468 | V22: 23.229726 | W22: 1.6454097 | X22: 3.9344743 | Y22: 0.11910383 | Z22: 1.5608186 | AA22: 65.072894 | AB22: 30.481306 | AC22: 2.2194374 | AD22: 1.9456539 | AE22: 0 | AF22: 0.28070881 | AG22: 66.295014 | AH22: 27.652791 | AI22: 1.407427 | AJ22: 1.6733784 | AK22: 0.7814608 | AL22: 2.189929 | AM22: 45.879331 | AN22: 41.164698 | AO22: 4.9381425 | AP22: 4.8806761 | AQ22: 0.31713181 | AR22: 2.8200205 | AS22: 99.110029 | AT22: 0.67267278 | AU22: 0 | AV22: 0.077027469 | AW22: 0 | AX22: 0.14027108 | AY22: 33.875133 | AZ22: 51.91736 | BA22: 2.425671 | BB22: 4.269411 | BC22: 0.028237393 | BD22: 7.4841874 | BE22: 28.009021 | BF22: 61.507223 | BG22: 5.5515105 | BH22: 2.0382642 | BI22: 0.35963702 | BJ22: 2.5343446 | BK22: 23.930927 | BL22: 72.274009 | BM22: 0.36026974 | BN22: 1.892006 | BO22: 0.21981297 | BP22: 1.322976 | BQ22: 55.939253 | BR22: 40.136631 | BS22: 0.29167992 | BT22: 3.6230598 | BU22: 0 | BV22: 0.0093766221 | BW22: 82.962815 | BX22: 16.165096 | BY22: 0.4403334 | BZ22: 0.32453143 | CA22: 0.10722404 | CB22: 0
B23: Agosto | C23: 50.306576 | D23: 39.124241 | E23: 2.7707171 | F23: 4.5872076 | G23: 0.35441694 | H23: 2.8568419 | I23: 28.072798 | J23: 55.001672 | K23: 4.0401509 | L23: 5.9817089 | M23: 1.0424242 | N23: 5.8612468 | O23: 68.850447 | P23: 23.964058 | Q23: 0.64990879 | R23: 3.9115117 | S23: 0.083752578 | T23: 2.5403216 | U23: 62.688305 | V23: 27.206584 | W23: 0.99461813 | X23: 8.649428 | Y23: 0.063120908 | Z23: 0.39794376 | AA23: 60.579205 | AB23: 34.404704 | AC23: 1.3811146 | AD23: 2.8898352 | AE23: 0.018596505 | AF23: 0.72654457 | AG23: 62.776187 | AH23: 30.684607 | AI23: 0.075101248 | AJ23: 4.3229294 | AK23: 0.048115173 | AL23: 2.09306 | AM23: 45.847349 | AN23: 39.933766 | AO23: 5.3218078 | AP23: 5.0412502 | AQ23: 0.32275317 | AR23: 3.5330738 | AS23: 99.845061 | AT23: 0.022069295 | AU23: 0 | AV23: 0.098662731 | AW23: 0 | AX23: 0.034207407 | AY23: 35.74525 | AZ23: 51.549651 | BA23: 5.4362289 | BB23: 3.9950629 | BC23: 0.34603108 | BD23: 2.9277763 | BE23: 27.747062 | BF23: 62.009089 | BG23: 5.0817389 | BH23: 1.7692555 | BI23: 0.12894151 | BJ23: 3.2639133 | BK23: 24.985954 | BL23: 67.874323 | BM23: 1.0389442 | BN23: 3.8115665 | BO23: 1.2499527 | BP23: 1.0392599 | BQ23: 52.188077 | BR23: 44.997848 | BS23: 0.94155219 | BT23: 1.7506522 | BU23: 0 | BV23: 0.12187031 | BW23: 79.744852 | BX23: 19.175677 | BY23: 0.44762757 | BZ23: 0.54576131 | CA23: 0.086082226 | CB23: 0
B24: Septiembre | C24: 47.861217 | D24: 41.017571 | E24: 2.554385 | F24: 5.1391744 | G24: 0.54456629 | H24: 2.8830858 | I24: 29.488172 | J24: 53.317606 | K24: 2.9296145 | L24: 6.2623709 | M24: 1.2701722 | N24: 6.7320638 | O24: 65.253061 | P24: 25.745579 | Q24: 1.7439453 | R24: 5.9567626 | S24: 0.050741789 | T24: 1.2499106 | U24: 58.004422 | V24: 28.040275 | W24: 2.3602453 | X24: 9.2054016 | Y24: 0.71712424 | Z24: 1.6725316 | AA24: 56.018261 | AB24: 37.389333 | AC24: 1.5405809 | AD24: 4.1005126 | AE24: 0.085043041 | AF24: 0.86626975 | AG24: 60.157695 | AH24: 33.101412 | AI24: 0.040390787 | AJ24: 4.6892911 | AK24: 0.063613573 | AL24: 1.9475972 | AM24: 43.442419 | AN24: 44.216541 | AO24: 5.5092946 | AP24: 3.4358368 | AQ24: 0.53194967 | AR24: 2.8639594 | AS24: 99.158378 | AT24: 0.15945225 | AU24: 0 | AV24: 0.55318972 | AW24: 0 | AX24: 0.12897993 | AY24: 33.321353 | AZ24: 57.421831 | BA24: 1.5820255 | BB24: 5.387486 | BC24: 0.58147248 | BD24: 1.7058314 | BE24: 25.606052 | BF24: 62.474463 | BG24: 5.5321287 | BH24: 2.4578084 | BI24: 0.18355111 | BJ24: 3.7459971 | BK24: 24.458899 | BL24: 62.671333 | BM24: 0.5163385 | BN24: 10.339066 | BO24: 1.1560928 | BP24: 0.85827033 | BQ24: 49.716212 | BR24: 45.547602 | BS24: 1.858763 | BT24: 2.877423 | BU24: 0 | BV24: 0 | BW24: 82.001032 | BX24: 15.25393 | BY24: 0.49516689 | BZ24: 2.1103873 | CA24: 0.13948363 | CB24: 0
B25: Octubre | C25: 49.78369 | D25: 38.839872 | E25: 2.5751526 | F25: 5.1037015 | G25: 0.83885045 | H25: 2.8587333 | I25: 27.198886 | J25: 54.960905 | K25: 4.1261617 | L25: 6.5542418 | M25: 2.558046 | N25: 4.6017596 | O25: 65.843578 | P25: 22.396116 | Q25: 1.6613829 | R25: 5.8669115 | S25: 0.10221565 | T25: 4.129796 | U25: 62.002887 | V25: 24.203939 | W25: 1.8619209 | X25: 9.4269226 | Y25: 0.57355051 | Z25: 1.9307803 | AA25: 58.057146 | AB25: 34.444103 | AC25: 1.5935058 | AD25: 4.7739222 | AE25: 0.081948023 | AF25: 1.049375 | AG25: 59.222197 | AH25: 34.500132 | AI25: 0.015715895 | AJ25: 4.0374883 | AK25: 0.033276002 | AL25: 2.1911913 | AM25: 54.311701 | AN25: 34.54836 | AO25: 3.6137008 | AP25: 3.420744 | AQ25: 0.66219068 | AR25: 3.4433044 | AS25: 99.487609 | AT25: 0.030409312 | AU25: 0 | AV25: 0.48198158 | AW25: 0 | AX25: 0 | AY25: 36.494941 | AZ25: 54.696927 | BA25: 1.6111672 | BB25: 5.1508425 | BC25: 0.71730468 | BD25: 1.3288177 | BE25: 28.44767 | BF25: 59.074294 | BG25: 6.3839973 | BH25: 2.0632047 | BI25: 0.099476536 | BJ25: 3.9313573 | BK25: 21.679636 | BL25: 72.740871 | BM25: 1.2098253 | BN25: 3.5138178 | BO25: 0.31414046 | BP25: 0.54170989 | BQ25: 45.146648 | BR25: 49.691108 | BS25: 0.9488384 | BT25: 1.9345217 | BU25: 0 | BV25: 2.2788839 | BW25: 78.908954 | BX25: 18.359942 | BY25: 2.2524283 | BZ25: 0.28329798 | CA25: 0.19537792 | CB25: 0
B26: Noviembre | C26: 49.830318 | D26: 38.135908 | E26: 2.6866688 | F26: 5.3927572 | G26: 0.93145781 | H26: 3.0228905 | I26: 26.180175 | J26: 52.629796 | K26: 4.5236124 | L26: 8.0976092 | M26: 2.0705031 | N26: 6.4983043 | O26: 69.290863 | P26: 24.032308 | Q26: 0.67254584 | R26: 4.8487644 | S26: 0.072077599 | T26: 1.0834404 | U26: 59.678945 | V26: 25.123896 | W26: 1.2449784 | X26: 12.211437 | Y26: 0.46574994 | Z26: 1.2749935 | AA26: 60.990401 | AB26: 33.720471 | AC26: 1.3019445 | AD26: 2.2759077 | AE26: 0.12783159 | AF26: 1.583444 | AG26: 59.029306 | AH26: 34.779843 | AI26: 0.048467167 | AJ26: 3.2668529 | AK26: 0.017212362 | AL26: 2.8583186 | AM26: 47.91901 | AN26: 39.734029 | AO26: 4.225208 | AP26: 4.1457361 | AQ26: 0.70977802 | AR26: 3.2662393 | AS26: 98.943178 | AT26: 0.18442819 | AU26: 0 | AV26: 0.87239389 | AW26: 0 | AX26: 0 | AY26: 36.757614 | AZ26: 52.369125 | BA26: 2.7011373 | BB26: 5.9420776 | BC26: 0.6481233 | BD26: 1.5819231 | BE26: 31.951843 | BF26: 55.006893 | BG26: 6.4703271 | BH26: 1.1359603 | BI26: 0.23046626 | BJ26: 5.204511 | BK26: 28.470968 | BL26: 51.945362 | BM26: 3.524267 | BN26: 2.2436991 | BO26: 9.990094 | BP26: 3.8256097 | BQ26: 50.769395 | BR26: 45.622026 | BS26: 1.7347174 | BT26: 1.8236866 | BU26: 0 | BV26: 0.050175246 | BW26: 82.171123 | BX26: 14.304832 | BY26: 0.42449708 | BZ26: 3.0275995 | CA26: 0.071948657 | CB26: 0
B27: Diciembre | C27: 58.847823 | D27: 30.298653 | E27: 3.1304432 | F27: 3.6262752 | G27: 0.66065751 | H27: 3.4361483 | I27: 29.304492 | J27: 49.850041 | K27: 6.2584923 | L27: 6.7929627 | M27: 1.9707156 | N27: 5.823296 | O27: 73.343522 | P27: 20.449852 | Q27: 0.38446875 | R27: 3.605482 | S27: 0.058078331 | T27: 2.1585964 | U27: 73.613371 | V27: 17.297653 | W27: 0.67192514 | X27: 5.3494501 | Y27: 0.54391139 | Z27: 2.5236897 | AA27: 69.329179 | AB27: 27.002627 | AC27: 0.88025632 | AD27: 1.8828285 | AE27: 0.042334755 | AF27: 0.86277448 | AG27: 72.977211 | AH27: 21.224787 | AI27: 1.382874 | AJ27: 2.6132656 | AK27: 0.052131963 | AL27: 1.7497303 | AM27: 59.654179 | AN27: 26.897858 | AO27: 6.0345366 | AP27: 2.4951534 | AQ27: 0.33595496 | AR27: 4.5823188 | AS27: 99.201534 | AT27: 0.21542543 | AU27: 0 | AV27: 0.53614306 | AW27: 0 | AX27: 0.04689739 | AY27: 42.39016 | AZ27: 42.953283 | BA27: 3.2573521 | BB27: 4.7031814 | BC27: 0.66913009 | BD27: 6.026893 | BE27: 43.214075 | BF27: 43.833548 | BG27: 6.3360593 | BH27: 1.2902759 | BI27: 0.10471209 | BJ27: 5.2213302 | BK27: 35.242257 | BL27: 50.022515 | BM27: 3.3479887 | BN27: 1.9966494 | BO27: 5.3704327 | BP27: 4.0201571 | BQ27: 62.518647 | BR27: 34.92886 | BS27: 0.66288902 | BT27: 1.8497056 | BU27: 0.0398979 | BV27: 0 | BW27: 78.633958 | BX27: 15.801968 | BY27: 2.7202137 | BZ27: 1.2117315 | CA27: 0 | CB27: 1.6321282
A28: 2020 (p) | B28: Enero | C28: 60.952456 | D28: 29.209495 | E28: 2.6714671 | F28: 3.8421865 | G28: 0.60686551 | H28: 2.7175296 | I28: 29.348703 | J28: 51.793639 | K28: 5.194073 | L28: 7.9696987 | M28: 1.9196142 | N28: 3.7742718 | O28: 75.617278 | P28: 17.59617 | Q28: 1.801767 | R28: 4.1863005 | S28: 0.6805008 | T28: 0.11798377 | U28: 77.502702 | V28: 13.194226 | W28: 1.6209949 | X28: 3.4730815 | Y28: 0.47795785 | Z28: 3.7310381 | AA28: 71.445464 | AB28: 22.335956 | AC28: 2.5150476 | AD28: 1.839938 | AE28: 0.039891754 | AF28: 1.8237032 | AG28: 78.25076 | AH28: 18.029103 | AI28: 0.14761919 | AJ28: 2.9790124 | AK28: 0.011066677 | AL28: 0.58243865 | AM28: 59.773088 | AN28: 28.325215 | AO28: 3.3627461 | AP28: 3.1792567 | AQ28: 0.33191539 | AR28: 5.0277787 | AS28: 99.473505 | AT28: 0.017130361 | AU28: 0 | AV28: 0.34392495 | AW28: 0 | AX28: 0.16543976 | AY28: 43.760935 | AZ28: 43.00513 | BA28: 2.3959562 | BB28: 5.5293381 | BC28: 0.27813587 | BD28: 5.0305055 | BE28: 42.433836 | BF28: 49.622321 | BG28: 4.1855453 | BH28: 0.6933193 | BI28: 0.81121529 | BJ28: 2.2537633 | BK28: 44.921065 | BL28: 50.042892 | BM28: 1.1702431 | BN28: 2.143399 | BO28: 0 | BP28: 1.7224006 | BQ28: 59.425876 | BR28: 36.881787 | BS28: 1.36318 | BT28: 0.71405745 | BU28: 0 | BV28: 1.6151003 | BW28: 80.51049 | BX28: 14.242951 | BY28: 3.1030335 | BZ28: 0 | CA28: 0.026727248 | CB28: 2.1167981
B29: Febrero | C29: 50.550149 | D29: 38.52622 | E29: 3.1321385 | F29: 4.5239388 | G29: 0.62050205 | H29: 2.6470512 | I29: 22.817398 | J29: 60.3438 | K29: 5.4209436 | L29: 5.4346694 | M29: 2.1015787 | N29: 3.8816096 | O29: 71.912361 | P29: 18.128277 | Q29: 1.3333004 | R29: 6.1903312 | S29: 0 | T29: 2.4357312 | U29: 63.349145 | V29: 24.523047 | W29: 1.2688463 | X29: 7.9775149 | Y29: 0.2787222 | Z29: 2.6027248 | AA29: 65.219407 | AB29: 28.920429 | AC29: 2.0808028 | AD29: 2.3655416 | AE29: 0.17255286 | AF29: 1.2412661 | AG29: 69.419403 | AH29: 26.606119 | AI29: 0.44059692 | AJ29: 2.7082963 | AK29: 0.0048919195 | AL29: 0.82069317 | AM29: 46.943196 | AN29: 41.258987 | AO29: 3.5399566 | AP29: 4.3119661 | AQ29: 0.19639663 | AR29: 3.7494973 | AS29: 99.37772 | AT29: 0.12012986 | AU29: 0 | AV29: 0.50215056 | AW29: 0 | AX29: 0 | AY29: 33.840443 | AZ29: 51.660405 | BA29: 4.898125 | BB29: 5.5010663 | BC29: 0.56091144 | BD29: 3.5390494 | BE29: 29.819347 | BF29: 59.452655 | BG29: 6.7931933 | BH29: 2.2711231 | BI29: 0.1445389 | BJ29: 1.519143 | BK29: 36.059576 | BL29: 55.246769 | BM29: 2.7937094 | BN29: 1.6908303 | BO29: 0.62182808 | BP29: 3.5872877 | BQ29: 38.729612 | BR29: 57.829174 | BS29: 1.0877952 | BT29: 2.3534188 | BU29: 0 | BV29: 0 | BW29: 73.05411 | BX29: 24.578564 | BY29: 1.417794 | BZ29: 0.16909469 | CA29: 0.78043704 | CB29: 0
B30: Marzo | C30: 48.188754 | D30: 40.569818 | E30: 3.805856 | F30: 3.9729002 | G30: 0.84682917 | H30: 2.6158434 | I30: 22.832087 | J30: 54.815566 | K30: 8.1479085 | L30: 5.7287359 | M30: 2.6468536 | N30: 5.8288499 | O30: 74.509188 | P30: 19.514958 | Q30: 0.86970516 | R30: 4.155511 | S30: 0.12850031 | T30: 0.82213768 | U30: 55.710036 | V30: 33.2236 | W30: 2.1091193 | X30: 7.5369636 | Y30: 0.52046846 | Z30: 0.89981241 | AA30: 62.401535 | AB30: 30.904687 | AC30: 1.5146664 | AD30: 3.5241221 | AE30: 0.24873207 | AF30: 1.4062573 | AG30: 65.900257 | AH30: 28.971825 | AI30: 2.9787732 | AJ30: 0.39756998 | AK30: 0.0050844852 | AL30: 1.74649 | AM30: 41.749135 | AN30: 45.666551 | AO30: 4.7592901 | AP30: 3.7982498 | AQ30: 0.33844029 | AR30: 3.6883334 | AS30: 99.702888 | AT30: 0.090359891 | AU30: 0 | AV30: 0.066694205 | AW30: 0 | AX30: 0.14005783 | AY30: 26.759183 | AZ30: 61.772448 | BA30: 4.8717544 | BB30: 4.2360197 | BC30: 0.39713145 | BD30: 1.9634633 | BE30: 22.530959 | BF30: 68.113639 | BG30: 4.833485 | BH30: 0.8507671 | BI30: 1.4745545 | BJ30: 2.196595 | BK30: 31.22152 | BL30: 61.49472 | BM30: 1.7437583 | BN30: 2.4875969 | BO30: 0.48339917 | BP30: 2.569006 | BQ30: 31.360539 | BR30: 65.79992 | BS30: 0.87108248 | BT30: 1.968458 | BU30: 0 | BV30: 0 | BW30: 71.836632 | BX30: 27.252986 | BY30: 0.79345193 | BZ30: 0.11692976 | CA30: 0 | CB30: 0
B31: Abril | C31: 7.9695024 | D31: 68.032607 | E31: 11.962954 | F31: 0.74722056 | G31: 3.1471701 | H31: 8.1405454 | I31: 2.7718299 | J31: 63.988187 | K31: 18.121277 | L31: 1.6610076 | M31: 1.8381496 | N31: 11.619549 | O31: 3.7534862 | P31: 54.332289 | Q31: 2.1992985 | R31: 0.19993622 | S31: 19.953635 | T31: 19.561355 | U31: 0 | V31: 99.939237 | W31: 0 | X31: 0 | Y31: 0.060762972 | Z31: 0 | AA31: 20.555815 | AB31: 73.970014 | AC31: 0 | AD31: 0 | AE31: 0.50580724 | AF31: 4.9683632 | AG31: 0 | AH31: 93.126473 | AI31: 6.8735271 | AJ31: 0 | AK31: 0 | AL31: 0 | AM31: 26.182762 | AN31: 57.239925 | AO31: 12.38705 | AP31: 0 | AQ31: 0.45801527 | AR31: 3.7322475 | AS31: - | AT31: - | AU31: - | AV31: - | AW31: - | AX31: - | AY31: 7.8142566 | AZ31: 55.511518 | BA31: 28.831387 | BB31: 0.4401593 | BC31: 0.24008689 | BD31: 7.1625922 | BE31: 4.3348731 | BF31: 89.712303 | BG31: 3.6289013 | BH31: 0 | BI31: 1.066485 | BJ31: 1.2574381 | BK31: 0.44663484 | BL31: 89.579987 | BM31: 7.1395569 | BN31: 1.2760995 | BO31: 0.77886075 | BP31: 0.77886075 | BQ31: 0 | BR31: 100 | BS31: 0 | BT31: 0 | BU31: 0 | BV31: 0 | BW31: 0 | BX31: 100 | BY31: 0 | BZ31: 0 | CA31: 0 | CB31: 0
B32: Mayo | C32: 6.505104 | D32: 67.637174 | E32: 7.631298 | F32: 1.0915083 | G32: 0.47272042 | H32: 16.662195 | I32: 0.11194704 | J32: 60.968703 | K32: 5.52904 | L32: 2.2660247 | M32: 1.0653024 | N32: 30.058983 | O32: 0.023251844 | P32: 40.626416 | Q32: 2.4181918 | R32: 0 | S32: 0.30300979 | T32: 56.62913 | U32: 0 | V32: 97.872192 | W32: 2.1106021 | X32: 0 | Y32: 0.017205996 | Z32: 0 | AA32: 9.7028758 | AB32: 83.456454 | AC32: 0.18059152 | AD32: 0 | AE32: 0 | AF32: 6.6600791 | AG32: 0 | AH32: 86.534309 | AI32: 11.660477 | AJ32: 0 | AK32: 0 | AL32: 1.8052145 | AM32: 22.895443 | AN32: 55.290445 | AO32: 14.012364 | AP32: 1.7174155 | AQ32: 0 | AR32: 6.0843317 | AS32: - | AT32: - | AU32: - | AV32: - | AW32: - | AX32: - | AY32: 0.35492206 | AZ32: 80.183992 | BA32: 15.906187 | BB32: 0.87055283 | BC32: 0.047701525 | BD32: 2.636645 | BE32: 1.9592014 | BF32: 94.275313 | BG32: 1.7426336 | BH32: 0 | BI32: 1.8582917 | BJ32: 0.1645605 | BK32: 1.3923713 | BL32: 94.93376 | BM32: 0 | BN32: 0 | BO32: 0.73441807 | BP32: 2.9394505 | BQ32: 0 | BR32: 100 | BS32: 0 | BT32: 0 | BU32: 0 | BV32: 0 | BW32: 0 | BX32: 90.927419 | BY32: 9.0725806 | BZ32: 0 | CA32: 0 | CB32: 0
B33: Junio | C33: 3.7692259 | D33: 66.305211 | E33: 12.31601 | F33: 0.43341805 | G33: 1.6743858 | H33: 15.501749 | I33: 1.0591871 | J33: 53.314277 | K33: 15.129353 | L33: 0.19711097 | M33: 3.7366283 | N33: 26.563444 | O33: 0.019271019 | P33: 45.448381 | Q33: 5.7986252 | R33: 0 | S33: 4.251943 | T33: 44.48178 | U33: 0.91346554 | V33: 95.637864 | W33: 2.9155904 | X33: 0 | Y33: 0.014373802 | Z33: 0.51870677 | AA33: 1.1769897 | AB33: 90.231701 | AC33: 0.50114479 | AD33: 0 | AE33: 0.08794629 | AF33: 8.002218 | AG33: 6.3942274 | AH33: 90.106276 | AI33: 0.31122006 | AJ33: 0 | AK33: 0 | AL33: 3.1882766 | AM33: 10.694766 | AN33: 51.530733 | AO33: 23.243002 | AP33: 1.203311 | AQ33: 0.58744565 | AR33: 12.740744 | AS33: - | AT33: - | AU33: - | AV33: - | AW33: - | AX33: - | AY33: 1.6631638 | AZ33: 87.164284 | BA33: 8.8536618 | BB33: 0.5211686 | BC33: 1.1935692 | BD33: 0.60415229 | BE33: 1.2342912 | BF33: 80.890034 | BG33: 10.485873 | BH33: 0 | BI33: 0.1357548 | BJ33: 7.2540468 | BK33: 0.89987516 | BL33: 95.969039 | BM33: 0.94282147 | BN33: 1.1585518 | BO33: 0.94282147 | BP33: 0.086891386 | BQ33: 12.098752 | BR33: 87.901248 | BS33: 0 | BT33: 0 | BU33: 0 | BV33: 0 | BW33: 0 | BX33: 61.821835 | BY33: 38.178165 | BZ33: 0 | CA33: 0 | CB33: 0
B34: Julio | C34: 1.5171208 | D34: 74.119642 | E34: 10.741828 | F34: 0.54690243 | G34: 0.37075578 | H34: 12.703752 | I34: 0.61195776 | J34: 62.72458 | K34: 12.490041 | L34: 0.83111952 | M34: 0.71633203 | N34: 22.62597 | O34: 0.31674325 | P34: 61.364468 | Q34: 2.5033717 | R34: 0.65463128 | S34: 0 | T34: 35.160786 | U34: 1.241939 | V34: 93.232822 | W34: 1.882461 | X34: 0.097762649 | Y34: 0.0081272563 | Z34: 3.5368877 | AA34: 0 | AB34: 85.840493 | AC34: 4.3232346 | AD34: 0.044464541 | AE34: 0.10004522 | AF34: 9.6917628 | AG34: 12.100005 | AH34: 81.616081 | AI34: 3.43921 | AJ34: 0 | AK34: 0 | AL34: 2.8447032 | AM34: 1.5462838 | AN34: 50.893663 | AO34: 27.531949 | AP34: 0.16031156 | AQ34: 0.68871553 | AR34: 19.179077 | AS34: - | AT34: - | AU34: - | AV34: - | AW34: - | AX34: - | AY34: 1.5388177 | AZ34: 86.743073 | BA34: 7.5554638 | BB34: 0.70149112 | BC34: 0.022871679 | BD34: 3.4382827 | BE34: 1.8047321 | BF34: 83.987308 | BG34: 8.8746261 | BH34: 1.6372042 | BI34: 0.49714441 | BJ34: 3.1989847 | BK34: 0 | BL34: 98.295893 | BM34: 0.54069027 | BN34: 0.74151809 | BO34: 0.28286358 | BP34: 0.13903464 | BQ34: 0 | BR34: 98.383657 | BS34: 1.2018963 | BT34: 0 | BU34: 0 | BV34: 0.41444702 | BW34: 0 | BX34: 89.354199 | BY34: 5.5102491 | BZ34: 0 | CA34: 2.7551245 | CB34: 2.3804276
B35: Agosto | C35: 4.5881036 | D35: 76.623958 | E35: 10.157345 | F35: 0.65902496 | G35: 0.53891071 | H35: 7.4326573 | I35: 1.9622965 | J35: 70.145841 | K35: 14.417561 | L35: 0.039316498 | M35: 1.7097636 | N35: 11.725221 | O35: 1.1935846 | P35: 91.524131 | Q35: 5.2103817 | R35: 0 | S35: 0.57379744 | T35: 1.4981056 | U35: 2.9877663 | V35: 93.542279 | W35: 2.3731169 | X35: 0 | Y35: 0.025891823 | Z35: 1.0709458 | AA35: 0.52938328 | AB35: 88.540673 | AC35: 3.0964699 | AD35: 0.023355145 | AE35: 0.65394405 | AF35: 7.1561747 | AG35: 46.215616 | AH35: 52.511248 | AI35: 0.51873046 | AJ35: 0 | AK35: 0.033901282 | AL35: 0.72050435 | AM35: 1.7157032 | AN35: 63.004196 | AO35: 19.237799 | AP35: 0.38919059 | AQ35: 0.30989889 | AR35: 15.343212 | AS35: - | AT35: - | AU35: - | AV35: - | AW35: - | AX35: - | AY35: 0.22014519 | AZ35: 80.736581 | BA35: 10.694434 | BB35: 4.4450745 | BC35: 0.065042897 | BD35: 3.8387222 | BE35: 3.1818731 | BF35: 83.299196 | BG35: 8.7080144 | BH35: 0.12311255 | BI35: 0.44994705 | BJ35: 4.2378564 | BK35: 0 | BL35: 95.830684 | BM35: 3.84217 | BN35: 0.20818378 | BO35: 0 | BP35: 0.11896216 | BQ35: 0.047684736 | BR35: 96.508796 | BS35: 0.55859262 | BT35: 0 | BU35: 0 | BV35: 2.8849265 | BW35: 0 | BX35: 83.299054 | BY35: 16.700946 | BZ35: 0 | CA35: 0 | CB35: 0
B36: Septiembre | C36: 29.773726 | D36: 58.481579 | E36: 6.8800873 | F36: 0.88711937 | G36: 0.35895888 | H36: 3.6185292 | I36: 10.996101 | J36: 66.292106 | K36: 10.500178 | L36: 1.5118856 | M36: 1.1569594 | N36: 9.5427703 | O36: 46.519284 | P36: 46.631047 | Q36: 6.6684306 | R36: 0.1555913 | S36: 0 | T36: 0.02564781 | U36: 36.413514 | V36: 59.824915 | W36: 2.6859164 | X36: 0.021960273 | Y36: 0 | Z36: 1.0536953 | AA36: 33.417985 | AB36: 64.059688 | AC36: 1.148243 | AD36: 0.1285335 | AE36: 0.021422251 | AF36: 1.2241286 | AG36: 66.890371 | AH36: 32.740042 | AI36: 0.28473031 | AJ36: 0 | AK36: 0.048489593 | AL36: 0.036367195 | AM36: 33.846154 | AN36: 44.524253 | AO36: 13.005507 | AP36: 0.63564918 | AQ36: 0.41174459 | AR36: 7.5766913 | AS36: 100 | AT36: 0 | AU36: 0 | AV36: 0 | AW36: 0 | AX36: 0 | AY36: 15.950861 | AZ36: 72.874886 | BA36: 7.7149142 | BB36: 3.3459 | BC36: 0.045483773 | BD36: 0.067954922 | BE36: 14.990453 | BF36: 73.831724 | BG36: 8.0229631 | BH36: 0.22025583 | BI36: 1.0920751 | BJ36: 1.8425289 | BK36: 13.706144 | BL36: 81.610297 | BM36: 1.1145471 | BN36: 3.0913948 | BO36: 0.057314013 | BP36: 0.42030276 | BQ36: 14.088664 | BR36: 84.381548 | BS36: 1.0791972 | BT36: 0 | BU36: 0 | BV36: 0.45059082 | BW36: 13.624354 | BX36: 79.908099 | BY36: 2.2400919 | BZ36: 0 | CA36: 0 | CB36: 4.2274555
B37: Octubre | C37: 49.320709 | D37: 43.6812 | E37: 3.1013033 | F37: 0.70978517 | G37: 0.40871941 | H37: 2.7782824 | I37: 18.709197 | J37: 66.131297 | K37: 7.0893933 | L37: 0.99625205 | M37: 0.8109493 | N37: 6.2629108 | O37: 70.382195 | P37: 28.865026 | Q37: 0.55256453 | R37: 0.097247168 | S37: 0 | T37: 0.10296759 | U37: 60.801058 | V37: 31.843594 | W37: 0.88315989 | X37: 0.48625703 | Y37: 0.51860022 | Z37: 5.4673303 | AA37: 62.653755 | AB37: 35.45887 | AC37: 1.2910748 | AD37: 0.019821876 | AE37: 0.092589271 | AF37: 0.48388917 | AG37: 72.685431 | AH37: 26.662477 | AI37: 0.094782936 | AJ37: 0.089129796 | AK37: 0 | AL37: 0.46817901 | AM37: 42.007549 | AN37: 43.913152 | AO37: 6.7859449 | AP37: 1.7733372 | AQ37: 0.39461149 | AR37: 5.1254055 | AS37: 98.37436 | AT37: 1.6256401 | AU37: 0 | AV37: 0 | AW37: 0 | AX37: 0 | AY37: 38.014867 | AZ37: 55.837175 | BA37: 3.2758101 | BB37: 1.3836168 | BC37: 0.96411309 | BD37: 0.5244185 | BE37: 29.52187 | BF37: 63.154074 | BG37: 4.0834722 | BH37: 0.82736785 | BI37: 0.70953061 | BJ37: 1.7036853 | BK37: 43.285102 | BL37: 54.155456 | BM37: 1.7591464 | BN37: 0.20383344 | BO37: 0.40358041 | BP37: 0.19288169 | BQ37: 29.507984 | BR37: 69.535753 | BS37: 0.95626274 | BT37: 0 | BU37: 0 | BV37: 0 | BW37: 8.4972678 | BX37: 86.557377 | BY37: 4.7814208 | BZ37: 0 | CA37: 0 | CB37: 0.16393443
B38: Noviembre | C38: 49.741061 | D38: 42.884472 | E38: 3.4721257 | F38: 1.0949262 | G38: 0.27583621 | H38: 2.5315795 | I38: 20.178009 | J38: 61.487193 | K38: 9.4594281 | L38: 1.4854901 | M38: 0.66726143 | N38: 6.7226179 | O38: 74.40037 | P38: 24.585905 | Q38: 0.060377584 | R38: 0.95334777 | S38: 0 | T38: 0 | U38: 59.975993 | V38: 34.425376 | W38: 1.7925569 | X38: 0.24464225 | Y38: 0.49515938 | Z38: 3.0662726 | AA38: 62.768855 | AB38: 33.344717 | AC38: 0.71515918 | AD38: 0.02780291 | AE38: 0.089490618 | AF38: 3.0539759 | AG38: 73.105708 | AH38: 24.265237 | AI38: 0.94811256 | AJ38: 0.85101646 | AK38: 0 | AL38: 0.8299256 | AM38: 51.110911 | AN38: 39.387103 | AO38: 4.9566693 | AP38: 1.4069009 | AQ38: 0.32838603 | AR38: 2.8100297 | AS38: 98.70696 | AT38: 1.2930396 | AU38: 0 | AV38: 0 | AW38: 0 | AX38: 0 | AY38: 29.475776 | AZ38: 62.195007 | BA38: 3.4844001 | BB38: 4.2284241 | BC38: 0 | BD38: 0.61639315 | BE38: 25.531967 | BF38: 66.756031 | BG38: 6.2364151 | BH38: 0.38449539 | BI38: 0.47225731 | BJ38: 0.61883403 | BK38: 37.130113 | BL38: 60.205844 | BM38: 0.6996271 | BN38: 1.5647248 | BO38: 0.36986548 | BP38: 0.029825144 | BQ38: 31.320949 | BR38: 66.474836 | BS38: 2.1168621 | BT38: 0.087353319 | BU38: 0 | BV38: 0 | BW38: 11.329693 | BX38: 83.306568 | BY38: 4.8177292 | BZ38: 0 | CA38: 0 | CB38: 0.54600931
B39: Diciembre | C39: 59.430099 | D39: 33.40805 | E39: 3.162969 | F39: 1.4038246 | G39: 0.3940382 | H39: 2.2010187 | I39: 25.940199 | J39: 55.183918 | K39: 7.8063459 | L39: 1.9840738 | M39: 1.5626896 | N39: 7.5227739 | O39: 82.473166 | P39: 16.694557 | Q39: 0.14481309 | R39: 0.63009614 | S39: 0 | T39: 0.057368078 | U39: 71.944688 | V39: 20.300164 | W39: 2.4320848 | X39: 1.5155752 | Y39: 0.24388303 | Z39: 3.563605 | AA39: 73.966144 | AB39: 23.292013 | AC39: 0.38181769 | AD39: 0.02972324 | AE39: 0.014118539 | AF39: 2.3161835 | AG39: 76.318731 | AH39: 21.584317 | AI39: 1.5907014 | AJ39: 0.074341557 | AK39: 0.036460288 | AL39: 0.39544856 | AM39: 59.355277 | AN39: 30.800142 | AO39: 6.5180942 | AP39: 1.7464813 | AQ39: 0.45387497 | AR39: 1.1261311 | AS39: 99.234685 | AT39: 0.76531546 | AU39: 0 | AV39: 0 | AW39: 0 | AX39: 0 | AY39: 34.837529 | AZ39: 56.734698 | BA39: 2.0586028 | BB39: 5.9301538 | BC39: 0.095073001 | BD39: 0.34394249 | BE39: 35.804966 | BF39: 58.213588 | BG39: 4.5383679 | BH39: 0.23187777 | BI39: 0.5686998 | BJ39: 0.64250054 | BK39: 45.655107 | BL39: 51.409691 | BM39: 0.5397707 | BN39: 1.0888324 | BO39: 0.045055135 | BP39: 1.2615438 | BQ39: 47.301193 | BR39: 49.738459 | BS39: 0.95692677 | BT39: 1.2608646 | BU39: 0.74255673 | BV39: 0 | BW39: 25.956508 | BX39: 70.43002 | BY39: 0.57226946 | BZ39: 0 | CA39: 0 | CB39: 3.0412034
A40: 2021(p) | B40: Enero | C40: 62.469879 | D40: 31.700973 | E40: 2.2759129 | F40: 0.96204507 | G40: 0.21640957 | H40: 2.3747805 | I40: 25.464524 | J40: 53.839225 | K40: 7.5170693 | L40: 0.77036191 | M40: 1.4828045 | N40: 10.926016 | O40: 82.688711 | P40: 16.671387 | Q40: 0.37772764 | R40: 0.21937861 | S40: 0 | T40: 0.04279533 | U40: 74.085221 | V40: 20.934391 | W40: 0.87249456 | X40: 1.1029278 | Y40: 0.14914123 | Z40: 2.8558244 | AA40: 73.958692 | AB40: 23.438697 | AC40: 0.75187694 | AD40: 0.12189249 | AE40: 0.031827483 | AF40: 1.6970143 | AG40: 79.446947 | AH40: 19.686214 | AI40: 0.13882574 | AJ40: 0.62152483 | AK40: 0 | AL40: 0.1064879 | AM40: 52.920545 | AN40: 37.292221 | AO40: 4.3960526 | AP40: 2.5172995 | AQ40: 0.16555418 | AR40: 2.7083283 | AS40: 99.540058 | AT40: 0.4188423 | AU40: 0 | AV40: 0 | AW40: 0.041099601 | AX40: 0 | AY40: 41.170125 | AZ40: 53.335684 | BA40: 2.1992703 | BB40: 2.9095452 | BC40: 0 | BD40: 0.38537482 | BE40: 37.621072 | BF40: 56.286941 | BG40: 4.7113812 | BH40: 0.47798769 | BI40: 0.077811949 | BJ40: 0.82480666 | BK40: 46.906961 | BL40: 50.715389 | BM40: 1.5612253 | BN40: 0.61112224 | BO40: 0 | BP40: 0.20530191 | BQ40: 54.99608 | BR40: 44.252743 | BS40: 0.25797415 | BT40: 0.041898355 | BU40: 0.0083796709 | BV40: 0.44292546 | BW40: 29.9388 | BX40: 50.428397 | BY40: 5.4345165 | BZ40: 4.5532436 | CA40: 0 | CB40: 9.6450428
B41: Febrero | C41: 55.657413 | D41: 36.897658 | E41: 2.5786728 | F41: 1.7331703 | G41: 0.35168432 | H41: 2.7814014 | I41: 29.886534 | J41: 54.793332 | K41: 4.889261 | L41: 1.0481881 | M41: 2.0911068 | N41: 7.2915783 | O41: 74.498784 | P41: 23.664613 | Q41: 0.099116802 | R41: 1.7155482 | S41: 0 | T41: 0.021937888 | U41: 68.85367 | V41: 25.778485 | W41: 1.1684493 | X41: 1.2182605 | Y41: 0.027334457 | Z41: 2.953801 | AA41: 69.224393 | AB41: 27.546041 | AC41: 0.93306365 | AD41: 0.34709572 | AE41: 0.0085914781 | AF41: 1.9408149 | AG41: 74.285348 | AH41: 24.059407 | AI41: 1.0372321 | AJ41: 0.27895225 | AK41: 0 | AL41: 0.33906058 | AM41: 47.885231 | AN41: 37.993013 | AO41: 5.6192631 | AP41: 2.3986274 | AQ41: 0.28268839 | AR41: 5.8211767 | AS41: 99.712953 | AT41: 0.28704664 | AU41: 0 | AV41: 0 | AW41: 0 | AX41: 0 | AY41: 30.132371 | AZ41: 61.586331 | BA41: 3.474829 | BB41: 4.1913501 | BC41: 0.020100831 | BD41: 0.59501728 | BE41: 30.727541 | BF41: 59.333788 | BG41: 5.2697331 | BH41: 3.2724588 | BI41: 0.20636002 | BJ41: 1.1901193 | BK41: 36.595709 | BL41: 61.423453 | BM41: 0.14542193 | BN41: 1.5922217 | BO41: 0.048638854 | BP41: 0.19455542 | BQ41: 46.412917 | BR41: 46.117551 | BS41: 0.55518995 | BT41: 6.6979779 | BU41: 0.025454613 | BV41: 0.1909096 | BW41: 11.759987 | BX41: 82.207605 | BY41: 5.1339644 | BZ41: 0.12834911 | CA41: 0 | CB41: 0.77009466
B42: Marzo | C42: 56.568539 | D42: 37.173435 | E42: 2.7556057 | F42: 1.3642191 | G42: 0.22802341 | H42: 1.9101775 | I42: 26.404723 | J42: 61.484434 | K42: 4.3559096 | L42: 1.5402583 | M42: 0.88793017 | N42: 5.3267449 | O42: 74.907148 | P42: 22.634664 | Q42: 0.081029629 | R42: 2.187297 | S42: 0 | T42: 0.18986141 | U42: 75.691831 | V42: 19.807992 | W42: 0.98421285 | X42: 0.96693721 | Y42: 0.059664723 | Z42: 2.4893616 | AA42: 67.13427 | AB42: 28.191437 | AC42: 1.3737135 | AD42: 0.22097559 | AE42: 0.034171734 | AF42: 3.0454323 | AG42: 72.377415 | AH42: 25.408727 | AI42: 0.98905077 | AJ42: 0.45832436 | AK42: 0.087888241 | AL42: 0.67859447 | AM42: 48.565064 | AN42: 39.054361 | AO42: 7.8413992 | AP42: 2.4637757 | AQ42: 0.31353863 | AR42: 1.7618612 | AS42: 99.872595 | AT42: 0.12740491 | AU42: 0 | AV42: 0 | AW42: 0 | AX42: 0 | AY42: 33.117548 | AZ42: 60.520049 | BA42: 2.487588 | BB42: 2.7004542 | BC42: 0.4770254 | BD42: 0.69733533 | BE42: 37.156393 | BF42: 56.933169 | BG42: 4.0988256 | BH42: 0.79251037 | BI42: 0.096700147 | BJ42: 0.92240132 | BK42: 37.1188 | BL42: 60.265299 | BM42: 1.6333654 | BN42: 0.40787221 | BO42: 0.097690637 | BP42: 0.47697316 | BQ42: 44.946819 | BR42: 53.423329 | BS42: 1.4363908 | BT42: 0 | BU42: 0 | BV42: 0.19346172 | BW42: 7.3325079 | BX42: 89.572156 | BY42: 3.0953364 | BZ42: 0 | CA42: 0 | CB42: 0
B43: Abril | C43: 55.279367 | D43: 37.735823 | E43: 3.2108288 | F43: 1.0701134 | G43: 0.34510386 | H43: 2.3587637 | I43: 32.514929 | J43: 51.602442 | K43: 5.6558213 | L43: 1.1392215 | M43: 1.5862044 | N43: 7.5013818 | O43: 77.063779 | P43: 22.289094 | Q43: 0.16923864 | R43: 0.47609866 | S43: 0 | T43: 0.0017894182 | U43: 64.3296 | V43: 29.626657 | W43: 1.9388284 | X43: 1.2764342 | Y43: 0.011297384 | Z43: 2.817183 | AA43: 69.629113 | AB43: 27.113124 | AC43: 1.3444131 | AD43: 0.17669732 | AE43: 0.02822975 | AF43: 1.7084227 | AG43: 72.028182 | AH43: 26.998641 | AI43: 0.64513876 | AJ43: 0.27157759 | AK43: 0.0075730388 | AL43: 0.048888173 | AM43: 47.67736 | AN43: 35.852266 | AO43: 8.6256136 | AP43: 3.1492712 | AQ43: 0.25872172 | AR43: 4.4367669 | AS43: 99.567139 | AT43: 0.43286126 | AU43: 0 | AV43: 0 | AW43: 0 | AX43: 0 | AY43: 32.545881 | AZ43: 62.168823 | BA43: 3.194551 | BB43: 1.5903252 | BC43: 0.31162225 | BD43: 0.18879734 | BE43: 32.947106 | BF43: 59.611559 | BG43: 5.4828846 | BH43: 0.6081695 | BI43: 0.59704444 | BJ43: 0.75323664 | BK43: 33.643527 | BL43: 64.210308 | BM43: 0.51534865 | BN43: 0.89009452 | BO43: 0 | BP43: 0.74072234 | BQ43: 41.102403 | BR43: 58.003942 | BS43: 0.89365583 | BT43: 0 | BU43: 0 | BV43: 0 | BW43: 24.130219 | BX43: 72.949801 | BY43: 2.9199801 | BZ43: 0 | CA43: 0 | CB43: 0
B44: Mayo | C44: 56.773329 | D44: 36.090863 | E44: 3.4371216 | F44: 1.0522385 | G44: 0.37737847 | H44: 2.2690694 | I44: 29.886818 | J44: 54.1125 | K44: 7.0526371 | L44: 1.3701461 | M44: 1.44059 | N44: 6.1373082 | O44: 78.689105 | P44: 18.507319 | Q44: 0.35011264 | R44: 2.417829 | S44: 0.018153989 | T44: 0.017481011 | U44: 76.084852 | V44: 19.436692 | W44: 1.2393269 | X44: 1.1286029 | Y44: 0.13576832 | Z44: 1.9747578 | AA44: 68.42578 | AB44: 29.639669 | AC44: 0.44790227 | AD44: 0.096498414 | AE44: 0.034395474 | AF44: 1.355755 | AG44: 68.901111 | AH44: 27.697205 | AI44: 1.5748802 | AJ44: 1.6666927 | AK44: 0 | AL44: 0.16011124 | AM44: 51.063374 | AN44: 35.560197 | AO44: 7.732643 | AP44: 0.74827321 | AQ44: 0.57939101 | AR44: 4.3161218 | AS44: 99.70925 | AT44: 0.29075041 | AU44: 0 | AV44: 0 | AW44: 0 | AX44: 0 | AY44: 27.07504 | AZ44: 67.386776 | BA44: 3.5898902 | BB44: 1.6576371 | BC44: 0.15419617 | BD44: 0.13646079 | BE44: 28.035013 | BF44: 63.256358 | BG44: 6.093061 | BH44: 0.76103737 | BI44: 0.18416839 | BJ44: 1.6703618 | BK44: 32.665074 | BL44: 62.209338 | BM44: 3.5527519 | BN44: 1.4032549 | BO44: 0.14383252 | BP44: 0.025747796 | BQ44: 50.24502 | BR44: 48.024977 | BS44: 1.0664761 | BT44: 0.035636122 | BU44: 0 | BV44: 0.62789109 | BW44: 18.842937 | BX44: 79.80948 | BY44: 1.3475836 | BZ44: 0 | CA44: 0 | CB44: 0
B45: Junio | C45: 61.842102 | D45: 32.244537 | E45: 2.5490896 | F45: 0.77488479 | G45: 0.37096079 | H45: 2.2184255 | I45: 31.03606 | J45: 53.693407 | K45: 5.179625 | L45: 1.1309577 | M45: 2.2690691 | N45: 6.6908806 | O45: 82.507841 | P45: 16.366551 | Q45: 0.27283924 | R45: 0.55877133 | S45: 0.051555674 | T45: 0.24244219 | U45: 73.288965 | V45: 21.286991 | W45: 1.8829781 | X45: 1.4569746 | Y45: 0.045684917 | Z45: 2.0384059 | AA45: 73.462111 | AB45: 23.10059 | AC45: 1.0980134 | AD45: 0.33777434 | AE45: 0.0061302058 | AF45: 1.995382 | AG45: 73.152474 | AH45: 25.289483 | AI45: 0.24777588 | AJ45: 0.91678616 | AK45: 0.0063986925 | AL45: 0.38708235 | AM45: 58.088274 | AN45: 32.470609 | AO45: 5.2038697 | AP45: 0.31050504 | AQ45: 0.15704527 | AR45: 3.7696968 | AS45: 99.780802 | AT45: 0.14241677 | AU45: 0.076781216 | AV45: 0 | AW45: 0 | AX45: 0 | AY45: 37.8999 | AZ45: 56.019788 | BA45: 4.0366945 | BB45: 1.5052567 | BC45: 0.030880632 | BD45: 0.50747946 | BE45: 34.797693 | BF45: 58.697943 | BG45: 4.7968741 | BH45: 0.83998635 | BI45: 0.19184013 | BJ45: 0.67566391 | BK45: 43.296342 | BL45: 53.154638 | BM45: 1.806374 | BN45: 1.4286416 | BO45: 0 | BP45: 0.31400366 | BQ45: 44.576021 | BR45: 53.942603 | BS45: 0.96964593 | BT45: 0.43564837 | BU45: 0 | BV45: 0.076081449 | BW45: 26.702849 | BX45: 71.953867 | BY45: 1.0176391 | BZ45: 0.3256445 | CA45: 0 | CB45: 0
B46: Julio | C46: 61.584753 | D46: 32.062599 | E46: 2.1549017 | F46: 1.266937 | G46: 0.58860949 | H46: 2.3421996 | I46: 29.63462 | J46: 53.23697 | K46: 4.7913853 | L46: 3.017202 | M46: 2.4429573 | N46: 6.8768652 | O46: 80.879968 | P46: 17.440248 | Q46: 0.52120396 | R46: 1.1365073 | S46: 0.0063991161 | T46: 0.015673784 | U46: 75.96277 | V46: 18.811155 | W46: 0.70901307 | X46: 2.2551742 | Y46: 0.03095679 | Z46: 2.2309309 | AA46: 72.808071 | AB46: 24.215446 | AC46: 0.34163216 | AD46: 0.14156625 | AE46: 0.016140239 | AF46: 2.4771441 | AG46: 74.455552 | AH46: 23.16763 | AI46: 0.15933114 | AJ46: 0.63360316 | AK46: 0.024809347 | AL46: 1.5590745 | AM46: 58.960594 | AN46: 31.031776 | AO46: 5.3127137 | AP46: 0.61133945 | AQ46: 0.54221609 | AR46: 3.5413608 | AS46: 99.952668 | AT46: 0.047331651 | AU46: 0 | AV46: 0 | AW46: 0 | AX46: 0 | AY46: 38.120893 | AZ46: 54.066966 | BA46: 3.3357341 | BB46: 1.9259081 | BC46: 1.6598738 | BD46: 0.89062457 | BE46: 34.198098 | BF46: 60.406327 | BG46: 3.4699974 | BH46: 0.98702497 | BI46: 0.85036326 | BJ46: 0.08818951 | BK46: 47.25234 | BL46: 50.229078 | BM46: 0.86764698 | BN46: 1.5462895 | BO46: 0.032701656 | BP46: 0.071943642 | BQ46: 46.285821 | BR46: 51.881141 | BS46: 0.83054245 | BT46: 0.77571847 | BU46: 0 | BV46: 0.22677725 | BW46: 57.166185 | BX46: 39.53021 | BY46: 0.81648034 | BZ46: 0 | CA46: 0 | CB46: 2.4871247
B47: Agosto | C47: 57.768993 | D47: 35.736391 | E47: 2.2439356 | F47: 1.7110534 | G47: 0.43348709 | H47: 2.1061398 | I47: 31.052721 | J47: 55.279448 | K47: 3.6900137 | L47: 2.3562131 | M47: 1.7719905 | N47: 5.8496137 | O47: 73.836581 | P47: 22.283465 | Q47: 0.26843012 | R47: 3.6115239 | S47: 0 | T47: 0 | U47: 71.9885 | V47: 23.039949 | W47: 0.95907356 | X47: 2.0348821 | Y47: 0.03908569 | Z47: 1.9385089 | AA47: 67.814817 | AB47: 29.292831 | AC47: 0.86411623 | AD47: 0.096404419 | AE47: 0.0026928609 | AF47: 1.9291381 | AG47: 71.724242 | AH47: 26.313215 | AI47: 0.34409344 | AJ47: 1.0785484 | AK47: 0 | AL47: 0.53990142 | AM47: 56.647487 | AN47: 33.583564 | AO47: 5.2795213 | AP47: 0.83102668 | AQ47: 0.47402897 | AR47: 3.1843723 | AS47: 99.934008 | AT47: 0.013893153 | AU47: 0.052099323 | AV47: 0 | AW47: 0 | AX47: 0 | AY47: 35.897688 | AZ47: 55.211636 | BA47: 3.4383137 | BB47: 3.5219556 | BC47: 0.042840957 | BD47: 1.8875652 | BE47: 33.416093 | BF47: 59.370256 | BG47: 4.0069743 | BH47: 0.64343141 | BI47: 1.582758 | BJ47: 0.98048675 | BK47: 38.892127 | BL47: 57.026473 | BM47: 2.7216061 | BN47: 1.3494665 | BO47: 0.01032755 | BP47: 0 | BQ47: 38.725431 | BR47: 58.175963 | BS47: 1.2819663 | BT47: 1.8166397 | BU47: 0 | BV47: 0 | BW47: 65.308287 | BX47: 33.78781 | BY47: 0.45952633 | BZ47: 0.38378024 | CA47: 0 | CB47: 0.060596879
B48: Septiembre | C48: 54.701641 | D48: 37.704206 | E48: 2.8210642 | F48: 2.1509645 | G48: 0.38527296 | H48: 2.2368508 | I48: 30.21397 | J48: 54.106863 | K48: 4.7627585 | L48: 2.9507151 | M48: 1.5954324 | N48: 6.3702613 | O48: 75.657164 | P48: 21.245302 | Q48: 0.42674889 | R48: 2.6707858 | S48: 0 | T48: 0 | U48: 66.165483 | V48: 28.061134 | W48: 1.01733 | X48: 2.7468994 | Y48: 0.065140512 | Z48: 1.9440126 | AA48: 64.674775 | AB48: 31.440456 | AC48: 0.5457782 | AD48: 0.60218566 | AE48: 0.020206389 | AF48: 2.7165987 | AG48: 68.139275 | AH48: 28.417275 | AI48: 0.35940508 | AJ48: 1.1285809 | AK48: 0.024703312 | AL48: 1.9307606 | AM48: 51.61248 | AN48: 37.56015 | AO48: 7.0888896 | AP48: 1.3851992 | AQ48: 0.41174112 | AR48: 1.9415401 | AS48: 99.989299 | AT48: 0.010700651 | AU48: 0 | AV48: 0 | AW48: 0 | AX48: 0 | AY48: 33.399638 | AZ48: 54.911842 | BA48: 3.891129 | BB48: 5.8121821 | BC48: 0.34577037 | BD48: 1.6394386 | BE48: 32.23274 | BF48: 60.551448 | BG48: 6.4471372 | BH48: 0.30740612 | BI48: 0.10479609 | BJ48: 0.35647324 | BK48: 40.686816 | BL48: 53.928501 | BM48: 0.28105476 | BN48: 3.7638066 | BO48: 0.55450135 | BP48: 0.78531981 | BQ48: 31.101805 | BR48: 64.79034 | BS48: 2.0286945 | BT48: 2.0791608 | BU48: 0 | BV48: 0 | BW48: 80.763693 | BX48: 18.741001 | BY48: 0.20733744 | BZ48: 0.28796867 | CA48: 0 | CB48: 0
B49: Octubre | C49: 56.317924 | D49: 35.277983 | E49: 3.0825324 | F49: 2.5606448 | G49: 0.41647926 | H49: 2.3444365 | I49: 33.192945 | J49: 50.682719 | K49: 5.0866912 | L49: 2.5394127 | M49: 0.80059904 | N49: 7.6976326 | O49: 69.7095 | P49: 26.437071 | Q49: 0.28730061 | R49: 3.562331 | S49: 0 | T49: 0.00379716 | U49: 70.501362 | V49: 23.689339 | W49: 1.6265385 | X49: 3.7419388 | Y49: 0.057737227 | Z49: 0.38308468 | AA49: 67.441241 | AB49: 28.414752 | AC49: 1.3212075 | AD49: 0.68035855 | AE49: 0.0061920499 | AF49: 2.1362492 | AG49: 72.457795 | AH49: 24.931451 | AI49: 0.24136198 | AJ49: 0.86604746 | AK49: 0.044924222 | AL49: 1.4584203 | AM49: 52.888961 | AN49: 32.870651 | AO49: 8.164389 | AP49: 2.3701729 | AQ49: 0.27614442 | AR49: 3.4296821 | AS49: 99.810762 | AT49: 0.18923839 | AU49: 0 | AV49: 0 | AW49: 0 | AX49: 0 | AY49: 31.131042 | AZ49: 58.283398 | BA49: 3.3376927 | BB49: 2.5981626 | BC49: 3.2136666 | BD49: 1.4360373 | BE49: 37.03247 | BF49: 49.766383 | BG49: 5.9411399 | BH49: 6.577315 | BI49: 0.097686036 | BJ49: 0.58500615 | BK49: 38.781799 | BL49: 58.076582 | BM49: 0.23693771 | BN49: 1.5987875 | BO49: 0.076088494 | BP49: 1.2298048 | BQ49: 36.309947 | BR49: 59.337084 | BS49: 2.386373 | BT49: 1.9665956 | BU49: 0 | BV49: 0 | BW49: 76.712016 | BX49: 20.5898 | BY49: 0.36735831 | BZ49: 2.1281447 | CA49: 0.030402067 | CB49: 0.17227838
B51: Fuente: DANE, EMA
B52: (p): Cifra provisional
B53: **Amercos: los amercos se refieren a imprevistos del viaje.
B54: Nota: Para la región San Andrés y Providencia para los meses de abril hasta agosto de 2020 no se presenta motivos de viaje al no tener oferta de alojamiento.
B55: ='1.1 V.A Ing.real'!B45 -> Actualizado el 15 de diciembre de 2021

Sheet 6.2 Porc AC Motivo.viaje.reg
L3: Inicio
A7: ENCUESTA MENSUAL DE ALOJAMIENTO - EMA
A10: 6.2 Distribución porcentual de los motivos de viaje total huéspedes regional año corrido
A11: Total nacional y 12 regiones
A12: ='6.1 Porc Mens Motivo.viaje.reg'!A12 -> Enero 2019 - octubre 2021
A14: Año | B14: Meses | C14: Total nacional | I14: Bogotá D.C. | O14: Cartagena | U14: Central | AA14: Caribe | AG14: Eje Cafetero | AM14: Antioquia | AS14: San Andrés y Providencia | AY14: Pacífico | BE14: Santanderes | BK14: Llanos Orinoquía | BQ14: Golfo de Morrosquillo y Sabana | BW14: Amazonía
C15: Vacaciones, Ocio y Recreo | D15: Trabajo y Negocios | E15: Salud y atención médica | F15: Convenciones (MICE) | G15: **Amercos | H15: Otros | I15: Vacaciones, Ocio y Recreo | J15: Trabajo y Negocios | K15: Salud y atención médica | L15: Convenciones (MICE) | M15: **Amercos | N15: Otros | O15: Vacaciones, Ocio y Recreo | P15: Trabajo y Negocios | Q15: Salud y atención médica | R15: Convenciones (MICE) | S15: **Amercos | T15: Otros | U15: Vacaciones, Ocio y Recreo | V15: Trabajo y Negocios | W15: Salud y atención médica | X15: Convenciones (MICE) | Y15: **Amercos | Z15: Otros | AA15: Vacaciones, Ocio y Recreo | AB15: Trabajo y Negocios | AC15: Salud y atención médica | AD15: Convenciones (MICE) | AE15: **Amercos | AF15: Otros | AG15: Vacaciones, Ocio y Recreo | AH15: Trabajo y Negocios | AI15: Salud y atención médica | AJ15: Convenciones (MICE) | AK15: **Amercos | AL15: Otros | AM15: Vacaciones, Ocio y Recreo | AN15: Trabajo y Negocios | AO15: Salud y atención médica | AP15: Convenciones (MICE) | AQ15: **Amercos | AR15: Otros | AS15: Vacaciones, Ocio y Recreo | AT15: Trabajo y Negocios | AU15: Salud y atención médica | AV15: Convenciones (MICE) | AW15: **Amercos | AX15: Otros | AY15: Vacaciones, Ocio y Recreo | AZ15: Trabajo y Negocios | BA15: Salud y atención médica | BB15: Convenciones (MICE) | BC15: **Amercos | BD15: Otros | BE15: Vacaciones, Ocio y Recreo | BF15: Trabajo y Negocios | BG15: Salud y atención médica | BH15: Convenciones (MICE) | BI15: **Amercos | BJ15: Otros | BK15: Vacaciones, Ocio y Recreo | BL15: Trabajo y Negocios | BM15: Salud y atención médica | BN15: Convenciones (MICE) | BO15: **Amercos | BP15: Otros | BQ15: Vacaciones, Ocio y Recreo | BR15: Trabajo y Negocios | BS15: Salud y atención médica | BT15: Convenciones (MICE) | BU15: **Amercos | BV15: Otros | BW15: Vacaciones, Ocio y Recreo | BX15: Trabajo y Negocios | BY15: Salud y atención médica | BZ15: Convenciones (MICE) | CA15: **Amercos | CB15: Otros
A16: 2019 (p) | B16: Enero | C16: 59.351587 | D16: 31.651939 | E16: 2.1107109 | F16: 3.805331 | G16: 0.54023396 | H16: 2.5401985 | I16: 22.930371 | J16: 59.113075 | K16: 3.5527493 | L16: 5.6307112 | M16: 1.8776882 | N16: 6.8954059 | O16: 72.491639 | P16: 19.342518 | Q16: 0.32908111 | R16: 7.3531603 | S16: 0.004943397 | T16: 0.47865799 | U16: 77.897124 | V16: 17.04277 | W16: 1.1805062 | X16: 2.1542722 | Y16: 0.26314647 | Z16: 1.4621807 | AA16: 69.118497 | AB16: 25.437721 | AC16: 1.3598424 | AD16: 1.3662281 | AE16: 0.22298918 | AF16: 2.494723 | AG16: 74.527486 | AH16: 19.478441 | AI16: 1.9213021 | AJ16: 2.6771355 | AK16: 0.062943326 | AL16: 1.3326921 | AM16: 50.748694 | AN16: 39.059939 | AO16: 3.6122003 | AP16: 4.439916 | AQ16: 0.67025614 | AR16: 1.4689945 | AS16: 98.670452 | AT16: 0.66738578 | AU16: 0 | AV16: 0.053755997 | AW16: 0 | AX16: 0.60840632 | AY16: 42.431445 | AZ16: 43.659846 | BA16: 5.6980213 | BB16: 3.4771138 | BC16: 0.096829838 | BD16: 4.6367442 | BE16: 38.092318 | BF16: 51.319391 | BG16: 2.853029 | BH16: 2.616057 | BI16: 1.7021667 | BJ16: 3.417038 | BK16: 57.968457 | BL16: 38.067744 | BM16: 0.75414007 | BN16: 2.5258986 | BO16: 0.067313561 | BP16: 0.61644676 | BQ16: 61.119958 | BR16: 34.980022 | BS16: 0.54919377 | BT16: 0.50037655 | BU16: 0 | BV16: 2.8504496 | BW16: 80.425022 | BX16: 11.211522 | BY16: 4.2521213 | BZ16: 0.31962254 | CA16: 0.47562878 | CB16: 3.3160839
B17: Febrero | C17: 54.436827 | D17: 35.795065 | E17: 2.3141868 | F17: 4.3935296 | G17: 0.55905426 | H17: 2.5013377 | I17: 21.02774 | J17: 60.886338 | K17: 3.4838272 | L17: 6.0692166 | M17: 1.9591705 | N17: 6.5737072 | O17: 69.259453 | P17: 21.746764 | Q17: 0.6270753 | R17: 7.419813 | S17: 0.002634564 | T17: 0.94426062 | U17: 70.892807 | V17: 22.570582 | W17: 0.98021968 | X17: 3.9448814 | Y17: 0.17591784 | Z17: 1.4355916 | AA17: 65.641244 | AB17: 29.285941 | AC17: 1.1977825 | AD17: 1.8041056 | AE17: 0.18241507 | AF17: 1.8885125 | AG17: 70.118255 | AH17: 23.094465 | AI17: 2.6077247 | AJ17: 2.7977121 | AK17: 0.038222962 | AL17: 1.3436205 | AM17: 46.591209 | AN17: 41.085535 | AO17: 4.7245949 | AP17: 5.1276715 | AQ17: 0.63417065 | AR17: 1.8368197 | AS17: 98.612476 | AT17: 0.98820787 | AU17: 0 | AV17: 0.062980258 | AW17: 0 | AX17: 0.33633575 | AY17: 37.392534 | AZ17: 50.184438 | BA17: 4.8852121 | BB17: 4.4260116 | BC17: 0.089969002 | BD17: 3.0218358 | BE17: 32.607859 | BF17: 56.790075 | BG17: 3.455404 | BH17: 2.7127772 | BI17: 1.3841146 | BJ17: 3.0497699 | BK17: 49.959723 | BL17: 45.910417 | BM17: 0.81923786 | BN17: 2.6463504 | BO17: 0.080819096 | BP17: 0.5834529 | BQ17: 53.455832 | BR17: 42.718589 | BS17: 0.83004508 | BT17: 0.91519725 | BU17: 0 | BV17: 2.0803368 | BW17: 82.868359 | BX17: 12.372438 | BY17: 2.2930872 | BZ17: 0.30512479 | CA17: 0.30233402 | CB17: 1.8586565
B18: Marzo | C18: 53.026419 | D18: 37.089039 | E18: 2.2675154 | F18: 4.5011645 | G18: 0.57567951 | H18: 2.540183 | I18: 19.958722 | J18: 61.613599 | K18: 3.743359 | L18: 6.0861737 | M18: 1.9730009 | N18: 6.625145 | O18: 69.008854 | P18: 22.073255 | Q18: 0.56275009 | R18: 7.7008527 | S18: 0.011904313 | T18: 0.64238373 | U18: 68.16671 | V18: 23.815015 | W18: 1.2633871 | X18: 4.7033 | Y18: 0.22511478 | Z18: 1.8264729 | AA18: 65.897889 | AB18: 29.75654 | AC18: 1.0750909 | AD18: 1.8069923 | AE18: 0.15074292 | AF18: 1.3127448 | AG18: 67.48648 | AH18: 25.956089 | AI18: 1.9627497 | AJ18: 3.2168992 | AK18: 0.040104917 | AL18: 1.3376773 | AM18: 45.488386 | AN18: 41.752298 | AO18: 4.5764268 | AP18: 4.7410393 | AQ18: 0.74695955 | AR18: 2.6948897 | AS18: 98.639227 | AT18: 0.87555516 | AU18: 0 | AV18: 0.06431871 | AW18: 0 | AX18: 0.42089949 | AY18: 35.806612 | AZ18: 52.949324 | BA18: 4.1483174 | BB18: 4.2895555 | BC18: 0.093995309 | BD18: 2.7121962 | BE18: 29.936507 | BF18: 59.890381 | BG18: 3.6391156 | BH18: 2.3678109 | BI18: 1.0546084 | BJ18: 3.1115761 | BK18: 45.092248 | BL18: 50.736192 | BM18: 0.72691346 | BN18: 2.5188734 | BO18: 0.085481151 | BP18: 0.84029236 | BQ18: 54.031663 | BR18: 42.414502 | BS18: 0.78304309 | BT18: 1.4247185 | BU18: 0 | BV18: 1.3460724 | BW18: 80.625383 | BX18: 14.521208 | BY18: 1.9752243 | BZ18: 0.86603311 | CA18: 0.4354551 | CB18: 1.5766958
B19: Abril | C19: 53.019987 | D19: 37.308563 | E19: 2.2648262 | F19: 4.4529121 | G19: 0.54273681 | H19: 2.4109741 | I19: 20.307742 | J19: 61.795352 | K19: 3.7227451 | L19: 6.0338076 | M19: 1.7897297 | N19: 6.3506238 | O19: 69.625466 | P19: 21.656534 | Q19: 0.51671137 | R19: 7.6950085 | S19: 0.0091438675 | T19: 0.49713627 | U19: 67.721734 | V19: 24.890425 | W19: 1.0995314 | X19: 4.2823795 | Y19: 0.20737079 | Z19: 1.7985596 | AA19: 65.638311 | AB19: 29.865096 | AC19: 1.2364305 | AD19: 1.8374545 | AE19: 0.12336876 | AF19: 1.2993392 | AG19: 66.923291 | AH19: 26.74671 | AI19: 1.5767652 | AJ19: 3.4957746 | AK19: 0.032084186 | AL19: 1.2253752 | AM19: 46.876998 | AN19: 40.977511 | AO19: 4.5882172 | AP19: 4.3423423 | AQ19: 0.78143996 | AR19: 2.4334918 | AS19: 98.853638 | AT19: 0.75753224 | AU19: 0 | AV19: 0.063685247 | AW19: 0 | AX19: 0.32514437 | AY19: 36.128436 | AZ19: 53.156007 | BA19: 3.6430388 | BB19: 4.6551118 | BC19: 0.11854805 | BD19: 2.2988584 | BE19: 29.839125 | BF19: 59.824377 | BG19: 4.0502842 | BH19: 2.1298667 | BI19: 0.93136425 | BJ19: 3.2249821 | BK19: 42.455585 | BL19: 51.526252 | BM19: 1.7676281 | BN19: 2.9648849 | BO19: 0.10095709 | BP19: 1.1846929 | BQ19: 55.117564 | BR19: 41.531324 | BS19: 0.71824612 | BT19: 1.6101828 | BU19: 0 | BV19: 1.0226825 | BW19: 79.884173 | BX19: 15.509578 | BY19: 1.6316013 | BZ19: 1.3506399 | CA19: 0.36702171 | CB19: 1.2569861
B20: Mayo | C20: 51.750491 | D20: 38.346031 | E20: 2.2970399 | F20: 4.5941355 | G20: 0.54466842 | H20: 2.4676343 | I20: 20.196296 | J20: 61.971867 | K20: 3.8865423 | L20: 6.030761 | M20: 1.7814188 | N20: 6.1331154 | O20: 68.823908 | P20: 21.946909 | Q20: 0.50840475 | R20: 7.9116543 | S20: 0.0076048786 | T20: 0.80151861 | U20: 65.969155 | V20: 26.597874 | W20: 0.96068011 | X20: 4.4671592 | Y20: 0.20519773 | Z20: 1.7999337 | AA20: 64.066877 | AB20: 31.587401 | AC20: 1.2361965 | AD20: 1.8659985 | AE20: 0.11996107 | AF20: 1.1235652 | AG20: 65.062431 | AH20: 28.080131 | AI20: 1.32313 | AJ20: 4.0445705 | AK20: 0.033896645 | AL20: 1.4558409 | AM20: 46.389439 | AN20: 41.139246 | AO20: 4.6262146 | AP20: 4.5267117 | AQ20: 0.76999442 | AR20: 2.5483946 | AS20: 98.938518 | AT20: 0.71774449 | AU20: 0 | AV20: 0.064210309 | AW20: 0 | AX20: 0.27952704 | AY20: 35.46245 | AZ20: 53.929989 | BA20: 3.33885 | BB20: 4.9484356 | BC20: 0.09893702 | BD20: 2.2213379 | BE20: 28.397011 | BF20: 60.880269 | BG20: 4.4026033 | BH20: 2.179286 | BI20: 0.80351575 | BJ20: 3.3373151 | BK20: 39.971869 | BL20: 54.088163 | BM20: 1.6367795 | BN20: 2.8246746 | BO20: 0.095400749 | BP20: 1.3831137 | BQ20: 54.231688 | BR20: 42.083955 | BS20: 0.72151844 | BT20: 2.1402886 | BU20: 0 | BV20: 0.82254982 | BW20: 80.453443 | BX20: 15.53983 | BY20: 1.3165937 | BZ20: 1.1286716 | CA20: 0.31320352 | CB20: 1.2482584
B21: Junio | C21: 52.018233 | D21: 38.158653 | E21: 2.2676086 | F21: 4.5553643 | G21: 0.51013682 | H21: 2.4900047 | I21: 20.335845 | J21: 61.744585 | K21: 3.8219886 | L21: 6.3425064 | M21: 1.6819883 | N21: 6.0730874 | O21: 68.363293 | P21: 22.247105 | Q21: 0.48805279 | R21: 7.7720381 | S21: 0.0063685723 | T21: 1.1231417 | U21: 67.235846 | V21: 25.462821 | W21: 0.84524169 | X21: 4.5519958 | Y21: 0.18852058 | Z21: 1.7155751 | AA21: 64.470382 | AB21: 31.42561 | AC21: 1.1767824 | AD21: 1.7744005 | AE21: 0.11425506 | AF21: 1.0385693 | AG21: 65.368765 | AH21: 28.30646 | AI21: 1.1319772 | AJ21: 3.7194317 | AK21: 0.033959793 | AL21: 1.4394054 | AM21: 47.095376 | AN21: 40.666609 | AO21: 4.5919832 | AP21: 4.2893695 | AQ21: 0.73020915 | AR21: 2.6264525 | AS21: 99.023459 | AT21: 0.67233647 | AU21: 0 | AV21: 0.061297074 | AW21: 0 | AX21: 0.24290747 | AY21: 35.681312 | AZ21: 53.803096 | BA21: 3.2502794 | BB21: 4.9453886 | BC21: 0.092997023 | BD21: 2.2269268 | BE21: 28.952989 | BF21: 60.372796 | BG21: 4.957932 | BH21: 2.0291963 | BI21: 0.69439613 | BJ21: 2.9926909 | BK21: 37.596679 | BL21: 55.993495 | BM21: 1.5573685 | BN21: 2.687523 | BO21: 0.097400415 | BP21: 2.0675336 | BQ21: 54.778528 | BR21: 41.660672 | BS21: 0.68346742 | BT21: 2.206269 | BU21: 0 | BV21: 0.67106384 | BW21: 80.909489 | BX21: 15.818686 | BY21: 1.0740329 | BZ21: 0.92842659 | CA21: 0.29031941 | CB21: 0.97904638
B22: Julio | C22: 52.096566 | D22: 37.949067 | E22: 2.3737185 | F22: 4.516171 | G22: 0.48774752 | H22: 2.57673 | I22: 21.513236 | J22: 60.506711 | K22: 4.0024808 | L22: 6.3490064 | M22: 1.5826932 | N22: 6.0458726 | O22: 68.667274 | P22: 21.770058 | Q22: 0.63504537 | R22: 7.6186526 | S22: 0.0066919893 | T22: 1.3022782 | U22: 67.62402 | V22: 25.081733 | W22: 0.98179382 | X22: 4.446613 | Y22: 0.17667431 | Z22: 1.6891652 | AA22: 64.563511 | AB22: 31.279652 | AC22: 1.3379431 | AD22: 1.8008707 | AE22: 0.096594933 | AF22: 0.92142865 | AG22: 65.520334 | AH22: 28.199496 | AI22: 1.1770509 | AJ22: 3.3846222 | AK22: 0.15627842 | AL22: 1.5622187 | AM22: 46.799316 | AN22: 40.89899 | AO22: 4.6288078 | AP22: 4.366896 | AQ22: 0.65956613 | AR22: 2.6464247 | AS22: 99.036757 | AT22: 0.67238813 | AU22: 0 | AV22: 0.063713366 | AW22: 0 | AX22: 0.22714185 | AY22: 35.388669 | AZ22: 53.497563 | BA22: 3.1166735 | BB22: 4.8358644 | BC22: 0.082504446 | BD22: 3.0787262 | BE22: 28.808259 | BF22: 60.546727 | BG22: 5.0489401 | BH22: 2.0305866 | BI22: 0.6430705 | BJ22: 2.9224167 | BK22: 35.949603 | BL22: 57.955718 | BM22: 1.4130872 | BN22: 2.5916427 | BO22: 0.11215429 | BP22: 1.9777952 | BQ22: 54.944924 | BR22: 41.442193 | BS22: 0.62730272 | BT22: 2.4093731 | BU22: 0 | BV22: 0.57620765 | BW22: 81.263431 | BX22: 15.878398 | BY22: 0.96479901 | BZ22: 0.82433019 | CA22: 0.25875835 | CB22: 0.8102833
B23: Agosto | C23: 51.854666 | D23: 38.107881 | E23: 2.4273691 | F23: 4.525771 | G23: 0.46972914 | H23: 2.6145845 | I23: 22.485863 | J23: 59.690445 | K23: 4.0080664 | L23: 6.294545 | M23: 1.5025842 | N23: 6.0184969 | O23: 68.687765 | P23: 22.015492 | Q23: 0.63670808 | R23: 7.2039485 | S23: 0.015312471 | T23: 1.4407735 | U23: 66.918689 | V23: 25.385382 | W23: 0.98362646 | X23: 5.0472102 | Y23: 0.16044713 | Z23: 1.5046451 | AA23: 64.043042 | AB23: 31.687877 | AC23: 1.3435826 | AD23: 1.943122 | AE23: 0.086406009 | AF23: 0.89597097 | AG23: 65.09908 | AH23: 28.580986 | AI23: 1.0078906 | AJ23: 3.5286618 | AK23: 0.13967427 | AL23: 1.6437081 | AM23: 46.656164 | AN23: 40.753844 | AO23: 4.7330175 | AP23: 4.4683018 | AQ23: 0.60891798 | AR23: 2.7797543 | AS23: 99.123311 | AT23: 0.60275106 | AU23: 0 | AV23: 0.067455794 | AW23: 0 | AX23: 0.20648215 | AY23: 35.439845 | AZ23: 53.218 | BA23: 3.4495747 | BB23: 4.7151931 | BC23: 0.12032563 | BD23: 3.057062 | BE23: 28.66182 | BF23: 60.748525 | BG23: 5.0534661 | BH23: 1.9945244 | BI23: 0.57212357 | BJ23: 2.9695413 | BK23: 34.999882 | BL23: 58.814912 | BM23: 1.3806772 | BN23: 2.6973181 | BO23: 0.21071558 | BP23: 1.8964949 | BQ23: 54.617899 | BR23: 41.863974 | BS23: 0.66457984 | BT23: 2.3312338 | BU23: 0 | BV23: 0.52231293 | BW23: 81.073279 | BX23: 16.291273 | BY23: 0.90004053 | BZ23: 0.78944872 | CA23: 0.23713643 | CB23: 0.70882234
B24: Septiembre | C24: 51.42548 | D24: 38.420592 | E24: 2.4410198 | F24: 4.5916949 | G24: 0.47777207 | H24: 2.643441 | I24: 23.350111 | J24: 58.903888 | K24: 3.8749602 | L24: 6.2905739 | M24: 1.4738991 | N24: 6.1065678 | O24: 68.413337 | P24: 22.313521 | Q24: 0.72517485 | R24: 7.1043 | S24: 0.018143226 | T24: 1.4255238 | U24: 65.988227 | V24: 25.662497 | W24: 1.1273165 | X24: 5.4812378 | Y24: 0.21855249 | Z24: 1.5221689 | AA24: 63.208475 | AB24: 32.280821 | AC24: 1.3640701 | AD24: 2.1674878 | AE24: 0.086264262 | AF24: 0.89288208 | AG24: 64.569198 | AH24: 29.065726 | AI24: 0.90414222 | AJ24: 3.6531201 | AK24: 0.13151802 | AL24: 1.6762952 | AM24: 46.302259 | AN24: 41.135165 | AO24: 4.818503 | AP24: 4.3546043 | AQ24: 0.60044205 | AR24: 2.7890271 | AS24: 99.127029 | AT24: 0.55574656 | AU24: 0 | AV24: 0.11895984 | AW24: 0 | AX24: 0.19826432 | AY24: 35.176451 | AZ24: 53.740666 | BA24: 3.2173804 | BB24: 4.79878 | BC24: 0.1776605 | BD24: 2.8890621 | BE24: 28.314706 | BF24: 60.94458 | BG24: 5.1078389 | BH24: 2.0471503 | BI24: 0.52798442 | BJ24: 3.0577413 | BK24: 33.860527 | BL24: 59.231746 | BM24: 1.2872525 | BN24: 3.5233001 | BO24: 0.31289961 | BP24: 1.7842752 | BQ24: 54.151273 | BR24: 42.214645 | BS24: 0.77826245 | BT24: 2.3832294 | BU24: 0 | BV24: 0.47259032 | BW24: 81.197473 | BX24: 16.152408 | BY24: 0.84584202 | BZ24: 0.96627648 | CA24: 0.22406411 | CB24: 0.61393567
B25: Octubre | C25: 51.259823 | D25: 38.451432 | E25: 2.4544493 | F25: 4.6409775 | G25: 0.51903696 | H25: 2.6742816 | I25: 23.773523 | J25: 58.470112 | K25: 3.9025954 | L25: 6.3195806 | M25: 1.5931684 | N25: 5.9410206 | O25: 68.151556 | P25: 22.29732 | Q25: 0.80505888 | R25: 6.9833072 | S25: 0.058037692 | T25: 1.7047203 | U25: 65.552807 | V25: 25.503142 | W25: 1.207576 | X25: 5.9123254 | Y25: 0.25733796 | Z25: 1.5668119 | AA25: 62.734607 | AB25: 32.47982 | AC25: 1.3851758 | AD25: 2.4072524 | AE25: 0.085867213 | AF25: 0.90727779 | AG25: 64.07209 | AH25: 29.570961 | AI25: 0.82154562 | AJ25: 3.6888546 | AK25: 0.1223845 | AL25: 1.7241649 | AM25: 47.123249 | AN25: 40.459999 | AO25: 4.6950073 | AP25: 4.2588809 | AQ25: 0.60677146 | AR25: 2.8560924 | AS25: 99.160817 | AT25: 0.50652027 | AU25: 0 | AV25: 0.15297649 | AW25: 0 | AX25: 0.17968613 | AY25: 35.332354 | AZ25: 53.853738 | BA25: 3.0274554 | BB25: 4.8404092 | BC25: 0.24147014 | BD25: 2.7045727 | BE25: 28.328858 | BF25: 60.745516 | BG25: 5.2436669 | BH25: 2.048859 | BI25: 0.48237616 | BJ25: 3.1507247 | BK25: 32.519941 | BL25: 60.718513 | BM25: 1.2787311 | BN25: 3.5222565 | BO25: 0.31303617 | BP25: 1.6475228 | BQ25: 53.215105 | BR25: 42.991937 | BS25: 0.79599643 | BT25: 2.3365793 | BU25: 0 | BV25: 0.66038214 | BW25: 80.927411 | BX25: 16.412913 | BY25: 1.0118294 | BZ25: 0.88568008 | CA25: 0.22067893 | CB25: 0.54148682
B26: Noviembre | C26: 51.142592 | D26: 38.411193 | E26: 2.4750879 | F26: 4.7087568 | G26: 0.55681186 | H26: 2.7055593 | I26: 24.114148 | J26: 57.817886 | K26: 3.9579992 | L26: 6.4848974 | M26: 1.6376924 | N26: 5.9873767 | O26: 68.245214 | P26: 22.439946 | Q26: 0.79416553 | R26: 6.8078352 | S26: 0.059191855 | T26: 1.6536474 | U26: 64.99068 | V26: 25.466848 | W26: 1.2111554 | X26: 6.5151493 | Y26: 0.27728295 | Z26: 1.538885 | AA26: 62.587501 | AB26: 32.584456 | AC26: 1.3781561 | AD26: 2.3961749 | AE26: 0.089406478 | AF26: 0.96430547 | AG26: 63.681852 | AH26: 29.974052 | AI26: 0.76172069 | AJ26: 3.6561979 | AK26: 0.11424572 | AL26: 1.8119317 | AM26: 47.200339 | AN26: 40.38967 | AO26: 4.6494951 | AP26: 4.2479199 | AQ26: 0.61675032 | AR26: 2.8958258 | AS26: 99.142331 | AT26: 0.47916185 | AU26: 0 | AV26: 0.21408362 | AW26: 0 | AX26: 0.16442364 | AY26: 35.475891 | AZ26: 53.704224 | BA26: 2.9945922 | BB26: 4.9513574 | BC26: 0.28242387 | BD26: 2.5915115 | BE26: 28.693635 | BF26: 60.167727 | BG26: 5.3671721 | BH26: 1.9569445 | BI26: 0.45701282 | BJ26: 3.3575085 | BK26: 32.094783 | BL26: 59.797298 | BM26: 1.5145211 | BN26: 3.388003 | BO26: 1.3291649 | BP26: 1.8762304 | BQ26: 53.006114 | BR26: 43.216683 | BS26: 0.87621191 | BT26: 2.2927517 | BU26: 0 | BV26: 0.60823881 | BW26: 81.055133 | BX26: 16.196427 | BY26: 0.95151401 | BZ26: 1.1056418 | CA26: 0.20540526 | CB26: 0.4858795
B27: Diciembre | C27: 51.804079 | D27: 37.714738 | E27: 2.5313496 | F27: 4.6158267 | G27: 0.56572691 | H27: 2.7682797 | I27: 24.488334 | J27: 57.243463 | K27: 4.1238478 | L27: 6.5071066 | M27: 1.6617009 | N27: 5.9755477 | O27: 68.634017 | P27: 22.288179 | Q27: 0.76292151 | R27: 6.5636195 | S27: 0.059106937 | T27: 1.6921555 | U27: 65.85091 | V27: 24.65186 | W27: 1.1573599 | X27: 6.398855 | Y27: 0.30388274 | Z27: 1.6371325 | AA27: 63.168819 | AB27: 32.103149 | AC27: 1.3352234 | AD27: 2.3519103 | AE27: 0.085347599 | AF27: 0.9555507 | AG27: 64.48753 | AH27: 29.215706 | AI27: 0.81555936 | AJ27: 3.5658014 | AK27: 0.10886199 | AL27: 1.8065404 | AM27: 48.430898 | AN27: 39.056549 | AO27: 4.7863505 | AP27: 4.0747298 | AQ27: 0.58900504 | AR27: 3.0624675 | AS27: 99.146977 | AT27: 0.45846542 | AU27: 0 | AV27: 0.23935688 | AW27: 0 | AX27: 0.15520089 | AY27: 36.129179 | AZ27: 52.688432 | BA27: 3.0194188 | BB27: 4.9279087 | BC27: 0.31896142 | BD27: 2.9161002 | BE27: 30.122211 | BF27: 58.560708 | BG27: 5.462495 | BH27: 1.8913551 | BI27: 0.42235213 | BJ27: 3.5408784 | BK27: 32.405587 | BL27: 58.832066 | BM27: 1.6955708 | BN27: 3.2506107 | BO27: 1.7282286 | BP27: 2.0879371 | BQ27: 53.92917 | BR27: 42.412468 | BS27: 0.85551196 | BT27: 2.2497604 | BU27: 0.0038715221 | BV27: 0.54921791 | BW27: 80.91861 | BX27: 16.174184 | BY27: 1.051246 | BZ27: 1.1116239 | CA27: 0.19382304 | CB27: 0.55051321
A28: 2020 (p) | B28: Enero | C28: 60.952456 | D28: 29.209495 | E28: 2.6714671 | F28: 3.8421865 | G28: 0.60686551 | H28: 2.7175296 | I28: 29.348703 | J28: 51.793639 | K28: 5.194073 | L28: 7.9696987 | M28: 1.9196142 | N28: 3.7742718 | O28: 75.617278 | P28: 17.59617 | Q28: 1.801767 | R28: 4.1863005 | S28: 0.6805008 | T28: 0.11798377 | U28: 77.502702 | V28: 13.194226 | W28: 1.6209949 | X28: 3.4730815 | Y28: 0.47795785 | Z28: 3.7310381 | AA28: 71.445464 | AB28: 22.335956 | AC28: 2.5150476 | AD28: 1.839938 | AE28: 0.039891754 | AF28: 1.8237032 | AG28: 78.25076 | AH28: 18.029103 | AI28: 0.14761919 | AJ28: 2.9790124 | AK28: 0.011066677 | AL28: 0.58243865 | AM28: 59.773088 | AN28: 28.325215 | AO28: 3.3627461 | AP28: 3.1792567 | AQ28: 0.33191539 | AR28: 5.0277787 | AS28: 99.473505 | AT28: 0.017130361 | AU28: 0 | AV28: 0.34392495 | AW28: 0 | AX28: 0.16543976 | AY28: 43.760935 | AZ28: 43.00513 | BA28: 2.3959562 | BB28: 5.5293381 | BC28: 0.27813587 | BD28: 5.0305055 | BE28: 42.433836 | BF28: 49.622321 | BG28: 4.1855453 | BH28: 0.6933193 | BI28: 0.81121529 | BJ28: 2.2537633 | BK28: 44.921065 | BL28: 50.042892 | BM28: 1.1702431 | BN28: 2.143399 | BO28: 0 | BP28: 1.7224006 | BQ28: 59.425876 | BR28: 36.881787 | BS28: 1.36318 | BT28: 0.71405745 | BU28: 0 | BV28: 1.6151003 | BW28: 80.51049 | BX28: 14.242951 | BY28: 3.1030335 | BZ28: 0 | CA28: 0.026727248 | CB28: 2.1167981
B29: Febrero | C29: 56.108758 | D29: 33.547706 | E29: 2.8859727 | F29: 4.1596356 | G29: 0.61321518 | H29: 2.6847123 | I29: 25.846992 | J29: 56.377746 | K29: 5.3157081 | L29: 6.6105612 | M29: 2.0171732 | N29: 3.8318202 | O29: 73.858018 | P29: 17.848838 | Q29: 1.5793181 | R29: 5.1379039 | S29: 0.35736858 | T29: 1.2185539 | U29: 72.074178 | V29: 17.539336 | W29: 1.4859301 | X29: 5.2007336 | Y29: 0.40154205 | Z29: 3.2982794 | AA29: 68.657787 | AB29: 25.284111 | AC29: 2.3206173 | AD29: 2.0752736 | AE29: 0.099289907 | AF29: 1.5629207 | AG29: 74.783597 | AH29: 21.396413 | AI29: 0.26264134 | AJ29: 2.8727301 | AK29: 0.0086424864 | AL29: 0.67597664 | AM29: 53.977966 | AN29: 34.167259 | AO29: 3.4427902 | AP29: 3.6908892 | AQ29: 0.27070304 | AR29: 4.4503929 | AS29: 99.425058 | AT29: 0.069226191 | AU29: 0 | AV29: 0.42395343 | AW29: 0 | AX29: 0.081762448 | AY29: 39.013145 | AZ29: 47.147407 | BA29: 3.5934545 | BB29: 5.5158077 | BC29: 0.41346778 | BD29: 4.3167182 | BE29: 36.893696 | BF29: 53.939691 | BG29: 5.3307945 | BH29: 1.3862727 | BI29: 0.51841863 | BJ29: 1.9311265 | BK29: 40.955948 | BL29: 52.371392 | BM29: 1.896671 | BN29: 1.9408949 | BO29: 0.27824001 | BP29: 2.5568535 | BQ29: 50.512704 | BR29: 45.903108 | BS29: 1.2445812 | BT29: 1.4200742 | BU29: 0 | BV29: 0.91953192 | BW29: 76.731923 | BX29: 19.480588 | BY29: 2.2490278 | BZ29: 0.085689803 | CA29: 0.40867444 | CB29: 1.0440973
B30: Marzo | C30: 54.470461 | D30: 35.000269 | E30: 3.0762556 | F30: 4.1210083 | G30: 0.66153952 | H30: 2.6704664 | I30: 25.164271 | J30: 56.023993 | K30: 5.9570554 | L30: 6.4108733 | M30: 2.1597633 | N30: 4.2840444 | O30: 73.998429 | P30: 18.208103 | Q30: 1.4263046 | R30: 4.9260709 | S30: 0.30801781 | T30: 1.1330748 | U30: 69.234144 | V30: 20.261376 | W30: 1.594086 | X30: 5.6061916 | Y30: 0.422182 | Z30: 2.88202 | AA30: 67.397665 | AB30: 26.416196 | AC30: 2.1582843 | AD30: 2.3670978 | AE30: 0.12939025 | AF30: 1.5313659 | AG30: 73.372381 | AH30: 22.59985 | AI30: 0.6941285 | AJ30: 2.4795239 | AK30: 0.0080772591 | AL30: 0.84603936 | AM30: 51.566911 | AN30: 36.434476 | AO30: 3.7023533 | AP30: 3.7120566 | AQ30: 0.28405822 | AR30: 4.3001441 | AS30: 99.489615 | AT30: 0.074136878 | AU30: 0 | AV30: 0.34093965 | AW30: 0 | AX30: 0.09530813 | AY30: 36.464807 | AZ30: 50.188835 | BA30: 3.8592902 | BB30: 5.2496626 | BC30: 0.41007047 | BD30: 3.8273346 | BE30: 33.81112 | BF30: 56.981749 | BG30: 5.2240604 | BH30: 1.2713408 | BI30: 0.72362757 | BJ30: 1.9881022 | BK30: 38.850092 | BL30: 54.345049 | BM30: 1.8635913 | BN30: 2.0591634 | BO30: 0.32262225 | BP30: 2.5594824 | BQ30: 46.233918 | BR30: 50.348256 | BS30: 1.1611378 | BT30: 1.5425887 | BU30: 0 | BV30: 0.71409925 | BW30: 75.557359 | BX30: 21.345478 | BY30: 1.8997806 | BZ30: 0.093185439 | CA30: 0.31061813 | CB30: 0.79357922
B31: Abril | C31: 53.948774 | D31: 35.372064 | E31: 3.1818175 | F31: 4.0718261 | G31: 0.69118515 | H31: 2.7343337 | I31: 24.623293 | J31: 56.216399 | K31: 6.2509303 | L31: 6.2961215 | M31: 2.1519935 | N31: 4.4612626 | O31: 73.395216 | P31: 18.518311 | Q31: 1.4329425 | R31: 4.8854862 | S31: 0.47672021 | T31: 1.2913236 | U31: 68.921844 | V31: 20.620786 | W31: 1.5868954 | X31: 5.5809033 | Y31: 0.42055171 | Z31: 2.8690198 | AA31: 67.49584 | AB31: 26.397409 | AC31: 2.1261418 | AD31: 2.3243101 | AE31: 0.12881484 | AF31: 1.5274848 | AG31: 73.046607 | AH31: 22.912989 | AI31: 0.72156512 | AJ31: 2.4685148 | AK31: 0.0080413959 | AL31: 0.84228294 | AM31: 51.190487 | AN31: 36.743003 | AO31: 3.8311396 | AP31: 3.6570101 | AQ31: 0.28663785 | AR31: 4.2917227 | AS31: 99.489615 | AT31: 0.074136878 | AU31: 0 | AV31: 0.34093965 | AW31: 0 | AX31: 0.09530813 | AY31: 36.236088 | AZ31: 50.231326 | BA31: 4.058644 | BB31: 5.211268 | BC31: 0.40871348 | BD31: 3.8539602 | BE31: 32.969951 | BF31: 57.915787 | BG31: 5.178539 | BH31: 1.2350603 | BI31: 0.73341175 | BJ31: 1.9672511 | BK31: 38.202939 | BL31: 54.938808 | BM31: 1.9524989 | BN31: 2.0459676 | BO31: 0.33031052 | BP31: 2.5294764 | BQ31: 45.475276 | BR31: 51.162981 | BS31: 1.1420849 | BT31: 1.5172767 | BU31: 0 | BV31: 0.70238175 | BW31: 75.16422 | BX31: 21.754732 | BY31: 1.8898956 | BZ31: 0.092700577 | CA31: 0.30900192 | CB31: 0.78945008
B32: Mayo | C32: 53.100521 | D32: 35.948937 | E32: 3.2613705 | F32: 4.0185405 | G32: 0.68727918 | H32: 2.9833522 | I32: 24.107054 | J32: 56.316489 | K32: 6.2357264 | L32: 6.2112426 | M32: 2.1291064 | N32: 5.0003825 | O32: 72.327433 | P32: 18.840051 | Q32: 1.4472808 | R32: 4.8143877 | S32: 0.4741922 | T32: 2.0966555 | U32: 67.841145 | V32: 21.832093 | W32: 1.5951072 | X32: 5.4933943 | Y32: 0.41422722 | Z32: 2.8240334 | AA32: 67.215041 | AB32: 26.674642 | AC32: 2.116689 | AD32: 2.313017 | AE32: 0.12818896 | AF32: 1.5524225 | AG32: 72.477528 | AH32: 23.408639 | AI32: 0.80678605 | AJ32: 2.4492835 | AK32: 0.0079787485 | AL32: 0.84978478 | AM32: 50.356147 | AN32: 37.289914 | AO32: 4.1313547 | AP32: 3.599817 | AQ32: 0.27818572 | AR32: 4.3445816 | AS32: 99.489615 | AT32: 0.074136878 | AU32: 0 | AV32: 0.34093965 | AW32: 0 | AX32: 0.09530813 | AY32: 35.300034 | AZ32: 51.01272 | BA32: 4.3677181 | BB32: 5.0980291 | BC32: 0.39929554 | BD32: 3.8222033 | BE32: 32.092197 | BF32: 58.944937 | BG32: 5.0812863 | BH32: 1.2001021 | BI32: 0.76525131 | BJ32: 1.9162262 | BK32: 37.451124 | BL32: 55.75566 | BM32: 1.9126213 | BN32: 2.004181 | BO32: 0.33856397 | BP32: 2.5378497 | BQ32: 44.514497 | BR32: 52.194785 | BS32: 1.1179556 | BT32: 1.4852204 | BU32: 0 | BV32: 0.68754218 | BW32: 74.794434 | BX32: 22.095042 | BY32: 1.9252323 | BZ32: 0.092244517 | CA32: 0.30748172 | CB32: 0.78556621
B33: Junio | C33: 51.848062 | D33: 36.719644 | E33: 3.4912562 | F33: 3.9275188 | G33: 0.71234055 | H33: 3.3011782 | I33: 23.421789 | J33: 56.227226 | K33: 6.5001537 | L33: 6.0324291 | M33: 2.1769016 | N33: 5.6415004 | O33: 71.079667 | P33: 19.29921 | Q33: 1.5223686 | R33: 4.7313095 | S33: 0.53938195 | T33: 2.828063 | U33: 66.60808 | V33: 23.191879 | W33: 1.6194355 | X33: 5.3921849 | Y33: 0.40686039 | Z33: 2.7815604 | AA33: 66.489648 | AB33: 27.372782 | AC33: 2.0989431 | AD33: 2.2876097 | AE33: 0.12774692 | AF33: 1.62327 | AG33: 71.661065 | AH33: 24.232692 | AI33: 0.8006633 | AJ33: 2.4190225 | AK33: 0.0078801705 | AL33: 0.87867699 | AM33: 48.822275 | AN33: 37.840666 | AO33: 4.8704824 | AP33: 3.507134 | AQ33: 0.2901461 | AR33: 4.6692965 | AS33: 99.489615 | AT33: 0.074136878 | AU33: 0 | AV33: 0.34093965 | AW33: 0 | AX33: 0.09530813 | AY33: 34.06226 | AZ33: 52.34303 | BA33: 4.5327924 | BB33: 4.9296092 | BC33: 0.42852332 | BD33: 3.7037851 | BE33: 30.595349 | BF33: 60.009445 | BG33: 5.3434506 | BH33: 1.1418879 | BI33: 0.73471584 | BJ33: 2.1751519 | BK33: 36.168604 | BL33: 57.166677 | BM33: 1.8785927 | BN33: 1.9745094 | BO33: 0.35976631 | BP33: 2.4518498 | BQ33: 43.364686 | BR33: 53.46132 | BS33: 1.0783008 | BT33: 1.4325385 | BU33: 0 | BV33: 0.66315453 | BW33: 73.702987 | BX33: 22.67476 | BY33: 2.4542576 | BZ33: 0.090898428 | CA33: 0.30299476 | CB33: 0.77410274
B34: Julio | C34: 50.420672 | D34: 37.780312 | E34: 3.6968832 | F34: 3.8316442 | G34: 0.70265317 | H34: 3.5678362 | I34: 22.856903 | J34: 56.388133 | K34: 6.6484933 | L34: 5.9036186 | M34: 2.1407306 | N34: 6.0621208 | O34: 70.052345 | P34: 19.909905 | Q34: 1.5366106 | R34: 4.6721251 | S34: 0.53155131 | T34: 3.2974629 | U34: 64.545384 | V34: 25.402093 | W34: 1.6277356 | X34: 5.225114 | Y34: 0.39427796 | Z34: 2.8053956 | AA34: 65.35374 | AB34: 28.371643 | AC34: 2.1369429 | AD34: 2.2492878 | AE34: 0.12727366 | AF34: 1.761112 | AG34: 70.215102 | AH34: 25.625788 | AI34: 0.86471926 | AJ34: 2.3602959 | AK34: 0.0076888637 | AL34: 0.92640618 | AM34: 47.11865 | AN34: 38.31104 | AO34: 5.6871048 | AP34: 3.3865289 | AQ34: 0.30450884 | AR34: 5.192167 | AS34: 99.489615 | AT34: 0.074136878 | AU34: 0 | AV34: 0.34093965 | AW34: 0 | AX34: 0.09530813 | AY34: 32.479378 | AZ34: 54.017244 | BA34: 4.6799027 | BB34: 4.7238311 | BC34: 0.40878067 | BD34: 3.6908634 | BE34: 29.026001 | BF34: 61.316454 | BG34: 5.5359315 | BH34: 1.1688871 | BI34: 0.72176606 | BJ34: 2.23096 | BK34: 33.93607 | BL34: 59.70541 | BM34: 1.7960097 | BN34: 1.898402 | BO34: 0.35501943 | BP34: 2.3090895 | BQ34: 41.456392 | BR34: 55.43816 | BS34: 1.0837397 | BT34: 1.3694986 | BU34: 0 | BV34: 0.65220998 | BW34: 70.573426 | BX34: 25.506088 | BY34: 2.5840204 | BZ34: 0.087038718 | CA34: 0.40711659 | CB34: 0.84231018
